# Wavefront OBJ exported by MilkShape 3D

mtllib Piano.mtl

v -13.316658 7.891535 6.396576
v -21.119938 1.226902 6.250381
v -21.119938 1.226902 6.396576
v -13.316658 7.891535 6.250381
v -12.582434 7.031870 6.250381
v -20.385708 0.367260 6.396576
v -20.385708 0.367260 6.250381
v -12.582434 7.031870 6.396576
v -21.119938 1.226902 6.396576
v -12.582434 7.031870 6.396576
v -13.316658 7.891535 6.396576
v -20.385708 0.367260 6.396576
v 2.289882 21.220778 6.396576
v 2.289882 21.220778 6.250381
v -5.513391 14.556170 6.250381
v -5.513391 14.556170 6.396576
v -13.316658 7.891535 6.396576
v -13.316658 7.891535 6.250381
v 3.024107 20.361113 6.250381
v 3.024107 20.361113 6.396576
v -4.779160 13.696505 6.396576
v -4.779160 13.696505 6.250381
v -12.582434 7.031870 6.396576
v -12.582434 7.031870 6.250381
v -5.513391 14.556170 6.396576
v 3.024107 20.361113 6.396576
v 2.289882 21.220778 6.396576
v -4.779160 13.696505 6.396576
v -12.582434 7.031870 6.396576
v -13.316658 7.891535 6.396576
v 10.093156 27.885406 6.250381
v 2.289882 21.220778 6.396576
v 10.093156 27.885406 6.396576
v 2.289882 21.220778 6.250381
v -20.193451 0.174784 -16.023743
v -19.333549 0.968361 -14.807709
v -20.193451 0.174784 -14.807709
v -19.333549 0.968361 -16.023743
v -20.294071 -0.009607 -16.343262
v -20.093327 0.175667 -14.488220
v -20.294071 -0.009607 -14.488220
v -20.093327 0.175667 -16.343262
v -20.278595 0.376415 -16.343262
v -20.479336 0.191141 -14.488220
v -20.278595 0.376415 -14.488220
v -20.479336 0.191141 -16.343262
v -20.294071 -0.009607 -16.343262
v -20.278595 0.376415 -16.343262
v -20.093327 0.175667 -16.343262
v -20.479336 0.191141 -16.343262
v -20.294071 -0.009607 -14.488220
v -20.479336 0.191141 -16.343262
v -20.294071 -0.009607 -16.343262
v -20.479336 0.191141 -14.488220
v -20.093327 0.175667 -14.488220
v -20.479336 0.191141 -14.488220
v -20.294071 -0.009607 -14.488220
v -20.278595 0.376415 -14.488220
v -20.093327 0.175667 -16.343262
v -20.278595 0.376415 -14.488220
v -20.093327 0.175667 -14.488220
v -20.278595 0.376415 -16.343262
v -20.385708 0.367260 6.250381
v -21.119938 1.226902 6.396576
v -21.119938 1.226902 6.250381
v -20.385708 0.367260 6.396576
v 3.024107 20.361113 6.396576
v 10.093156 27.885406 6.396576
v 2.289882 21.220778 6.396576
v 10.827377 27.025749 6.396576
v 10.827377 27.025749 6.250381
v 10.093156 27.885406 6.396576
v 10.827377 27.025749 6.396576
v 10.093156 27.885406 6.250381
v 10.827377 27.025749 6.396576
v 3.024107 20.361113 6.250381
v 10.827377 27.025749 6.250381
v 3.024107 20.361113 6.396576
v -20.193451 0.174784 2.810287
v -19.333549 0.968361 4.026276
v -20.193451 0.174784 4.026276
v -19.333549 0.968361 2.810287
v -20.294071 -0.009607 2.490753
v -20.093327 0.175667 4.345795
v -20.294071 -0.009607 4.345795
v -20.093327 0.175667 2.490753
v -20.278595 0.376415 2.490753
v -20.479336 0.191141 4.345795
v -20.278595 0.376415 4.345795
v -20.479336 0.191141 2.490753
v -20.294071 -0.009607 2.490753
v -20.278595 0.376415 2.490753
v -20.093327 0.175667 2.490753
v -20.479336 0.191141 2.490753
v -20.294071 -0.009607 4.345795
v -20.479336 0.191141 2.490753
v -20.294071 -0.009607 2.490753
v -20.479336 0.191141 4.345795
v -20.093327 0.175667 4.345795
v -20.479336 0.191141 4.345795
v -20.294071 -0.009607 4.345795
v -20.278595 0.376415 4.345795
v -20.093327 0.175667 2.490753
v -20.278595 0.376415 4.345795
v -20.093327 0.175667 4.345795
v -20.278595 0.376415 2.490753
v -21.119938 1.226902 6.250381
v -12.582434 7.031870 6.250381
v -20.385708 0.367260 6.250381
v -13.316658 7.891535 6.250381
v -4.779160 13.696505 6.250381
v 2.289882 21.220778 6.250381
v 3.024107 20.361113 6.250381
v -5.513391 14.556170 6.250381
v -13.316658 7.891535 6.250381
v -12.582434 7.031870 6.250381
v -5.187860 14.098238 6.297684
v -21.002747 0.707388 6.297684
v -20.771351 0.788664 6.297684
v -5.245311 14.165495 6.297684
v 10.395630 27.407791 6.297684
v 10.512121 27.623604 6.297684
v -5.187860 14.098238 6.297684
v 10.463410 27.465675 6.184860
v 10.395630 27.407791 6.297684
v 10.463410 27.465675 -5.288315
v -5.187860 14.098238 -5.288315
v -20.771351 0.788664 6.297684
v -20.839127 0.730776 -5.288315
v -20.839127 0.730776 6.184860
v 10.580652 27.682159 -5.518066
v 10.463410 27.465675 -5.288315
v -5.187860 14.098238 -5.288315
v -5.245309 14.165495 -5.518066
v -20.839127 0.730776 -5.288315
v -21.071281 0.648832 -5.518066
v -21.383934 1.295662 6.297684
v -21.002747 0.707388 6.297684
v -5.245311 14.165495 6.297684
v -5.696611 14.693903 6.297684
v 10.512121 27.623604 6.297684
v 9.990700 28.092148 6.297684
v -5.696611 14.693903 6.297684
v -21.452160 1.237392 6.184860
v -21.383934 1.295662 6.297684
v -5.696611 14.693903 6.184860
v 10.058931 28.150414 6.184860
v 9.990700 28.092148 6.297684
v -5.696611 14.693903 6.184860
v -21.452164 1.237392 -5.406097
v -21.452160 1.237392 6.184860
v -5.696611 14.693903 -5.406097
v 10.058931 28.150414 -5.406097
v 10.058931 28.150414 6.184860
v -21.071281 0.648832 -5.518066
v -21.452164 1.237392 -5.406097
v -5.696611 14.693903 -5.406097
v -5.245309 14.165495 -5.518066
v 10.058931 28.150414 -5.406097
v 10.580652 27.682159 -5.518066
v 3.024107 20.361113 6.250381
v 10.093156 27.885406 6.250381
v 10.827377 27.025749 6.250381
v 2.289882 21.220778 6.250381
v -20.645390 -0.055624 6.297684
v 11.288870 27.218819 6.184860
v 11.189238 27.133705 6.297684
v 11.294299 27.223442 -0.845337
v 11.238888 27.176094 -2.062469
v 10.834127 26.830414 -3.501038
v 10.221895 26.307518 -4.646164
v 8.945727 25.217552 -6.000336
v 7.342932 23.848656 -7.353210
v 5.664497 22.415115 -8.891251
v 4.739782 21.625328 -10.009628
v 4.004372 20.997236 -11.277405
v 2.864230 20.023466 -13.953003
v 2.027531 19.308878 -16.593231
v 1.213457 18.613577 -19.407410
v -20.752300 -0.146961 -17.461456
v 0.440909 17.953753 -22.644379
v -20.605572 -0.021624 -21.514221
v -0.254678 17.359686 -25.118256
v -20.201988 0.323057 -23.976990
v -1.141229 16.602491 -27.093689
v -20.751801 -0.146509 6.185852
v -19.580662 0.853729 -25.902649
v -18.710285 1.597094 -27.620117
v -2.246467 15.658522 -28.785522
v -3.399020 14.674162 -30.058197
v -17.665596 2.489351 -29.036530
v -16.359436 3.604914 -30.283112
v -14.671138 5.046844 -31.448303
v -4.826198 13.455225 -31.126465
v -6.469847 12.051416 -32.028107
v -12.827177 6.621742 -32.221222
v -10.721128 8.420467 -32.575134
v -8.311116 10.478830 -32.511719
v -13.233595 7.219099 -31.861084
v -8.800915 11.004972 -32.145569
v -11.174467 8.977770 -32.208344
v -15.019789 5.693556 -31.113708
v -7.007181 12.536955 -31.671722
v -16.683731 4.272413 -29.967834
v -5.417399 13.894747 -30.796478
v -17.965519 3.177643 -28.740540
v -18.965656 2.323462 -27.376770
v -4.042476 15.069056 -29.771790
v -19.815971 1.597214 -25.697754
v -20.417233 1.083685 -23.810669
v -2.919614 16.028070 -28.539368
v -1.844054 16.946672 -26.887695
v -0.988417 17.677450 -25.008636
v -0.301793 18.263887 -22.591400
v -20.796925 0.759411 -21.438904
v 0.470568 18.923544 -19.357391
v 1.290713 19.624041 -16.501373
v -20.940018 0.637197 -17.447144
v 2.142717 20.351721 -13.799683
v -20.939522 0.637627 6.184860
v -20.833115 0.728487 6.297684
v 3.295761 21.336508 -11.095856
v 4.037613 21.970108 -9.813980
v 4.968783 22.765396 -8.681488
v 6.673346 24.221230 -7.100494
v 8.268470 25.583603 -5.756668
v 9.536973 26.666992 -4.411514
v 10.104109 27.151390 -3.367813
v 10.501295 27.490616 -1.977158
v 10.549143 27.531479 -0.807953
v 10.444542 27.442123 6.297684
v 10.544134 27.527191 6.184860
v -20.839127 0.730776 6.184860
v -21.071281 0.648832 -5.518066
v -20.839127 0.730776 -5.288315
v -21.071281 0.648832 6.184860
v -21.452160 1.237392 6.184860
v -21.071281 0.648832 -5.518066
v -21.071281 0.648832 6.184860
v -21.452164 1.237392 -5.406097
v 10.512121 27.623604 6.297684
v 10.463410 27.465675 6.184860
v 10.580652 27.682159 6.184860
v 10.395630 27.407791 6.297684
v 9.990700 28.092148 6.297684
v 10.580652 27.682159 6.184860
v 10.058931 28.150414 6.184860
v 10.512121 27.623604 6.297684
v -21.002747 0.707388 6.297684
v -21.452160 1.237392 6.184860
v -21.071281 0.648832 6.184860
v -21.383934 1.295662 6.297684
v -20.771351 0.788664 6.297684
v -21.071281 0.648832 6.184860
v -20.839127 0.730776 6.184860
v -21.002747 0.707388 6.297684
v 10.580652 27.682159 6.184860
v 10.463410 27.465675 -5.288315
v 10.580652 27.682159 -5.518066
v 10.463410 27.465675 6.184860
v 10.580652 27.682159 -5.518066
v 10.058931 28.150414 6.184860
v 10.580652 27.682159 6.184860
v 10.058931 28.150414 -5.406097
v -14.377456 5.397415 -30.219330
v -14.247084 4.855251 -30.410065
v -14.050775 5.029583 -30.219330
v -14.573760 5.223083 -30.410065
v -14.181154 5.571747 -30.410065
v -14.050775 5.029583 -30.219330
v -13.854473 5.203915 -30.410065
v -14.377456 5.397415 -30.219330
v -14.256134 5.505180 -30.718719
v -13.854473 5.203915 -30.410065
v -13.929456 5.137323 -30.718719
v -14.181154 5.571747 -30.410065
v -14.498782 5.289675 -30.718719
v -13.929456 5.137323 -30.718719
v -14.172101 4.921843 -30.718719
v -14.256134 5.505180 -30.718719
v -14.573760 5.223083 -30.410065
v -14.172101 4.921843 -30.718719
v -14.247084 4.855251 -30.410065
v -14.498782 5.289675 -30.718719
v -1.131366 16.647577 -24.371765
v -1.000989 16.105391 -24.562500
v -0.804684 16.279745 -24.371765
v -1.327676 16.473246 -24.562500
v -0.935065 16.821909 -24.562500
v -0.804684 16.279745 -24.371765
v -0.608391 16.454077 -24.562500
v -1.131366 16.647577 -24.371765
v -1.010049 16.755320 -24.871155
v -0.608391 16.454077 -24.562500
v -0.683368 16.387487 -24.871155
v -0.935065 16.821909 -24.562500
v -1.252692 16.539812 -24.871155
v -0.683368 16.387487 -24.871155
v -0.926013 16.171980 -24.871155
v -1.010049 16.755320 -24.871155
v -1.327676 16.473246 -24.562500
v -0.926013 16.171980 -24.871155
v -1.000989 16.105391 -24.562500
v -1.252692 16.539812 -24.871155
v 3.030837 20.287416 -10.152725
v 3.161210 19.745230 -10.343506
v 3.357516 19.919561 -10.152725
v 2.834532 20.113062 -10.343506
v 3.227140 20.461748 -10.343506
v 3.357516 19.919561 -10.152725
v 3.553820 20.093893 -10.343506
v 3.030837 20.287416 -10.152725
v 3.152159 20.395159 -10.652161
v 3.553820 20.093893 -10.343506
v 3.478835 20.027304 -10.652161
v 3.227140 20.461748 -10.343506
v 2.909514 20.179651 -10.652161
v 3.478835 20.027304 -10.652161
v 3.236192 19.811819 -10.652161
v 3.152159 20.395159 -10.652161
v 2.834532 20.113062 -10.343506
v 3.236192 19.811819 -10.652161
v 3.161210 19.745230 -10.343506
v 2.909514 20.179651 -10.652161
v 7.705913 23.645355 2.474121
v 7.277051 24.023865 2.805237
v 7.345361 24.080467 2.474121
v 7.637593 23.588730 2.805237
v 7.345361 24.080467 3.136353
v 7.705913 23.645355 3.136353
v 7.532001 24.235130 3.378723
v 7.892550 23.799988 3.378723
v 7.786960 24.446388 3.467468
v 8.147509 24.011253 3.467468
v 8.041916 24.657654 3.378723
v 8.402461 24.222519 3.378723
v 8.228556 24.812294 3.136353
v 8.589098 24.377182 3.136353
v 8.296868 24.868889 2.805237
v 8.657417 24.433777 2.805237
v 8.228556 24.812294 2.474121
v 8.589098 24.377182 2.474121
v 8.041913 24.657631 2.231735
v 8.402461 24.222519 2.231735
v 7.786960 24.446388 2.143005
v 8.147509 24.011253 2.143005
v 7.532001 24.235107 2.231735
v 7.892555 23.799988 2.231735
v 7.345361 24.080467 2.474121
v 7.705913 23.645355 2.474121
v 5.254257 21.443487 2.474121
v 4.707066 21.723961 2.231735
v 4.893705 21.878624 2.474121
v 5.067616 21.288847 2.231735
v 4.452112 21.512695 2.143005
v 4.812661 21.077585 2.143005
v 4.197157 21.301435 2.231735
v 4.557708 20.866323 2.231735
v 4.010518 21.146772 2.474121
v 4.371068 20.711660 2.474121
v 3.942204 21.090174 2.805237
v 4.302752 20.655058 2.805237
v 4.010518 21.146772 3.136353
v 4.371068 20.711660 3.136353
v 4.197157 21.301458 3.378723
v 4.557708 20.866323 3.378723
v 4.452112 21.512695 3.467468
v 4.812661 21.077585 3.467468
v 4.707066 21.723961 3.378723
v 5.067616 21.288847 3.378723
v 4.893705 21.878624 3.136353
v 5.254257 21.443487 3.136353
v 4.962018 21.935226 2.805237
v 5.322570 21.500107 2.805237
v 4.893705 21.878624 2.474121
v 5.254257 21.443487 2.474121
v 3.534886 21.402643 -11.223999
v 4.037613 21.970108 -9.813980
v 4.272288 22.032402 -9.952164
v 3.295761 21.336508 -11.095856
v 2.390750 20.425558 -13.907837
v 2.142717 20.351721 -13.799683
v 1.549995 19.707273 -16.566284
v 1.290713 19.624041 -16.501373
v 0.734219 19.010496 -19.392761
v 0.470568 18.923544 -19.357391
v -0.038327 18.350695 -22.628845
v -0.301793 18.263887 -22.591400
v -0.731596 17.758749 -25.086029
v -0.988417 17.677450 -25.008636
v -1.610265 17.008924 -27.032288
v -1.844054 16.946672 -26.887695
v -2.706251 16.072607 -28.712555
v -2.919614 16.028070 -28.539368
v -3.849529 15.095877 -29.973694
v -4.042476 15.069056 -29.771790
v -5.261201 13.890123 -31.029236
v -5.417399 13.894747 -30.796478
v -6.888971 12.499857 -31.923157
v -7.007181 12.536955 -31.671722
v -8.716157 10.939169 -32.404175
v -8.800915 11.004972 -32.145569
v -11.115446 8.889936 -32.467529
v -11.174467 8.977770 -32.208344
v -13.207750 7.103157 -32.115082
v -13.233595 7.219099 -31.861084
v -15.034688 5.542803 -31.349701
v -15.019789 5.693556 -31.113708
v -16.715839 4.106928 -30.190277
v -16.683731 4.272413 -29.967834
v -18.014832 2.997446 -28.949463
v -17.965519 3.177643 -28.740540
v -19.046295 2.116632 -27.548309
v -18.965656 2.323462 -27.376770
v -19.910702 1.378393 -25.842163
v -19.815971 1.597214 -25.697754
v -20.526062 0.852871 -23.927795
v -20.417233 1.083685 -23.810669
v -20.922626 0.514126 -21.492004
v -20.796925 0.759411 -21.438904
v -21.068733 0.388979 -17.457245
v -20.940018 0.637197 -17.447144
v -21.057812 0.418257 6.184860
v -20.939522 0.637627 6.184860
v -20.950363 0.512028 6.297684
v -20.833115 0.728487 6.297684
v 10.676480 27.523849 6.297684
v 10.444542 27.442123 6.297684
v 10.779062 27.609489 6.184860
v 10.544134 27.527191 6.184860
v 10.813948 27.619598 -0.834381
v 10.549143 27.531479 -0.807953
v 10.760356 27.574013 -2.037140
v 10.501295 27.490616 -1.977158
v 10.357416 27.230072 -3.461517
v 10.104109 27.151390 -3.367813
v 9.758669 26.718643 -4.576538
v 9.536973 26.666992 -4.411514
v 8.485150 25.630737 -5.928375
v 8.268470 25.583603 -5.756668
v 6.885014 24.263885 -7.278931
v 6.673346 24.221230 -7.100494
v 5.199000 22.823837 -8.829697
v 4.968783 22.765396 -8.681488
v 4.739782 21.625328 -10.009628
v 3.534886 21.402643 -11.223999
v 4.272288 22.032402 -9.952164
v 4.004372 20.997236 -11.277405
v 2.390750 20.425558 -13.907837
v 2.864230 20.023466 -13.953003
v 1.549995 19.707273 -16.566284
v 2.027531 19.308878 -16.593231
v 0.734219 19.010496 -19.392761
v 5.199000 22.823837 -8.829697
v 5.664497 22.415115 -8.891251
v 7.342932 23.848656 -7.353210
v 6.885014 24.263885 -7.278931
v 8.945727 25.217552 -6.000336
v 8.485150 25.630737 -5.928375
v 9.758669 26.718643 -4.576538
v 10.221895 26.307518 -4.646164
v 10.834127 26.830414 -3.501038
v 10.357416 27.230072 -3.461517
v 11.238888 27.176094 -2.062469
v 10.760356 27.574013 -2.037140
v 10.813948 27.619598 -0.834381
v 11.294299 27.223442 -0.845337
v 10.779062 27.609489 6.184860
v 11.288870 27.218819 6.184860
v 10.676480 27.523849 6.297684
v 11.189238 27.133705 6.297684
v -20.645390 -0.055624 6.297684
v -20.950363 0.512028 6.297684
v -21.057812 0.418257 6.184860
v -20.751801 -0.146509 6.185852
v -21.068733 0.388979 -17.457245
v -20.752300 -0.146961 -17.461456
v -20.605572 -0.021624 -21.514221
v -20.922626 0.514126 -21.492004
v -20.201988 0.323057 -23.976990
v -20.526062 0.852871 -23.927795
v -19.580662 0.853729 -25.902649
v -19.910702 1.378393 -25.842163
v -19.046295 2.116632 -27.548309
v -18.710285 1.597094 -27.620117
v -17.665596 2.489351 -29.036530
v -18.014832 2.997446 -28.949463
v -16.359436 3.604914 -30.283112
v -16.715839 4.106928 -30.190277
v -15.034688 5.542803 -31.349701
v -14.671138 5.046844 -31.448303
v -12.827177 6.621742 -32.221222
v -13.207750 7.103157 -32.115082
v -10.721128 8.420467 -32.575134
v -11.115446 8.889936 -32.467529
v -8.311116 10.478830 -32.511719
v -8.716157 10.939169 -32.404175
v -6.469847 12.051416 -32.028107
v -6.888971 12.499857 -31.923157
v -4.826198 13.455225 -31.126465
v -5.261201 13.890123 -31.029236
v -3.399020 14.674162 -30.058197
v -3.849529 15.095877 -29.973694
v -2.246467 15.658522 -28.785522
v -2.706251 16.072607 -28.712555
v -1.610265 17.008924 -27.032288
v -1.141229 16.602491 -27.093689
v -0.254678 17.359686 -25.118256
v -0.731596 17.758749 -25.086029
v 0.440909 17.953753 -22.644379
v -0.038327 18.350695 -22.628845
v 1.213457 18.613577 -19.407410
v -14.050775 5.029583 -30.219330
v -14.247084 4.855251 -30.410065
v -14.050775 5.029583 -30.495361
v -14.172101 4.921843 -30.718719
v -13.929456 5.137323 -30.718719
v -13.854473 5.203915 -30.410065
v -0.804684 16.279745 -24.371765
v -1.000989 16.105391 -24.562500
v -0.804684 16.279745 -24.647827
v -0.926013 16.171980 -24.871155
v -0.683368 16.387487 -24.871155
v -0.608391 16.454077 -24.562500
v 3.357516 19.919561 -10.152725
v 3.161210 19.745230 -10.343506
v 3.357516 19.919561 -10.428818
v 3.236192 19.811819 -10.652161
v 3.478835 20.027304 -10.652161
v 3.553820 20.093893 -10.343506
v 7.705913 23.645355 3.136353
v 7.637593 23.588730 2.805237
v 8.147509 24.011253 2.805237
v 7.705913 23.645355 2.474121
v 7.892555 23.799988 2.231735
v 8.147509 24.011253 2.143005
v 8.402461 24.222519 2.231735
v 8.589098 24.377182 2.474121
v 8.657417 24.433777 2.805237
v 8.589098 24.377182 3.136353
v 8.402461 24.222519 3.378723
v 8.147509 24.011253 3.467468
v 7.892550 23.799988 3.378723
v 4.371068 20.711660 3.136353
v 4.302752 20.655058 2.805237
v 4.812661 21.077585 2.805237
v 4.371068 20.711660 2.474121
v 4.557708 20.866323 2.231735
v 4.812661 21.077585 2.143005
v 5.067616 21.288847 2.231735
v 5.254257 21.443487 2.474121
v 5.322570 21.500107 2.805237
v 5.254257 21.443487 3.136353
v 5.067616 21.288847 3.378723
v 4.812661 21.077585 3.467468
v 4.557708 20.866323 3.378723
v -0.993443 7.431555 13.701538
v -2.267791 7.387209 13.676788
v -2.267791 0.268602 17.091507
v -0.993443 0.312925 17.116257
v 0.280903 7.455851 13.682220
v 0.280903 0.337219 17.096985
v 1.496398 7.382107 13.528915
v 1.496397 0.263500 16.943634
v 2.711895 7.148050 13.023468
v 2.711891 0.029444 16.438202
v 3.984030 7.386303 13.537872
v 3.984031 0.267696 16.952606
v 5.256166 7.464243 13.700195
v 5.256171 0.345612 17.114929
v 6.337443 7.386303 13.537872
v 6.337446 0.267696 16.952606
v 7.418719 7.148050 13.023468
v 7.418719 0.029421 16.438202
v -5.885274 7.443619 13.177765
v -6.396221 7.374788 13.037445
v -6.396221 7.411718 13.112778
v -5.885274 7.342911 12.972397
v -1.385308 7.311010 12.907349
v -1.385308 7.475496 13.242813
v -5.885274 7.342911 12.972397
v -6.396221 0.111961 16.606476
v -6.396221 7.374788 13.037445
v -5.885274 0.080084 16.541428
v -5.885274 0.080084 16.541428
v -6.396221 0.148893 16.681854
v -6.396221 0.111961 16.606476
v -5.885274 0.180769 16.746902
v -1.385308 0.212669 16.811890
v -1.385308 0.048208 16.476440
v -5.885274 7.443619 13.177765
v -6.396221 0.148893 16.681854
v -5.885274 0.180769 16.746902
v -6.396221 7.411718 13.112778
v -1.385308 0.048208 16.476440
v -1.385308 7.475496 13.242813
v -1.385308 0.212669 16.811890
v -1.385308 7.311010 12.907349
v -6.396221 7.374788 13.037445
v -6.396221 0.148893 16.681854
v -6.396221 7.411718 13.112778
v -6.396221 0.111961 16.606476
v -1.385308 7.475496 13.242813
v -5.885274 0.180769 16.746902
v -1.385308 0.212669 16.811890
v -5.885274 7.443619 13.177765
v -5.898335 7.471991 13.235657
v -6.396226 0.148893 16.681854
v -5.898335 0.209141 16.804749
v -6.396221 7.411718 13.112778
v -5.898335 0.209141 16.804749
v -1.439739 7.556152 13.407379
v -5.898335 7.471991 13.235657
v -1.439739 0.293303 16.976440
v -9.074758 0.405884 15.489197
v 0.461727 -0.918388 16.096771
v -9.074762 -0.918388 16.096771
v 9.998208 0.405884 15.489197
v 9.998208 -0.918388 16.096771
v 9.998208 -0.918388 16.096771
v 9.998211 0.211096 17.171143
v 9.998211 -0.318623 17.414185
v 9.998208 -0.222136 16.216461
v 9.998208 0.572443 15.851929
v 9.998208 0.405884 15.489197
v 9.657117 1.297617 15.097229
v 9.657117 1.457787 15.446091
v 9.481334 2.189350 14.705322
v 9.481334 2.343130 15.040253
v 9.481334 3.972864 13.921494
v 9.481334 4.113865 14.228577
v 9.705757 5.756330 13.137665
v 9.705757 5.884552 13.416901
v 9.809975 6.202221 12.941681
v 9.809975 6.327248 13.214020
v 10.027524 6.743979 12.704269
v 10.027524 6.865717 12.965485
v 9.903292 7.267952 12.473572
v 9.903292 7.386042 12.728027
v -8.740925 1.297617 15.097229
v 0.461727 -0.918388 16.096771
v -9.074758 0.405884 15.489197
v -8.557878 2.189350 14.705322
v -8.557878 3.972864 13.921539
v -8.782291 5.756330 13.137665
v -8.886514 6.202221 12.941681
v -7.136964 7.539845 12.353790
v -4.726933 7.735920 12.264526
v -2.471452 8.004236 12.147278
v -0.889344 7.778025 12.247894
v -0.138711 7.539845 12.353790
v 0.461727 7.745790 12.262238
v 1.062166 7.539845 12.353790
v 1.812798 7.778025 12.247894
v 3.394913 8.004236 12.147278
v 5.650382 7.735920 12.264526
v 8.060412 7.539845 12.353790
v 9.809975 6.202221 12.941681
v 9.705757 5.756330 13.137665
v 9.481334 3.972864 13.921494
v 9.481334 2.189350 14.705322
v 9.657117 1.297617 15.097229
v 9.998208 0.405884 15.489197
v -9.104069 6.743979 12.704269
v -7.846992 7.721996 12.272827
v -8.979840 7.267952 12.473541
v -8.523372 7.634211 12.311829
v 8.770445 7.721996 12.272827
v 10.027524 6.743979 12.704269
v 9.446829 7.634188 12.311829
v 9.903292 7.267952 12.473572
v 0.461727 -0.063038 16.298187
v -8.964839 0.713682 15.941803
v -8.960004 -0.063038 16.298187
v -8.635834 1.577688 15.545792
v -8.455228 2.441717 15.149734
v -8.455606 4.168104 14.358368
v -8.675054 5.896568 13.566101
v -8.776746 6.328821 13.367935
v -7.069249 7.624174 12.774170
v -7.762200 7.803202 12.694595
v -8.989113 6.853914 13.125610
v -8.423505 7.718325 12.732315
v -8.868974 7.362509 12.893478
v -4.687364 7.820440 12.684814
v -2.516190 8.077574 12.572571
v -0.971737 7.857180 12.670563
v -0.239619 7.624626 12.773987
v 0.461727 7.825470 12.684677
v 1.163071 7.624626 12.773987
v 1.895191 7.857180 12.670563
v 3.439643 8.077574 12.572571
v 5.610815 7.820440 12.684814
v 7.992702 7.624197 12.774170
v 9.700204 6.328821 13.367935
v 9.912571 6.853914 13.125610
v 8.685650 7.803202 12.694595
v 9.792427 7.362509 12.893478
v 9.346957 7.718325 12.732315
v 9.598511 5.896568 13.566101
v 9.379063 4.168104 14.358368
v 9.378678 2.441717 15.149734
v 9.552021 1.577688 15.545792
v 9.888290 0.713682 15.941803
v 9.883446 -0.063038 16.298187
v -9.074764 0.211096 17.171143
v -8.960004 -0.063038 16.298187
v -9.074762 -0.222136 16.216461
v -8.954997 0.282764 17.023941
v 0.461727 0.211096 17.171143
v 0.461727 0.282764 17.023941
v 9.878446 0.282764 17.023941
v 9.998211 0.211096 17.171143
v 9.883446 -0.063038 16.298187
v 9.998208 -0.222136 16.216461
v -9.074762 -0.222136 16.216461
v -8.960004 -0.063038 16.298187
v -8.964839 0.713682 15.941803
v -9.074758 0.572443 15.851929
v -8.635834 1.577688 15.545792
v -8.740925 1.457787 15.446091
v -8.455228 2.441717 15.149734
v -8.557878 2.343130 15.040253
v -8.557878 4.113865 14.228622
v -8.455606 4.168104 14.358368
v -8.782291 5.884577 13.416901
v -8.675054 5.896568 13.566101
v -8.776746 6.328821 13.367935
v -8.886514 6.327248 13.214020
v -9.104069 6.865717 12.965439
v -8.989113 6.853914 13.125610
v -8.979840 7.386042 12.728027
v -8.868974 7.362509 12.893478
v -8.523372 7.750654 12.562836
v -8.423505 7.718325 12.732315
v -7.846992 7.838869 12.523590
v -7.762200 7.803202 12.694595
v -7.136964 7.655287 12.605225
v -7.069249 7.624174 12.774170
v -4.687364 7.820440 12.684814
v -4.726933 7.851362 12.515961
v -2.471452 8.119678 12.398712
v -2.516190 8.077574 12.572571
v -0.889344 7.893467 12.499329
v -0.971737 7.857180 12.670563
v -0.239619 7.624626 12.773987
v -0.138716 7.655287 12.605225
v 0.461727 7.825470 12.684677
v 0.461727 7.861233 12.513641
v 1.062166 7.655287 12.605225
v 1.163071 7.624626 12.773987
v 1.812798 7.893467 12.499329
v 1.895191 7.857180 12.670563
v 3.439643 8.077574 12.572571
v 3.394913 8.119678 12.398712
v 5.610815 7.820440 12.684814
v 5.650382 7.851362 12.515961
v 8.060412 7.655287 12.605225
v 7.992702 7.624197 12.774170
v 8.770445 7.838869 12.523590
v 8.685650 7.803202 12.694595
v 9.446829 7.750654 12.562836
v 9.346957 7.718325 12.732315
v 9.903292 7.386042 12.728027
v 9.792427 7.362509 12.893478
v 9.912571 6.853914 13.125610
v 10.027524 6.865717 12.965485
v 9.700204 6.328821 13.367935
v 9.809975 6.327248 13.214020
v 9.705757 5.884552 13.416901
v 9.598511 5.896568 13.566101
v 9.379063 4.168104 14.358368
v 9.481334 4.113865 14.228577
v 9.378678 2.441717 15.149734
v 9.481334 2.343130 15.040253
v 9.657117 1.457787 15.446091
v 9.552021 1.577688 15.545792
v 9.998208 0.572443 15.851929
v 9.888290 0.713682 15.941803
v 9.998208 -0.222136 16.216461
v 9.883446 -0.063038 16.298187
v -9.104069 6.743979 12.704269
v -8.979840 7.386042 12.728027
v -8.979840 7.267952 12.473541
v -9.104069 6.865717 12.965439
v -8.886514 6.202221 12.941681
v -8.886514 6.327248 13.214020
v -8.782291 5.884577 13.416901
v -8.782291 5.756330 13.137665
v -8.557878 4.113865 14.228622
v -8.557878 3.972864 13.921539
v -8.557878 2.343130 15.040253
v -8.557878 2.189350 14.705322
v -8.740925 1.457787 15.446091
v -8.740925 1.297617 15.097229
v -9.074758 0.572443 15.851929
v -9.074758 0.405884 15.489197
v -9.074762 -0.918388 16.096771
v -9.074762 -0.222136 16.216461
v -9.074764 0.211096 17.171143
v -9.074762 -0.318623 17.414185
v -8.523372 7.750654 12.562836
v -8.979840 7.267952 12.473541
v -8.979840 7.386042 12.728027
v -8.523372 7.634211 12.311829
v -7.846992 7.838869 12.523590
v -7.846992 7.721996 12.272827
v -7.136964 7.655287 12.605225
v -7.136964 7.539845 12.353790
v -4.726933 7.851362 12.515961
v -4.726933 7.735920 12.264526
v -2.471452 8.119678 12.398712
v -2.471452 8.004236 12.147278
v -0.889344 7.893467 12.499329
v -0.889344 7.778025 12.247894
v -0.138716 7.655287 12.605225
v -0.138711 7.539845 12.353790
v 0.461727 7.861233 12.513641
v 0.461727 7.745790 12.262238
v 1.062166 7.539845 12.353790
v 1.062166 7.655287 12.605225
v 1.812798 7.778025 12.247894
v 1.812798 7.893467 12.499329
v 3.394913 8.119678 12.398712
v 3.394913 8.004236 12.147278
v 5.650382 7.851362 12.515961
v 5.650382 7.735920 12.264526
v 8.060412 7.539845 12.353790
v 8.060412 7.655287 12.605225
v 8.770445 7.838869 12.523590
v 8.770445 7.721996 12.272827
v 9.446829 7.750654 12.562836
v 9.446829 7.634188 12.311829
v 9.903292 7.386042 12.728027
v 9.903292 7.267952 12.473572
v 0.461727 -0.918388 16.096771
v -9.074762 -0.318623 17.414185
v -9.074762 -0.918388 16.096771
v 0.461727 -0.318623 17.414185
v 9.998211 -0.318623 17.414185
v 9.998208 -0.918388 16.096771
v -8.960004 -0.063038 16.298187
v -8.954997 0.282764 17.023941
v 0.461727 0.282764 17.023941
v 0.461727 -0.063038 16.298187
v 9.883446 -0.063038 16.298187
v 9.878446 0.282764 17.023941
v -9.074764 0.211096 17.171143
v -9.074762 -0.318623 17.414185
v 0.461727 -0.318623 17.414185
v 0.461727 0.211096 17.171143
v 9.998211 0.211096 17.171143
v 9.998211 -0.318623 17.414185
v -1.385308 0.048208 16.476440
v -5.885274 7.342911 12.972397
v -1.385308 7.311010 12.907349
v -5.885274 0.080084 16.541428
v 16.073360 3.216578 3.302002
v 16.396809 2.845358 3.572693
v 16.485592 2.900480 3.468231
v 19.968426 -2.832866 3.655380
v 20.065483 -2.772593 3.541138
v 15.491533 2.855301 3.302002
v 15.597782 2.349234 3.468231
v 15.686563 2.404356 3.572693
v 19.094913 -3.375244 3.541138
v 19.191971 -3.314972 3.655380
v 15.491533 2.855301 2.068375
v 15.686563 2.404356 1.799057
v 15.597782 2.349234 1.903580
v 19.191971 -3.314972 1.716415
v 19.094913 -3.375244 1.830673
v 16.073360 3.216578 2.068375
v 16.485592 2.900480 1.903580
v 16.396809 2.845358 1.799057
v 20.065491 -2.772593 1.830673
v 19.968426 -2.832866 1.716415
v 9.844914 -0.375271 16.185898
v 9.941973 -0.314999 17.155365
v 9.844914 -0.375271 17.041107
v 10.718428 0.167131 17.155365
v 10.815488 0.227404 17.041107
v 10.815488 0.227404 16.185898
v 9.844914 -0.375271 15.330643
v 10.815488 0.227404 15.330643
v 10.718428 0.167131 15.216400
v 9.941973 -0.314999 15.216400
v 20.065491 -2.772593 2.685883
v 16.485592 2.900480 3.468231
v 20.065483 -2.772593 3.541138
v 16.485592 2.900480 2.685883
v 16.177845 3.281450 2.683929
v 16.073360 3.216578 3.302002
v 15.759098 3.511549 3.226944
v 15.958263 3.635216 2.684158
v 20.065491 -2.772593 1.830673
v 16.485592 2.900480 1.903580
v 16.073360 3.216578 2.068375
v 15.759096 3.511549 2.141373
v 15.958263 3.635216 2.684158
v 15.360770 3.264212 3.226944
v 15.161607 3.140545 2.684158
v 15.387051 2.790426 2.683929
v 15.491533 2.855301 3.302002
v 15.597782 2.349234 2.685883
v 15.597782 2.349234 3.468231
v 19.094913 -3.375244 3.541138
v 19.094913 -3.375244 2.685883
v 15.597782 2.349234 1.903580
v 19.094913 -3.375244 1.830673
v 15.491533 2.855301 2.068375
v 15.360770 3.264212 2.141373
v 15.161607 3.140545 2.684158
v 15.360770 3.264212 2.141373
v 15.759096 3.511549 2.141373
v 16.073360 3.216578 2.068375
v 15.491533 2.855301 2.068375
v 15.686563 2.404356 1.799057
v 16.396809 2.845358 1.799057
v 19.191971 -3.314972 1.716415
v 19.968426 -2.832866 1.716415
v 16.073360 3.216578 3.302002
v 15.759098 3.511549 3.226944
v 15.360770 3.264212 3.226944
v 15.491533 2.855301 3.302002
v 16.396809 2.845358 3.572693
v 15.686563 2.404356 3.572693
v 19.968426 -2.832866 3.655380
v 19.191971 -3.314972 3.655380
v 15.958263 3.635216 2.684158
v 4.415390 21.747444 3.061676
v 15.759098 3.511549 3.226944
v 4.599703 21.861885 2.685883
v 15.759096 3.511549 2.141373
v 4.415390 21.747444 2.310089
v 15.360770 3.264212 2.141373
v 4.046761 21.518562 2.310089
v 15.161607 3.140545 2.684158
v 3.862451 21.404123 2.685883
v 15.360770 3.264212 3.226944
v 4.046761 21.518562 3.061676
v 15.759098 3.511549 3.226944
v 4.415390 21.747444 3.061676
v 2.796760 22.018578 2.811615
v 3.165389 22.247459 2.811615
v 2.981076 22.133018 2.435867
v 3.349702 22.361900 2.435867
v 3.165389 22.247459 2.060120
v 2.796760 22.018578 2.060120
v 2.612451 21.904114 2.435867
v -6.375610 -4.339433 -31.974274
v -6.375610 -3.830957 -31.974274
v -12.282729 -4.303002 -31.076141
v -6.403086 -3.830957 -32.447876
v -6.403086 -4.339433 -32.447876
v -12.307129 -4.303002 -31.550903
v -20.660389 -1.462555 6.766312
v -20.660389 -0.510979 17.518524
v -20.660389 -1.462555 17.518524
v -20.660568 -0.510979 10.987228
v -20.660744 -0.510979 -1.175598
v -20.661106 -0.510979 -17.676147
v -20.660385 -4.263592 6.766312
v -20.661106 -4.263592 -17.676147
v -15.410538 -2.349520 -18.727020
v -15.135593 -4.298782 -18.250763
v -15.135593 -2.349520 -18.250763
v -15.410538 -4.298782 -18.726990
v -15.135593 -2.349520 -19.203186
v -15.410538 -4.298782 -18.726990
v -15.410538 -2.349520 -18.727020
v -15.135593 -4.298782 -19.203186
v -14.585693 -2.349520 -19.203186
v -15.135593 -4.298782 -19.203186
v -15.135593 -2.349520 -19.203186
v -14.585693 -4.298782 -19.203186
v -14.310754 -2.349520 -18.727020
v -14.585693 -4.298782 -19.203186
v -14.585693 -2.349520 -19.203186
v -14.310754 -4.298782 -18.726990
v -14.585693 -2.349520 -18.250763
v -14.310754 -4.298782 -18.726990
v -14.310754 -2.349520 -18.727020
v -14.585693 -4.298782 -18.250763
v -15.135593 -2.349520 -18.250763
v -14.585693 -4.298782 -18.250763
v -14.585693 -2.349520 -18.250763
v -15.135593 -4.298782 -18.250763
v 6.235685 -3.106022 -9.835815
v 6.442526 -4.286671 -9.477570
v 6.442526 -3.106022 -9.477570
v 6.235685 -4.286671 -9.835815
v 6.442526 -3.106022 -10.194061
v 6.235685 -4.286671 -9.835815
v 6.235685 -3.106022 -9.835815
v 6.442526 -4.286671 -10.194061
v 6.856204 -3.106022 -10.194061
v 6.442526 -4.286671 -10.194061
v 6.442526 -3.106022 -10.194061
v 6.856204 -4.286671 -10.194061
v 7.063046 -3.106022 -9.835815
v 6.856204 -4.286671 -10.194061
v 6.856204 -3.106022 -10.194061
v 7.063046 -4.286671 -9.835815
v 6.856207 -3.106022 -9.477570
v 7.063046 -4.286671 -9.835815
v 7.063046 -3.106022 -9.835815
v 6.856207 -4.286671 -9.477570
v 6.442526 -3.106022 -9.477570
v 6.856207 -4.286671 -9.477570
v 6.856207 -3.106022 -9.477570
v 6.442526 -4.286671 -9.477570
v -18.580418 -4.339433 0.233932
v -12.703156 -3.883195 -31.978424
v -12.703156 -4.339433 -31.978424
v -12.940686 -3.853369 -30.668518
v -13.100739 -3.408813 -29.792084
v -13.260797 -2.593040 -28.915649
v -18.580418 -2.525806 0.233932
v 6.420418 -4.339433 4.792297
v 6.420418 -3.291154 -23.140106
v 6.420418 -4.339433 -23.140106
v 6.420418 -3.261328 -8.858490
v 6.420418 -2.525806 -6.668381
v 6.420418 -2.525806 4.792297
v 6.895774 -4.339433 4.792297
v 6.895774 -2.525806 -6.668381
v 6.895774 -2.525806 4.792297
v 6.895774 -3.261328 -8.858490
v 6.895774 -3.291154 -22.894196
v 6.895774 -4.339433 -22.894196
v 14.566565 -4.339433 4.792297
v 14.566565 -2.525806 -3.976959
v 14.566565 -2.525806 4.792297
v 14.566565 -3.291154 -6.426575
v 14.566565 -4.339433 -8.511597
v 14.566562 -3.291154 -8.511597
v -7.979881 -4.339433 0.275513
v -18.519855 -3.291154 -27.709900
v -18.519855 -4.339433 -27.709900
v -17.920914 -3.261328 -26.119629
v -17.149010 -2.525806 -24.070068
v -7.979884 -2.525806 0.275513
v 0.785018 -2.593040 -17.698425
v -6.553810 -2.525806 0.275558
v 1.220575 -2.593064 -17.508026
v -6.989368 -2.525806 0.085159
v -7.535030 -2.525806 0.108002
v -7.979884 -2.525806 0.275513
v -7.504524 -2.525806 0.771805
v -7.372734 -2.525806 0.275558
v -7.029167 -2.525806 0.771805
v -7.160958 -2.525806 0.275558
v -6.989368 -2.525806 0.085159
v -6.553810 -2.525806 0.275558
v -7.029167 -2.525806 4.792297
v -7.504520 -2.525806 4.792297
v 14.091206 -2.593064 5.200577
v 14.566565 -2.525806 4.792297
v 14.091208 -2.525806 4.792297
v 14.566565 -2.593064 5.200577
v 6.895774 -3.291154 17.583267
v 6.420418 -3.261328 6.982422
v 6.420418 -3.291154 17.583267
v 6.895774 -3.261328 6.982422
v 6.420418 -2.593064 5.200577
v 6.895774 -3.261328 6.982422
v 6.895774 -2.593064 5.200577
v 6.420418 -3.261328 6.982422
v 6.420418 -2.593064 5.200577
v 6.895774 -2.525806 4.792297
v 6.420418 -2.525806 4.792297
v 6.895774 -2.593064 5.200577
v -18.584290 -2.593064 5.200577
v -18.108932 -2.525806 4.792297
v -18.584290 -2.525806 4.792297
v -18.108932 -2.593064 5.200577
v 14.566565 -2.593064 5.200577
v 20.668926 -2.525806 4.792297
v 14.566565 -2.525806 4.792297
v 20.668926 -2.593064 5.200577
v 6.895774 -2.593064 5.200577
v 14.091208 -2.525806 4.792297
v 6.895774 -2.525806 4.792297
v 14.091206 -2.593064 5.200577
v -7.029167 -2.593064 5.200577
v 6.420418 -2.525806 4.792297
v -7.029167 -2.525806 4.792297
v 6.420418 -2.593064 5.200577
v -5.775913 -4.339433 -31.693329
v -5.967880 -3.758645 -31.880096
v -5.967880 -4.339433 -31.880096
v -5.775913 -3.729773 -31.693329
v -5.410982 -3.729773 -31.991882
v -5.666498 -4.339433 -32.243927
v -5.666498 -3.758645 -32.243927
v -5.410982 -4.339433 -31.991882
v -5.410982 -3.729773 -31.991882
v -5.967880 -3.758645 -31.880096
v -5.775913 -3.729773 -31.693329
v -5.666498 -3.758645 -32.243927
v -6.155910 -4.339433 -31.958008
v -6.375610 -3.830957 -31.974274
v -6.375610 -4.339433 -31.974274
v -6.155910 -3.787541 -31.958008
v -6.030495 -3.787541 -32.414551
v -6.403086 -4.339433 -32.447876
v -6.403086 -3.830957 -32.447876
v -6.030495 -4.339433 -32.414551
v -6.030495 -3.787541 -32.414551
v -6.375610 -3.830957 -31.974274
v -6.155910 -3.787541 -31.958008
v -6.403086 -3.830957 -32.447876
v -5.666498 -3.758645 -32.243927
v -6.030495 -4.339433 -32.414551
v -6.030495 -3.787541 -32.414551
v -5.666498 -4.339433 -32.243927
v -5.666498 -3.758645 -32.243927
v -6.155910 -3.787541 -31.958008
v -5.967880 -3.758645 -31.880096
v -6.030495 -3.787541 -32.414551
v -5.967880 -4.339433 -31.880096
v -6.155910 -3.787541 -31.958008
v -6.155910 -4.339433 -31.958008
v -5.967880 -3.758645 -31.880096
v 2.247349 -3.291154 -20.735352
v -5.775913 -3.729773 -31.693329
v 1.828113 -3.291154 -20.545197
v -5.410982 -3.729773 -31.991882
v 1.828113 -4.339433 -20.545197
v -5.775913 -3.729773 -31.693329
v -5.775913 -4.339433 -31.693329
v 1.828113 -3.291154 -20.545197
v 2.247349 -3.291154 -20.735352
v -5.410982 -4.339433 -31.991882
v -5.410982 -3.729773 -31.991882
v 2.247349 -4.339433 -20.735352
v -18.584290 -2.593064 5.200577
v -18.584290 -4.339433 17.583267
v -18.584290 -2.593064 17.583267
v -18.584290 -4.339433 5.200577
v -18.584290 -2.593064 17.583267
v -18.108932 -2.593064 5.200577
v -18.584290 -2.593064 5.200577
v -18.108932 -2.593064 17.583267
v -18.108932 -4.339433 5.200577
v -18.108932 -2.593064 17.583267
v -18.108932 -4.339433 17.583267
v -18.108932 -2.593064 5.200577
v -7.504520 -2.593064 5.200577
v -7.504520 -4.339433 17.583267
v -7.504520 -2.593064 17.583267
v -7.504520 -4.339433 5.200577
v -7.029167 -2.593064 17.583267
v -7.504520 -2.593064 5.200577
v -7.504520 -2.593064 17.583267
v -7.029167 -2.593064 5.200577
v -7.029167 -4.339433 5.200577
v -7.029167 -2.593064 17.583267
v -7.029167 -4.339433 17.583267
v -7.029167 -2.593064 5.200577
v -7.535030 -4.339433 0.108002
v -7.372734 -2.525806 0.275558
v -7.372734 -4.339433 0.275558
v -7.535030 -2.525806 0.108002
v -6.989368 -2.525806 0.085159
v -7.160958 -4.339433 0.275558
v -7.160958 -2.525806 0.275558
v -6.989365 -4.339433 0.085159
v -6.403086 -3.830957 -32.447876
v -12.282729 -4.303002 -31.076141
v -6.375610 -3.830957 -31.974274
v -12.307129 -4.303002 -31.550903
v 2.358488 -3.291154 -20.286041
v 2.247349 -4.339433 -20.735352
v 2.247349 -3.291154 -20.735352
v 2.358488 -4.339433 -20.286041
v 2.358488 -3.291154 -20.286041
v 2.247349 -3.291154 -20.735352
v 1.828113 -3.291154 -20.545197
v 1.883247 -3.291154 -20.296631
v 2.236024 -3.291154 -19.830811
v 1.800468 -3.291154 -20.021240
v 1.883247 -4.339433 -20.296631
v 1.828113 -3.291154 -20.545197
v 1.828113 -4.339433 -20.545197
v 1.883247 -3.291154 -20.296631
v 2.236024 -3.291154 -19.830811
v 2.358488 -4.339433 -20.286041
v 2.358488 -3.291154 -20.286041
v 2.236024 -4.339433 -19.830811
v 1.800468 -4.339433 -20.021240
v 1.883247 -3.291154 -20.296631
v 1.883247 -4.339433 -20.296631
v 1.800468 -3.291154 -20.021240
v -6.553810 -4.339433 0.275558
v 2.236024 -4.339433 -19.830811
v 2.236024 -3.291154 -19.830811
v 1.934307 -3.261328 -19.140686
v 1.220575 -2.593064 -17.508026
v -6.553810 -2.525806 0.275558
v 0.785018 -2.593040 -17.698425
v -6.989365 -4.339433 0.085159
v -6.989368 -2.525806 0.085159
v 1.498757 -3.261328 -19.331085
v 1.800468 -3.291154 -20.021240
v 1.800468 -4.339433 -20.021240
v 1.934307 -3.261328 -19.140686
v 0.785018 -2.593040 -17.698425
v 1.220575 -2.593064 -17.508026
v 1.498757 -3.261328 -19.331085
v 2.236024 -3.291154 -19.830811
v 1.498757 -3.261328 -19.331085
v 1.934307 -3.261328 -19.140686
v 1.800468 -3.291154 -20.021240
v -7.535030 -4.339433 0.108002
v -16.704147 -2.525806 -24.237579
v -7.535030 -2.525806 0.108002
v -17.476063 -3.261328 -26.287170
v -18.075005 -4.339433 -27.877441
v -18.075005 -3.291154 -27.877441
v -7.535030 -2.525806 0.108002
v -17.149010 -2.525806 -24.070068
v -7.979884 -2.525806 0.275513
v -16.704147 -2.525806 -24.237579
v -18.108932 -4.339433 4.792297
v -18.108932 -2.525806 0.276657
v -18.108932 -2.525806 4.792297
v -18.108932 -4.339433 0.276657
v -18.584290 -2.525806 4.792297
v -18.584290 -4.339433 0.771805
v -18.584282 -4.339433 4.792297
v -18.580418 -4.339433 0.233932
v -18.580418 -2.525806 0.233932
v -18.108932 -2.525806 4.792297
v -18.580418 -2.525806 0.233932
v -18.584290 -2.525806 4.792297
v -18.108932 -2.525806 0.276657
v -18.108932 -4.339433 0.276657
v -12.793172 -2.593040 -28.830261
v -18.108932 -2.525806 0.276657
v -12.633117 -3.408813 -29.706665
v -12.473062 -3.853369 -30.583099
v -12.235530 -4.339433 -31.892975
v -12.235530 -3.883195 -31.892975
v -12.793172 -2.593040 -28.830261
v -18.580418 -2.525806 0.233932
v -18.108932 -2.525806 0.276657
v -13.260797 -2.593040 -28.915649
v -18.108932 -2.593064 5.200577
v -7.504520 -2.525806 4.792297
v -18.108932 -2.525806 4.792297
v -7.504520 -2.593064 5.200577
v -7.504520 -4.339433 5.200577
v -18.108932 -2.593064 5.200577
v -18.108932 -4.339433 5.200577
v -7.504520 -2.593064 5.200577
v -7.504520 -2.525806 4.792297
v -18.108932 -4.339433 4.792297
v -18.108932 -2.525806 4.792297
v -7.504520 -4.339433 4.792297
v -7.979884 -2.525806 0.275513
v -7.504524 -4.339433 0.771805
v -7.504524 -2.525806 0.771805
v -7.979881 -4.339433 0.275513
v -7.029167 -4.339433 0.771805
v -6.553810 -2.525806 0.275558
v -7.029167 -2.525806 0.771805
v -6.553810 -4.339433 0.275558
v -7.160958 -2.525806 0.275558
v -7.372734 -4.339433 0.275558
v -7.372734 -2.525806 0.275558
v -7.160958 -4.339433 0.275558
v -7.504520 -2.525806 4.792297
v -7.504524 -4.339433 0.771805
v -7.504520 -4.339433 4.792297
v -7.504524 -2.525806 0.771805
v -7.029167 -4.339433 4.792297
v -7.029167 -2.525806 0.771805
v -7.029167 -2.525806 4.792297
v -7.029167 -4.339433 0.771805
v -7.504520 -2.593064 5.200577
v -7.029167 -2.525806 4.792297
v -7.504520 -2.525806 4.792297
v -7.029167 -2.593064 5.200577
v 6.420418 -4.339433 5.200577
v -7.029167 -2.593064 5.200577
v -7.029167 -4.339433 5.200577
v 6.420418 -2.593064 5.200577
v 6.420418 -2.525806 4.792297
v -7.029167 -4.339433 4.792297
v -7.029167 -2.525806 4.792297
v 6.420418 -4.339433 4.792297
v -18.584290 -4.339433 5.200577
v -20.714329 -2.593064 5.200577
v -20.714329 -4.339433 5.200577
v -18.584290 -2.593064 5.200577
v -18.584290 -2.525806 4.792297
v -20.714329 -4.339433 4.792297
v -20.714329 -2.525806 4.792297
v -18.584282 -4.339433 4.792297
v -20.714329 -2.525806 4.792297
v -18.584290 -2.593064 5.200577
v -18.584290 -2.525806 4.792297
v -20.714329 -2.593064 5.200577
v 14.566565 -2.593064 5.200577
v 20.668926 -4.339433 5.200577
v 20.668926 -2.593064 5.200577
v 14.566565 -4.339433 5.200577
v 14.566565 -4.339433 4.792297
v 20.668926 -2.525806 4.792297
v 20.668926 -4.339433 4.792297
v 14.566565 -2.525806 4.792297
v 14.566565 -3.291154 17.583267
v 14.091206 -3.261328 6.982422
v 14.091206 -3.291154 17.583267
v 14.566565 -3.261328 6.982422
v 14.091206 -3.261328 6.982422
v 14.091206 -4.339433 17.583267
v 14.091206 -3.291154 17.583267
v 14.091206 -4.339433 5.200577
v 14.091206 -2.593064 5.200577
v 14.566565 -4.339433 5.200577
v 14.566565 -3.291154 17.583267
v 14.566565 -4.339433 17.583267
v 14.566565 -3.261328 6.982422
v 14.566565 -2.593064 5.200577
v 14.091206 -3.261328 6.982422
v 14.566565 -2.593064 5.200577
v 14.091206 -2.593064 5.200577
v 14.566565 -3.261328 6.982422
v 14.566565 -3.291154 -6.426575
v 14.091206 -2.525806 -3.976959
v 14.566565 -2.525806 -3.976959
v 14.091206 -3.291154 -6.426575
v 14.091206 -2.525806 -3.976959
v 14.091208 -4.339433 4.792297
v 14.091208 -2.525806 4.792297
v 14.091206 -3.291154 -6.426575
v 14.091206 -4.339433 -8.511597
v 14.091206 -3.291154 -8.511597
v 14.566562 -3.291154 -8.511597
v 14.091206 -3.291154 -6.426575
v 14.566565 -3.291154 -6.426575
v 14.091206 -3.291154 -8.511597
v 14.091206 -2.525806 -3.976959
v 14.566565 -2.525806 4.792297
v 14.566565 -2.525806 -3.976959
v 14.091208 -2.525806 4.792297
v 6.895774 -2.593064 5.200577
v 14.091206 -4.339433 5.200577
v 14.091206 -2.593064 5.200577
v 6.895774 -4.339433 5.200577
v 6.895774 -4.339433 4.792297
v 14.091208 -2.525806 4.792297
v 14.091208 -4.339433 4.792297
v 6.895774 -2.525806 4.792297
v 6.895774 -3.261328 -8.858490
v 6.420418 -2.525806 -6.668381
v 6.895774 -2.525806 -6.668381
v 6.420418 -3.261328 -8.858490
v 6.895774 -3.261328 -8.858490
v 6.420418 -3.291154 -23.140106
v 6.420418 -3.261328 -8.858490
v 6.895774 -3.291154 -22.894196
v 6.420418 -2.525806 -6.668381
v 6.895774 -2.525806 4.792297
v 6.895774 -2.525806 -6.668381
v 6.420418 -2.525806 4.792297
v 6.420418 -3.261328 6.982422
v 6.420418 -4.339433 17.583267
v 6.420418 -3.291154 17.583267
v 6.420418 -4.339433 5.200577
v 6.420418 -2.593064 5.200577
v 6.895774 -4.339433 5.200577
v 6.895774 -3.291154 17.583267
v 6.895774 -4.339433 17.583267
v 6.895774 -3.261328 6.982422
v 6.895774 -2.593064 5.200577
v 20.559170 -4.263592 -2.278427
v 20.628853 -4.263592 -1.076706
v 20.628853 -0.510979 -1.076706
v 20.559170 -0.510979 -2.278427
v 20.030064 -4.263592 -3.701691
v 20.030064 -0.510979 -3.701691
v 19.240341 -4.263592 -4.820450
v 19.240341 -0.510979 -4.820450
v 17.579899 -4.263592 -6.122498
v 17.579899 -0.510979 -6.122498
v 15.489928 -0.510979 -7.423309
v 15.489928 -4.263592 -7.423309
v 13.251028 -4.263592 -9.002594
v 13.251028 -0.510979 -9.002594
v 12.072068 -4.263592 -10.115814
v 12.072068 -0.510979 -10.115814
v 11.142067 -4.263592 -11.378387
v 11.142067 -0.510979 -11.378387
v 9.613404 -4.263592 -14.043671
v 9.613404 -0.510979 -14.043671
v 8.524296 -4.263592 -16.723083
v 8.524296 -0.510979 -16.723083
v 7.467106 -4.263592 -19.644501
v 7.467106 -0.510979 -19.644501
v 6.460198 -4.263592 -22.753632
v 6.460200 -0.510979 -22.753632
v 5.558727 -4.263592 -25.163696
v 5.558728 -0.510979 -25.163696
v 4.410376 -4.263592 -27.097565
v 4.410378 -0.510979 -27.097565
v 2.973593 -4.263592 -28.772156
v 2.973594 -0.510979 -28.772156
v 1.474598 -4.263592 -30.027649
v 1.474598 -0.510979 -30.027649
v -0.356390 -4.263592 -31.066803
v -0.356390 -0.510979 -31.066803
v -2.464569 -4.263592 -31.948517
v -2.464569 -0.510979 -31.948517
v -4.813538 -4.263592 -32.420837
v -4.813538 -0.510979 -32.420837
v -7.769146 -4.263592 -32.483154
v -7.769146 -0.510979 -32.483154
v -10.455790 -4.263592 -32.138153
v -10.455790 -0.510979 -32.138153
v -12.810581 -4.263592 -31.388855
v -12.810581 -0.510979 -31.388855
v -15.006475 -4.263592 -30.238342
v -15.006475 -0.510979 -30.238342
v -16.699802 -4.263592 -29.006439
v -16.699802 -0.510979 -29.006439
v -18.034283 -4.263592 -27.625366
v -18.034283 -0.510979 -27.625366
v -19.164536 -4.263592 -25.928894
v -19.164536 -0.510979 -25.928894
v -19.967262 -4.263592 -24.024200
v -19.967262 -0.510979 -24.024200
v -20.476357 -4.263592 -21.624207
v -20.476357 -0.510979 -21.624207
v -20.661106 -4.263592 -17.676147
v -20.661106 -0.510979 -17.676147
v -19.735218 -4.263592 6.766312
v -19.735218 -4.263592 17.518524
v 19.763947 -4.263592 17.518524
v 19.763947 -4.263592 6.766312
v 20.628853 -4.263592 -1.076706
v 20.559170 -4.263592 -2.278427
v 20.030064 -4.263592 -3.701691
v 19.240341 -4.263592 -4.820450
v 17.579899 -4.263592 -6.122498
v 15.489928 -4.263592 -7.423309
v 13.251028 -4.263592 -9.002594
v 12.072068 -4.263592 -10.115814
v 11.142067 -4.263592 -11.378387
v 9.613404 -4.263592 -14.043671
v 8.524296 -4.263592 -16.723083
v 7.467106 -4.263592 -19.644501
v -20.661106 -4.263592 -17.676147
v 6.460198 -4.263592 -22.753632
v -20.476357 -4.263592 -21.624207
v 5.558727 -4.263592 -25.163696
v -19.967262 -4.263592 -24.024200
v 4.410376 -4.263592 -27.097565
v -19.164536 -4.263592 -25.928894
v -18.034283 -4.263592 -27.625366
v 2.973593 -4.263592 -28.772156
v -16.699802 -4.263592 -29.006439
v 1.474598 -4.263592 -30.027649
v -15.006475 -4.263592 -30.238342
v -0.356390 -4.263592 -31.066803
v -12.810581 -4.263592 -31.388855
v -2.464569 -4.263592 -31.948517
v -10.455790 -4.263592 -32.138153
v -7.769146 -4.263592 -32.483154
v -4.813538 -4.263592 -32.420837
v 20.628853 -4.263592 -1.076706
v 20.621159 -4.263592 6.766312
v 20.621159 -1.458645 6.766312
v 20.628853 -0.510979 -1.076706
v 20.625004 -0.510979 10.987228
v 20.621159 -1.465344 17.518524
v 20.621159 -0.510979 17.518524
v 9.420613 -16.749001 24.560822
v 9.245228 -16.464567 33.214233
v 9.420612 -16.749001 33.378265
v 9.245228 -16.464567 24.724854
v 8.795975 -16.259432 32.927643
v -0.001793 -16.464567 33.214188
v 9.420612 -16.749001 33.378265
v -0.001795 -16.749001 33.378265
v -9.424200 -16.749001 33.378265
v -9.248816 -16.464567 33.214233
v 8.795975 -16.259432 25.011383
v -0.001793 -16.259432 25.011383
v -0.001793 -16.259432 32.927643
v -8.799561 -16.259432 32.927643
v -9.248816 -16.464567 24.724854
v -9.424200 -16.749001 24.560822
v -9.424200 -16.749001 33.378265
v -0.001793 -16.464567 24.724854
v -8.799561 -16.259432 25.011383
v -0.001795 -16.749001 24.560822
v 9.420613 -16.749001 24.560822
v -9.424200 -16.749001 24.560822
v -20.526394 -1.221871 -16.331299
v -20.526394 -0.051737 -15.115295
v -20.526394 -1.221871 -15.115295
v -20.526394 -0.051737 -16.331299
v -20.526394 -1.221871 2.502686
v -20.526394 -0.051737 3.718704
v -20.526394 -1.221871 3.718704
v -20.526394 -0.051737 2.502686
v -14.860649 -2.349520 -18.727020
v -15.410538 -2.349520 -18.727020
v -15.135593 -2.349520 -18.250763
v -15.135593 -2.349520 -19.203186
v -14.585693 -2.349520 -19.203186
v -14.310754 -2.349520 -18.727020
v -14.585693 -2.349520 -18.250763
v 6.649366 -3.106022 -9.835815
v 6.235685 -3.106022 -9.835815
v 6.442526 -3.106022 -9.477570
v 6.442526 -3.106022 -10.194061
v 6.856204 -3.106022 -10.194061
v 7.063046 -3.106022 -9.835815
v 6.856207 -3.106022 -9.477570
v 3.111904 -26.044964 15.314056
v 3.213447 -26.002071 14.836212
v 3.349281 -26.235149 14.836212
v 3.298509 -25.756168 15.339661
v 3.349281 -25.769020 14.836212
v 3.671722 -25.756168 15.339661
v 3.620952 -25.769020 14.836212
v 3.858331 -26.044964 15.314056
v 3.756790 -26.002071 14.836212
v 3.298509 -26.333759 15.288452
v 3.182579 -26.520611 16.020813
v 3.333851 -26.324223 16.093292
v 3.636385 -26.324223 16.093292
v 3.787651 -26.520611 16.020813
v 3.620952 -26.235149 14.836212
v 3.671722 -26.333759 15.288452
v 3.333851 -26.716995 15.948334
v 3.016151 -26.959206 16.727631
v 3.326883 -26.661346 16.808563
v 3.948349 -26.661346 16.808563
v 4.259084 -26.959206 16.727631
v 3.636385 -26.716995 15.948334
v 3.326883 -27.257061 16.646667
v 2.980090 -27.074982 17.434402
v 3.402687 -26.660870 17.434402
v 4.247881 -26.660870 17.434402
v 4.670478 -27.074982 17.434402
v 3.948349 -27.257061 16.646667
v 3.402687 -27.489090 17.434402
v 3.052780 -27.074982 18.141174
v 3.268945 -26.933956 18.141174
v 3.701285 -26.933956 18.141174
v 3.917452 -27.074982 18.141174
v 4.247881 -27.489090 17.434402
v 3.268945 -27.216003 18.141174
v 3.701285 -27.216003 18.141174
v 0.253500 -26.235149 14.835876
v 0.389335 -26.002071 14.835876
v 0.490883 -26.044964 15.313522
v 0.304271 -25.756168 15.339142
v 0.268936 -26.324223 16.092529
v 0.420200 -26.520611 16.020111
v 0.304271 -26.333759 15.287918
v -0.018173 -26.235149 14.835876
v -0.068942 -26.333759 15.287918
v -0.154007 -26.002071 14.835876
v 0.253500 -25.769020 14.835876
v -0.068942 -25.756168 15.339142
v -0.033607 -26.324223 16.092529
v -0.193071 -26.661346 16.807556
v 0.428398 -26.661346 16.807556
v 0.739128 -26.959206 16.726685
v 0.268936 -26.716995 15.947632
v -0.018173 -25.769020 14.835876
v -0.255551 -26.044964 15.313522
v -0.184875 -26.520611 16.020111
v -0.503802 -26.959206 16.726685
v -0.727532 -27.074982 17.433212
v -0.304934 -26.660870 17.433212
v 0.540260 -26.660870 17.433212
v -0.033607 -26.716995 15.947632
v -0.193071 -27.257061 16.645752
v -0.304934 -27.489090 17.433212
v -0.098503 -27.216003 18.139786
v -0.314672 -27.074982 18.139786
v -0.098503 -26.933956 18.139786
v 0.428398 -27.257061 16.645752
v 0.540260 -27.489090 17.433212
v 0.333834 -27.216003 18.139786
v 0.549999 -27.074982 18.139786
v 0.333834 -26.933956 18.139786
v 0.962858 -27.074982 17.433212
v -3.352868 -26.235149 14.835876
v -3.217030 -26.002071 14.835876
v -3.115486 -26.044964 15.313522
v -3.302098 -25.756168 15.339142
v -3.337433 -26.324223 16.092529
v -3.186166 -26.520611 16.020111
v -3.302098 -26.333759 15.287918
v -3.624540 -26.235149 14.835876
v -3.675310 -26.333759 15.287918
v -3.760376 -26.002071 14.835876
v -3.352868 -25.769020 14.835876
v -3.675310 -25.756168 15.339142
v -3.639973 -26.324223 16.092529
v -3.951935 -26.661346 16.807556
v -3.330471 -26.661346 16.807556
v -3.019737 -26.959206 16.726685
v -3.337433 -26.716995 15.947632
v -3.624540 -25.769020 14.835876
v -3.861918 -26.044964 15.313522
v -3.791239 -26.520611 16.020111
v -4.262671 -26.959206 16.726685
v -4.674063 -27.074982 17.433212
v -4.251471 -26.660870 17.433212
v -3.406274 -26.660870 17.433212
v -3.639973 -26.716995 15.947632
v -3.951935 -27.257061 16.645752
v -4.251471 -27.489090 17.433212
v -3.704870 -27.216003 18.139786
v -3.921037 -27.074982 18.139786
v -3.704870 -26.933956 18.139786
v -3.330471 -27.257061 16.645752
v -3.406274 -27.489090 17.433212
v -3.272536 -27.216003 18.139786
v -3.056370 -27.074982 18.139786
v -3.272536 -26.933956 18.139786
v -2.983675 -27.074982 17.433212
v -17.584412 -7.764554 22.540665
v -17.480900 -7.764554 22.450821
v -17.584412 -7.649779 22.450821
v 17.615395 -7.764554 22.450821
v 17.719078 -7.764554 22.540665
v 17.719078 -7.649779 22.450821
v -21.418476 -10.312605 23.229980
v -19.842091 -10.179448 22.987701
v -21.148575 -10.179448 22.987701
v 20.628853 -4.263592 -1.076706
v 19.763947 -4.263592 6.766312
v 20.621159 -4.263592 6.766312
v -19.735218 -0.510979 17.624710
v -19.868126 -0.510979 17.518524
v -19.868126 -0.370646 17.628952
v 19.763947 -0.510979 17.697845
v 19.889008 -0.370646 17.697845
v 19.894249 -0.510979 17.518524
v 19.875755 -10.179448 22.987701
v 21.413345 -10.300541 23.254440
v 21.139297 -10.179448 22.987701
v -19.735218 -0.510979 18.985550
v -19.868126 -0.370646 18.982788
v -19.868126 -0.510979 19.074341
v 21.139297 -0.510979 19.079163
v 21.242928 -0.510979 18.985550
v 21.139297 -0.370646 18.969101
v -19.687828 -10.179424 17.518524
v -19.758884 -7.802582 22.894089
v -19.735218 -10.179448 22.894089
v -19.735218 -4.263592 6.766312
v -20.661106 -4.263592 -17.676147
v -20.660385 -4.263592 6.766312
v 19.871784 -0.510979 19.079163
v 19.878521 -0.370646 18.969101
v 19.763947 -0.510979 18.969101
v -7.566392 -25.295780 31.151917
v -7.608139 -25.169086 31.298828
v -7.454597 -25.295807 31.284088
v -8.411754 -25.169086 31.298828
v -8.453503 -25.295780 31.151917
v -8.565295 -25.295807 31.284088
v -8.411754 -25.169086 32.102448
v -8.565300 -25.295807 32.117172
v -8.453507 -25.295780 32.249359
v -7.454597 -25.295807 32.117172
v -7.608139 -25.169086 32.102448
v -7.566387 -25.295780 32.249359
v -7.566392 -25.295780 25.765228
v -7.608139 -25.169086 25.912140
v -7.454597 -25.295807 25.897400
v -8.411754 -25.169086 25.912140
v -8.453503 -25.295780 25.765228
v -8.565295 -25.295807 25.897400
v -8.411754 -25.169086 26.715759
v -8.565300 -25.295807 26.730484
v -8.453507 -25.295780 26.862671
v -7.454597 -25.295807 26.730484
v -7.608139 -25.169086 26.715759
v -7.566387 -25.295780 26.862671
v 8.485334 -25.295780 25.765228
v 8.443586 -25.169086 25.912140
v 8.597128 -25.295807 25.897400
v 7.639971 -25.169086 25.912140
v 7.598222 -25.295780 25.765228
v 7.486429 -25.295807 25.897400
v 7.639971 -25.169086 26.715759
v 7.486424 -25.295807 26.730484
v 7.598219 -25.295780 26.862671
v 8.597128 -25.295807 26.730484
v 8.443586 -25.169086 26.715759
v 8.485338 -25.295780 26.862671
v 8.485334 -25.295780 31.151917
v 8.443586 -25.169086 31.298828
v 8.597128 -25.295807 31.284088
v 7.639971 -25.169086 31.298828
v 7.598222 -25.295780 31.151917
v 7.486429 -25.295807 31.284088
v 7.639971 -25.169086 32.102448
v 7.486424 -25.295807 32.117172
v 7.598219 -25.295780 32.249359
v 8.597128 -25.295807 32.117172
v 8.443586 -25.169086 32.102448
v 8.485338 -25.295780 32.249359
v 4.599869 -23.491310 10.141266
v 4.456390 -23.491310 9.995651
v 4.456390 -23.291729 10.141266
v 4.456390 -23.491310 14.855469
v 4.599869 -23.491310 14.709854
v 4.456390 -23.291729 14.709854
v -4.603452 -23.491310 10.141266
v -4.459977 -23.291729 10.141266
v -4.459977 -23.491310 9.995651
v -4.504475 -23.474003 14.855469
v -4.459977 -23.291729 14.709854
v -4.603452 -23.491310 14.709854
v 1.532742 -21.899080 11.946243
v 1.469360 -22.025799 11.756699
v 1.336075 -22.025824 11.914337
v 2.463672 -21.899080 11.946243
v 2.660343 -22.025824 11.914337
v 2.527057 -22.025799 11.756699
v 2.463672 -21.899080 12.875702
v 2.527057 -22.025799 13.065186
v 2.660347 -22.025824 12.907593
v 1.532742 -21.899080 12.875702
v 1.336075 -22.025824 12.907593
v 1.469360 -22.025799 13.065186
v -2.467259 -21.899080 11.946243
v -2.530638 -22.025799 11.756699
v -2.663922 -22.025824 11.914337
v -1.536324 -21.899080 11.946243
v -1.339661 -22.025824 11.914337
v -1.472943 -22.025799 11.756699
v -1.536324 -21.899080 12.875702
v -1.472943 -22.025799 13.065186
v -1.339654 -22.025824 12.907593
v -2.467259 -21.899080 12.875702
v -2.663922 -22.025824 12.907593
v -2.530638 -22.025799 13.065186
v 21.074409 -25.169086 18.550491
v 21.172718 -25.295780 18.844452
v 21.379452 -25.295807 18.600082
v 21.074409 -25.169086 17.108963
v 21.379456 -25.295807 17.059418
v 21.172726 -25.295780 16.814987
v 19.630520 -25.169086 17.108963
v 19.532215 -25.295780 16.814987
v 19.325478 -25.295807 17.059418
v 19.630520 -25.169086 18.550491
v 19.325478 -25.295807 18.600037
v 19.532215 -25.295780 18.844452
v 20.870686 -28.142834 17.312332
v 20.950909 -28.024651 17.069763
v 21.112614 -28.024651 17.261597
v 20.870686 -28.142834 18.347107
v 21.112610 -28.024651 18.397903
v 20.950909 -28.024651 18.589691
v 19.834251 -28.142834 18.347107
v 19.754028 -28.024651 18.589691
v 19.592323 -28.024651 18.397903
v 19.834251 -28.142834 17.312332
v 19.592316 -28.024651 17.261597
v 19.754025 -28.024651 17.069763
v -19.614769 -25.169086 18.550491
v -19.516460 -25.295780 18.844452
v -19.309731 -25.295807 18.600082
v -19.614769 -25.169086 17.108963
v -19.309723 -25.295807 17.059418
v -19.516457 -25.295780 16.814987
v -21.058662 -25.169086 17.108963
v -21.156967 -25.295780 16.814987
v -21.363701 -25.295807 17.059418
v -21.058662 -25.169086 18.550491
v -21.363701 -25.295807 18.600037
v -21.156967 -25.295780 18.844452
v -19.818497 -28.142834 17.312332
v -19.738270 -28.024651 17.069763
v -19.576565 -28.024651 17.261597
v -19.818497 -28.142834 18.347107
v -19.576569 -28.024651 18.397903
v -19.738274 -28.024651 18.589691
v -20.854927 -28.142834 18.347107
v -20.935154 -28.024651 18.589691
v -21.096859 -28.024651 18.397903
v -20.854927 -28.142834 17.312332
v -21.096863 -28.024651 17.261597
v -20.935158 -28.024651 17.069763
v -3.692133 -25.169086 -24.357117
v -3.593827 -25.295780 -24.063171
v -3.387093 -25.295807 -24.307587
v -3.692133 -25.169086 -25.798706
v -3.387092 -25.295807 -25.848206
v -3.593823 -25.295780 -26.092621
v -5.136030 -25.169086 -25.798706
v -5.234333 -25.295780 -26.092621
v -5.441065 -25.295807 -25.848206
v -5.136030 -25.169086 -24.357117
v -5.441065 -25.295807 -24.307587
v -5.234333 -25.295780 -24.063171
v -3.895864 -28.142834 -25.595276
v -3.815635 -28.024651 -25.837860
v -3.653931 -28.024651 -25.646057
v -3.895864 -28.142834 -24.560547
v -3.653932 -28.024651 -24.509705
v -3.815639 -28.024651 -24.317932
v -4.932293 -28.142834 -24.560547
v -5.012521 -28.024651 -24.317932
v -5.174225 -28.024651 -24.509705
v -4.932293 -28.142834 -25.595276
v -5.174230 -28.024651 -25.646057
v -5.012524 -28.024651 -25.837860
v 0.014366 -10.179448 22.894089
v 19.875755 -10.179448 22.987701
v 19.763947 -10.179448 22.894089
v -0.002564 -10.179448 22.987701
v -19.842091 -10.179448 22.987701
v -19.735218 -10.179448 22.894089
v -21.237873 -0.510979 10.987228
v -21.237865 -4.263592 18.985550
v -21.237865 -0.510979 18.966293
v -21.237873 -10.179448 10.985992
v -21.237865 -5.242062 19.037048
v -21.237865 -5.684686 19.225876
v -21.237865 -6.060743 19.526291
v -21.237865 -6.304836 19.832611
v -21.237865 -10.179448 22.894089
v -21.237865 -6.486082 20.262146
v -21.237865 -6.643581 21.214630
v -21.237865 -6.644201 21.805664
v -21.237865 -6.712770 22.211456
v -21.237865 -7.802582 22.894089
v -21.237865 -6.885386 22.570084
v -21.237865 -7.305145 22.849548
v -21.237865 -7.080936 22.766205
v 21.242928 -7.799625 22.894089
v 21.242928 -7.080936 22.766205
v 21.242928 -7.305145 22.849548
v 21.242928 -6.885386 22.570084
v 21.242928 -10.179448 22.894089
v 21.242928 -6.712770 22.211456
v 21.242928 -6.644225 21.805664
v 21.242928 -6.643581 21.214630
v 21.242928 -6.486082 20.262146
v 21.242924 -10.179448 10.985992
v 21.242928 -6.304836 19.832611
v 21.242928 -6.060743 19.526291
v 21.242928 -5.684686 19.225876
v 21.242928 -5.242062 19.037048
v 21.242928 -4.263592 18.985550
v 21.242928 -0.510979 18.985550
v 21.242924 -0.510979 10.987228
v 20.731197 -0.370646 -1.088242
v 20.625004 -0.510979 10.987228
v 20.723404 -0.370646 10.984802
v 20.628853 -0.510979 -1.076706
v 20.723404 -0.370646 10.984802
v 21.140575 -0.370646 -1.134491
v 20.731197 -0.370646 -1.088242
v 21.139938 -0.370646 10.984802
v 21.139297 -0.370646 18.969101
v 20.715618 -0.370646 17.697845
v 19.878521 -0.370646 18.969101
v 19.889008 -0.370646 17.697845
v 21.242924 -0.510979 -1.146088
v 21.139938 -0.370646 10.984802
v 21.242924 -0.510979 10.987228
v 21.140575 -0.370646 -1.134491
v 21.242924 -10.179448 -1.146088
v 21.242924 -0.510979 10.987228
v 21.242924 -10.179448 10.985992
v 21.242924 -0.510979 -1.146088
v 21.519047 -10.312796 -1.175598
v 21.242924 -10.179448 10.985992
v 21.520630 -10.306573 10.985992
v 21.242924 -10.179448 -1.146088
v -20.660389 -0.510979 17.518524
v -20.756786 -0.370646 10.984802
v -20.756641 -0.370646 17.628952
v -20.660568 -0.510979 10.987228
v -20.756935 -0.370646 -1.175598
v -20.660744 -0.510979 -1.175598
v -20.757225 -0.370646 -17.679688
v -20.661106 -0.510979 -17.676147
v -21.141651 -0.370646 10.984802
v -21.237873 -0.510979 10.987228
v -21.237865 -0.510979 18.966293
v -21.141624 -0.370646 18.963531
v -21.148575 -0.510979 19.059891
v -21.522213 -11.228967 23.127457
v -0.002564 -11.228967 23.242233
v -21.418476 -11.228967 23.229980
v -0.001393 -11.228967 10.985992
v 21.520630 -11.228967 10.985992
v 21.522213 -11.228967 23.147583
v 21.413345 -11.228967 23.254440
v -21.520851 -11.228967 10.985992
v -7.598892 -28.150414 26.006699
v -8.333557 -28.150414 25.902985
v -7.686337 -28.150414 25.902985
v -8.420997 -28.150414 26.006699
v -8.421001 -28.150414 26.621185
v -7.598892 -28.150414 26.621185
v -7.686333 -28.150414 26.724915
v -8.333557 -28.150414 26.724915
v -7.598892 -28.150414 31.393372
v -8.333557 -28.150414 31.289673
v -7.686337 -28.150414 31.289673
v -8.420997 -28.150414 31.393372
v -8.421001 -28.150414 32.007874
v -7.598892 -28.150414 32.007874
v -7.686333 -28.150414 32.111603
v -8.333557 -28.150414 32.111603
v 8.452833 -28.150414 31.393372
v 7.718167 -28.150414 31.289673
v 8.365390 -28.150414 31.289673
v 7.630728 -28.150414 31.393372
v 7.630724 -28.150414 32.007874
v 8.452833 -28.150414 32.007874
v 8.365392 -28.150414 32.111603
v 7.718167 -28.150414 32.111603
v 7.630724 -28.150414 26.621185
v 8.365392 -28.150414 26.724915
v 7.718167 -28.150414 26.724915
v 8.452833 -28.150414 26.621185
v 8.452833 -28.150414 26.006699
v 7.630728 -28.150414 26.006699
v 7.718167 -28.150414 25.902985
v 8.365390 -28.150414 25.902985
v 18.127213 -8.367896 18.127777
v 0.580116 -8.367896 18.259232
v 18.127213 -8.367896 18.259232
v 0.580116 -8.367896 18.127777
v -16.966980 -8.367896 18.259232
v -16.966980 -8.367896 18.127777
v 18.127213 -8.367896 18.259232
v 0.580116 -8.424425 18.259232
v 18.127213 -8.424425 18.259232
v 0.580116 -8.367896 18.259232
v -16.966980 -8.424425 18.259232
v -16.966980 -8.367896 18.259232
v -0.001793 -1.824713 6.608963
v -9.917984 -1.824713 7.807434
v -9.917984 -1.824713 6.608963
v -0.001793 -1.824713 7.807434
v 20.612938 -1.538897 6.633667
v -0.023723 -1.538897 5.962616
v 20.612938 -1.538897 5.962616
v -0.023723 -1.538897 6.633667
v -20.660389 -1.538897 6.633667
v -20.660389 -1.538897 5.962616
v -20.660389 -0.510979 6.633667
v -20.660389 -1.538897 6.633667
v -0.023723 -1.538897 6.633667
v -0.023723 -0.510979 6.633667
v 20.612938 -1.538897 6.633667
v 20.612938 -0.510979 6.633667
v -0.023723 -0.510979 6.633667
v -20.660389 -0.510979 5.962616
v -20.660389 -0.510979 6.633667
v -0.023723 -0.510979 5.962616
v 20.612938 -0.510979 5.962616
v 20.612938 -0.510979 6.633667
v -0.023723 -0.510979 5.962616
v -20.660389 -1.538897 5.962616
v -20.660389 -0.510979 5.962616
v -0.023723 -1.538897 5.962616
v 20.612938 -0.510979 5.962616
v 20.612938 -1.538897 5.962616
v -21.516777 -11.228967 -17.707336
v -0.000221 -11.228967 -1.175598
v -21.519493 -11.228967 -1.175598
v -21.237873 -11.228967 -17.697327
v 21.519047 -11.228967 -1.175598
v 21.416763 -11.228967 -2.490143
v 20.855064 -11.228967 -4.026230
v 19.928242 -11.228967 -5.379578
v 18.247780 -11.228967 -6.710541
v 16.137785 -11.228967 -8.040146
v 7.346054 -11.228967 -22.883942
v 8.352079 -11.228967 -19.778534
v 9.382728 -11.228967 -16.975220
v 10.423056 -11.228967 -14.404907
v 11.924096 -11.228967 -11.793457
v 12.840287 -11.228967 -10.557800
v 14.005434 -11.228967 -9.471466
v -21.347752 -11.228967 -21.801910
v 6.408607 -11.228967 -25.436066
v -20.761799 -11.228967 -24.423462
v -19.897308 -11.228967 -26.421417
v 5.146132 -11.228967 -27.586731
v -18.705280 -11.228967 -28.211212
v 3.624380 -11.228967 -29.360626
v 2.040413 -11.228967 -30.715332
v -17.231350 -11.228967 -29.723938
v -15.459328 -11.228967 -31.001862
v 0.041772 -11.228967 -31.865234
v -13.184738 -11.228967 -32.198395
v -2.237687 -11.228967 -32.811737
v -10.647697 -11.228967 -33.009155
v -7.780120 -11.228967 -33.378265
v -4.737608 -11.228967 -33.312469
v 9.914399 -1.560736 6.608963
v -0.001793 -1.824713 6.608963
v -0.001793 -1.560736 6.608963
v 9.914399 -1.824713 6.608963
v 9.914399 -1.560736 6.608963
v -0.001793 -1.560736 7.807434
v 9.914399 -1.560736 7.807434
v -0.001793 -1.560736 6.608963
v -9.917984 -1.560736 7.807434
v -9.917984 -1.560736 6.608963
v -0.001793 -1.560736 7.807434
v 9.914399 -1.824713 7.807434
v 9.914399 -1.560736 7.807434
v -0.001793 -1.824713 7.807434
v 19.875755 -10.179448 22.987701
v -0.002564 -10.179448 22.987701
v -0.002564 -10.306573 23.242233
v 21.413345 -10.300541 23.254440
v 21.413345 -11.228967 23.254440
v -0.002564 -11.228967 23.242233
v -0.001393 -11.228967 10.985992
v 21.519047 -11.228967 -1.175598
v 21.520630 -11.228967 10.985992
v -0.000221 -11.228967 -1.175598
v -21.520851 -11.228967 10.985992
v -21.519493 -11.228967 -1.175598
v -0.001793 -17.877007 32.594482
v 8.938787 -18.809509 32.594482
v 8.938787 -17.877007 32.594482
v -0.001793 -18.809509 32.594482
v -8.942370 -18.809509 32.594482
v -8.942370 -17.877007 32.594482
v -0.001793 -17.877007 25.475220
v -8.942370 -18.809509 25.475220
v -8.942370 -17.877007 25.475220
v -0.001793 -18.809509 25.475220
v 8.938787 -18.809509 25.475220
v 8.938787 -17.877007 25.475220
v -0.001793 -18.809509 32.594482
v -8.942370 -18.809509 32.594482
v -8.942370 -18.809509 25.475220
v -0.001793 -18.809509 25.475220
v 8.938787 -18.809509 32.594482
v 8.938787 -18.809509 25.475220
v 9.420613 -17.877007 33.378265
v -0.001795 -17.877007 24.560822
v 9.420613 -17.877007 24.560822
v -0.001795 -17.877007 33.378265
v -9.424200 -17.877007 33.378265
v -9.424200 -17.877007 24.560822
v 9.420613 -17.877007 24.560822
v -0.001795 -16.749001 24.560822
v 9.420613 -16.749001 24.560822
v -0.001795 -17.877007 24.560822
v -9.424200 -16.749001 24.560822
v -9.424200 -17.877007 24.560822
v -0.001795 -17.877007 33.378265
v 9.420613 -17.877007 33.378265
v 9.420612 -16.749001 33.378265
v -0.001795 -16.749001 33.378265
v -9.424200 -17.877007 33.378265
v -9.424200 -16.749001 33.378265
v -19.776566 -1.538897 18.168259
v -19.776566 -9.126282 18.168259
v 0.003048 -9.126282 18.168259
v 0.003048 -1.538897 18.168259
v 19.782658 -9.126282 18.168259
v 19.782658 -1.538897 18.168259
v -19.776566 -1.538897 18.168259
v 0.003044 -1.538897 19.602295
v -19.776566 -1.538897 19.602249
v 0.003048 -1.538897 18.168259
v 19.782654 -1.538897 19.602295
v 19.782658 -1.538897 18.168259
v 0.003048 -9.126282 18.168259
v 19.782658 -9.126282 22.815613
v 19.782658 -9.126282 18.168259
v -0.008785 -9.126282 22.815613
v -19.776566 -9.126282 18.168259
v -19.800228 -9.126282 22.815613
v -0.008785 -9.126282 22.815613
v 19.782658 -9.220409 22.887177
v 19.782658 -9.126282 22.815613
v -0.008784 -9.220409 22.887177
v -19.800228 -9.126282 22.815613
v -19.800228 -9.220409 22.887177
v -0.008784 -9.220409 22.887177
v 19.782658 -10.194540 22.887177
v 19.782658 -9.220409 22.887177
v -0.008785 -10.194540 22.887177
v -19.800228 -9.220409 22.887177
v -19.800228 -10.194540 22.887177
v -0.008785 -10.194540 22.887177
v 19.782658 -10.179424 17.518524
v 19.782658 -10.194540 22.887177
v 0.003048 -10.179424 17.518524
v -19.800228 -10.194540 22.887177
v -19.776566 -10.179424 17.518524
v 0.003048 -10.179424 17.518524
v 19.782658 -1.538897 17.518524
v 19.782658 -10.179424 17.518524
v 0.003048 -1.538897 17.518524
v 0.003048 -0.918341 17.518524
v 19.782658 -0.918341 17.518524
v -19.776566 -10.179424 17.518524
v -19.776566 -1.538897 17.518524
v -19.776566 -0.918341 17.518524
v 19.782658 -0.918341 17.518524
v -0.008785 -0.783420 17.608490
v 19.682861 -0.783420 17.608490
v 0.003048 -0.918341 17.518524
v -19.700436 -0.783420 17.608490
v -19.776566 -0.918341 17.518524
v -0.008785 -0.783420 17.608490
v 19.682861 -0.783420 18.123291
v 19.682861 -0.783420 17.608490
v -0.008785 -0.783420 18.123291
v -0.008785 -0.783420 19.529343
v 19.682861 -0.783420 19.529343
v -19.700436 -0.783420 18.123291
v -19.700436 -0.783420 19.529343
v -19.700436 -0.783420 17.608490
v -19.776566 -1.538897 19.602249
v 0.003044 -0.918341 19.602295
v -19.776566 -0.918341 19.602249
v 0.003044 -1.538897 19.602295
v 19.782654 -0.918341 19.602295
v 19.782654 -1.538897 19.602295
v -19.776566 -0.918341 19.602249
v -0.008785 -0.783420 19.529343
v -19.700436 -0.783420 19.529343
v 0.003044 -0.918341 19.602295
v 19.682861 -0.783420 19.529343
v 19.782654 -0.918341 19.602295
v 18.991718 -4.440451 2.293152
v 18.991718 -3.823256 3.055908
v 18.991718 -4.440451 3.055908
v 18.991718 -3.823256 2.293152
v 18.991718 -3.823256 2.293152
v -20.744854 -4.440451 0.499725
v -20.744854 -3.823256 0.499725
v 18.991718 -4.440451 2.293152
v -20.744854 -3.823256 3.055908
v 18.991718 -4.440451 3.055908
v 18.991718 -3.823256 3.055908
v -20.744854 -4.440451 3.055908
v 18.991718 -3.823256 2.293152
v -20.744854 -3.823256 3.055908
v 18.991718 -3.823256 3.055908
v -20.744854 -3.823256 0.499725
v 20.664513 -4.318285 1.257660
v 20.568310 -2.424312 1.257706
v 20.654186 -2.424312 1.257706
v 20.568310 -4.045081 1.257706
v 19.004196 -4.318285 1.257660
v 19.004196 -4.045081 1.257660
v 20.654186 -2.424312 3.727814
v 20.568310 -2.424312 3.727814
v 20.568310 -4.045081 3.727814
v 20.664513 -4.318285 3.727814
v 19.004196 -4.045081 3.727814
v 19.004196 -4.318285 3.727814
v 20.568310 -2.424312 1.257706
v 20.654186 -2.424312 3.727814
v 20.654186 -2.424312 1.257706
v 20.568310 -2.424312 3.727814
v 20.515511 -3.992271 3.619003
v 20.568310 -2.424312 3.727814
v 20.515511 -2.487087 3.619003
v 20.568310 -4.045081 3.727814
v 20.515511 -2.487087 3.619003
v 20.568310 -2.424312 1.257706
v 20.515511 -2.487087 1.366516
v 20.568310 -2.424312 3.727814
v 20.568310 -4.045081 1.257706
v 20.515511 -2.487087 1.366516
v 20.568310 -2.424312 1.257706
v 20.515511 -3.992271 1.366516
v 20.515511 -3.992271 3.619003
v 20.515511 -2.487087 1.366516
v 20.515511 -3.992271 1.366516
v 20.515511 -2.487087 3.619003
v 20.568310 -4.045081 3.727814
v 19.066963 -3.992271 3.619003
v 19.004196 -4.045081 3.727814
v 20.515511 -3.992271 3.619003
v 20.515511 -3.992271 1.366516
v 19.004196 -4.045081 1.257660
v 19.066963 -3.992271 1.366470
v 20.568310 -4.045081 1.257706
v 19.004196 -4.045081 3.727814
v 19.004196 -4.318285 1.257660
v 19.004196 -4.318285 3.727814
v 19.004196 -4.045081 1.257660
v 19.066963 -3.992271 1.366470
v 19.004196 -4.045081 3.727814
v 19.066963 -3.992271 3.619003
v 19.004196 -4.045081 1.257660
v 20.515511 -3.992271 1.366516
v 19.066963 -3.992271 3.619003
v 20.515511 -3.992271 3.619003
v 19.066963 -3.992271 1.366470
v -9.917984 -1.560736 6.608963
v -9.917984 -1.824713 7.807434
v -9.917984 -1.560736 7.807434
v -9.917984 -1.824713 6.608963
v 9.914399 -1.824713 6.608963
v 9.914399 -1.560736 7.807434
v 9.914399 -1.824713 7.807434
v 9.914399 -1.560736 6.608963
v -0.001793 -1.560736 6.608963
v -9.917984 -1.824713 6.608963
v -9.917984 -1.560736 6.608963
v -0.001793 -1.824713 6.608963
v 9.914399 -1.824713 7.807434
v -0.001793 -1.824713 6.608963
v 9.914399 -1.824713 6.608963
v -0.001793 -1.824713 7.807434
v -9.917984 -1.560736 7.807434
v -0.001793 -1.824713 7.807434
v -0.001793 -1.560736 7.807434
v -9.917984 -1.824713 7.807434
v -20.660389 -0.783420 6.633667
v -9.538277 -0.783420 16.437622
v -9.538277 -0.783420 6.633667
v -20.660389 -0.783420 17.471161
v -0.001793 -0.783420 16.437622
v -0.001793 -0.783420 17.471161
v 20.478821 -0.783420 17.471161
v 9.534690 -0.783420 16.437622
v 20.478821 -0.783420 6.633667
v 9.534690 -0.783420 6.633667
v -0.001793 -1.538897 16.437622
v 9.534690 -0.783420 16.437622
v 9.534690 -1.538897 16.437622
v -0.001793 -0.783420 16.437622
v -9.538277 -1.538897 16.437622
v -9.538277 -0.783420 16.437622
v 9.534690 -0.783420 6.633667
v 9.534690 -1.538897 16.437622
v 9.534690 -0.783420 16.437622
v 9.534690 -1.538897 6.633667
v 9.534690 -0.783420 6.633667
v 20.478821 -1.538897 6.633667
v 9.534690 -1.538897 6.633667
v 20.478821 -0.783420 6.633667
v 20.478821 -1.538897 17.471161
v 20.478821 -0.783420 6.633667
v 20.478821 -0.783420 17.471161
v 20.478821 -1.538897 6.633667
v 20.478821 -0.783420 17.471161
v -0.001793 -1.538897 17.471161
v 20.478821 -1.538897 17.471161
v -0.001793 -0.783420 17.471161
v -20.660389 -0.783420 17.471161
v -20.660389 -1.538897 17.471161
v -9.538277 -1.538897 6.633667
v -9.538277 -0.783420 16.437622
v -9.538277 -1.538897 16.437622
v -9.538277 -0.783420 6.633667
v -9.538277 -1.538897 6.633667
v -20.660389 -0.783420 6.633667
v -9.538277 -0.783420 6.633667
v -20.660389 -1.538897 6.633667
v -20.526272 -1.538897 6.633667
v -20.660389 -1.538897 17.471161
v -20.660389 -0.783420 6.633667
v -20.660389 -1.538897 6.633667
v -20.660389 -0.783420 17.471161
v -20.660389 -0.510979 5.962616
v -20.660389 -1.538897 6.633667
v -20.660389 -0.510979 6.633667
v -20.660389 -1.538897 5.962616
v 20.612938 -1.538897 5.962616
v 20.612938 -0.510979 6.633667
v 20.612938 -1.538897 6.633667
v 20.612938 -0.510979 5.962616
v -17.548889 -8.581567 22.326279
v 17.615341 -8.581638 22.175873
v 17.615444 -8.581567 22.326279
v -17.548706 -8.581638 22.175873
v -17.548706 -8.581638 22.175873
v 17.615391 -9.129190 22.176544
v 17.615341 -8.581638 22.175873
v -17.548752 -9.129190 22.176544
v 17.615444 -8.424807 18.166779
v -17.548889 -8.424807 22.326279
v 17.615444 -8.424807 22.326279
v -17.548889 -8.424807 18.166779
v -17.548889 -8.424807 22.326279
v 17.615444 -8.581567 22.326279
v 17.615444 -8.424807 22.326279
v -17.548889 -8.581567 22.326279
v 17.052967 -8.436775 20.887238
v 17.022118 -7.996130 18.170349
v 17.022118 -7.996130 20.678040
v 17.052967 -8.436775 18.168686
v 17.022118 -7.996130 20.678040
v 16.788750 -7.996130 18.170349
v 16.788750 -7.996130 20.678040
v 17.022118 -7.996130 18.170349
v 16.788750 -7.996130 20.678040
v 16.757900 -8.436775 18.168686
v 16.757900 -8.436775 20.887238
v 16.788750 -7.996130 18.170349
v 16.788750 -7.996130 20.678040
v 17.052967 -8.436775 20.887238
v 17.022118 -7.996130 20.678040
v 16.757900 -8.436775 20.887238
v 16.376610 -8.436775 20.887238
v 16.345768 -7.996130 18.170349
v 16.345768 -7.996130 20.678040
v 16.376610 -8.436775 18.168686
v 16.345768 -7.996130 20.678040
v 16.112396 -7.996130 18.170349
v 16.112396 -7.996130 20.678040
v 16.345768 -7.996130 18.170349
v 16.112396 -7.996130 20.678040
v 16.081551 -8.436775 18.168686
v 16.081551 -8.436775 20.887238
v 16.112396 -7.996130 18.170349
v 16.112396 -7.996130 20.678040
v 16.376610 -8.436775 20.887238
v 16.345768 -7.996130 20.678040
v 16.081551 -8.436775 20.887238
v 15.718822 -8.436775 20.887238
v 15.687973 -7.996130 18.170349
v 15.687973 -7.996130 20.678040
v 15.718822 -8.436775 18.168686
v 15.687973 -7.996130 20.678040
v 15.454604 -7.996130 18.170349
v 15.454604 -7.996130 20.678040
v 15.687973 -7.996130 18.170349
v 15.454604 -7.996130 20.678040
v 15.423760 -8.436775 18.168686
v 15.423760 -8.436775 20.887238
v 15.454604 -7.996130 18.170349
v 15.454604 -7.996130 20.678040
v 15.718822 -8.436775 20.887238
v 15.687973 -7.996130 20.678040
v 15.423760 -8.436775 20.887238
v 14.274303 -8.436775 20.887238
v 14.243452 -7.996130 18.170349
v 14.243452 -7.996130 20.678040
v 14.274303 -8.436775 18.168686
v 14.243452 -7.996130 20.678040
v 14.010081 -7.996130 18.170349
v 14.010081 -7.996130 20.678040
v 14.243452 -7.996130 18.170349
v 14.010081 -7.996130 20.678040
v 13.979241 -8.436775 18.168686
v 13.979241 -8.436775 20.887238
v 14.010081 -7.996130 18.170349
v 14.010081 -7.996130 20.678040
v 14.274303 -8.436775 20.887238
v 14.243452 -7.996130 20.678040
v 13.979241 -8.436775 20.887238
v 13.614020 -8.436775 20.887238
v 13.583169 -7.996130 18.170349
v 13.583169 -7.996130 20.678040
v 13.614020 -8.436775 18.168686
v 13.583169 -7.996130 20.678040
v 13.349807 -7.996130 18.170349
v 13.349807 -7.996130 20.678040
v 13.583169 -7.996130 18.170349
v 13.349807 -7.996130 20.678040
v 13.318958 -8.436775 18.168686
v 13.318958 -8.436775 20.887238
v 13.349807 -7.996130 18.170349
v 13.349807 -7.996130 20.678040
v 13.614020 -8.436775 20.887238
v 13.583169 -7.996130 20.678040
v 13.318958 -8.436775 20.887238
v 12.259576 -8.436775 20.887238
v 12.228724 -7.996130 18.170349
v 12.228724 -7.996130 20.678040
v 12.259576 -8.436775 18.168686
v 12.228724 -7.996130 20.678040
v 11.995361 -7.996130 18.170349
v 11.995361 -7.996130 20.678040
v 12.228724 -7.996130 18.170349
v 11.995361 -7.996130 20.678040
v 11.964503 -8.436775 18.168686
v 11.964503 -8.436775 20.887238
v 11.995361 -7.996130 18.170349
v 11.995361 -7.996130 20.678040
v 12.259576 -8.436775 20.887238
v 12.228724 -7.996130 20.678040
v 11.964503 -8.436775 20.887238
v 11.583224 -8.436775 20.887238
v 11.552380 -7.996130 18.170349
v 11.552380 -7.996130 20.678040
v 11.583224 -8.436775 18.168686
v 11.552380 -7.996130 20.678040
v 11.319004 -7.996130 18.170349
v 11.319004 -7.996130 20.678040
v 11.552380 -7.996130 18.170349
v 11.319004 -7.996130 20.678040
v 11.288157 -8.436775 18.168686
v 11.288157 -8.436775 20.887238
v 11.319004 -7.996130 18.170349
v 11.319004 -7.996130 20.678040
v 11.583224 -8.436775 20.887238
v 11.552380 -7.996130 20.678040
v 11.288157 -8.436775 20.887238
v 10.925434 -8.436775 20.887238
v 10.894581 -7.996130 18.170349
v 10.894581 -7.996130 20.678040
v 10.925434 -8.436775 18.168686
v 10.894581 -7.996130 20.678040
v 10.661212 -7.996130 18.170349
v 10.661212 -7.996130 20.678040
v 10.894581 -7.996130 18.170349
v 10.661212 -7.996130 20.678040
v 10.630363 -8.436775 18.168686
v 10.630363 -8.436775 20.887238
v 10.661212 -7.996130 18.170349
v 10.661212 -7.996130 20.678040
v 10.925434 -8.436775 20.887238
v 10.894581 -7.996130 20.678040
v 10.630363 -8.436775 20.887238
v 9.558389 -8.436775 20.887238
v 9.527540 -7.996130 18.170349
v 9.527540 -7.996130 20.678040
v 9.558389 -8.436775 18.168686
v 9.527540 -7.996130 20.678040
v 9.294168 -7.996130 18.170349
v 9.294168 -7.996130 20.678040
v 9.527540 -7.996130 18.170349
v 9.294168 -7.996130 20.678040
v 9.263318 -8.436775 18.168686
v 9.263318 -8.436775 20.887238
v 9.294168 -7.996130 18.170349
v 9.294168 -7.996130 20.678040
v 9.558389 -8.436775 20.887238
v 9.527540 -7.996130 20.678040
v 9.263318 -8.436775 20.887238
v 8.898100 -8.436775 20.887238
v 8.867252 -7.996130 18.170349
v 8.867252 -7.996130 20.678040
v 8.898100 -8.436775 18.168686
v 8.867252 -7.996130 20.678040
v 8.633890 -7.996130 18.170349
v 8.633890 -7.996130 20.678040
v 8.867252 -7.996130 18.170349
v 8.633890 -7.996130 20.678040
v 8.603034 -8.436775 18.168686
v 8.603034 -8.436775 20.887238
v 8.633890 -7.996130 18.170349
v 8.633890 -7.996130 20.678040
v 8.898100 -8.436775 20.887238
v 8.867252 -7.996130 20.678040
v 8.603034 -8.436775 20.887238
v 7.579502 -8.436775 20.887238
v 7.548652 -7.996130 18.170410
v 7.548652 -7.996130 20.678040
v 7.579502 -8.436775 18.168686
v 7.548652 -7.996130 20.678040
v 7.315287 -7.996130 18.170410
v 7.315287 -7.996130 20.678040
v 7.548652 -7.996130 18.170410
v 7.315287 -7.996130 20.678040
v 7.284433 -8.436775 18.168686
v 7.284433 -8.436775 20.887238
v 7.315287 -7.996130 18.170410
v 7.315287 -7.996130 20.678040
v 7.579502 -8.436775 20.887238
v 7.548652 -7.996130 20.678040
v 7.284433 -8.436775 20.887238
v 6.903162 -8.436775 20.887238
v 6.872314 -7.996130 18.170410
v 6.872314 -7.996130 20.678040
v 6.903162 -8.436775 18.168686
v 6.872314 -7.996130 20.678040
v 6.638947 -7.996130 18.170410
v 6.638947 -7.996130 20.678040
v 6.872314 -7.996130 18.170410
v 6.638947 -7.996130 20.678040
v 6.608093 -8.436775 18.168686
v 6.608093 -8.436775 20.887238
v 6.638947 -7.996130 18.170410
v 6.638947 -7.996130 20.678040
v 6.903162 -8.436775 20.887238
v 6.872314 -7.996130 20.678040
v 6.608093 -8.436775 20.887238
v 6.245373 -8.436775 20.887238
v 6.214519 -7.996130 18.170410
v 6.214519 -7.996130 20.678040
v 6.245373 -8.436775 18.168686
v 6.214519 -7.996130 20.678040
v 5.981154 -7.996130 18.170410
v 5.981154 -7.996130 20.678040
v 6.214519 -7.996130 18.170410
v 5.981154 -7.996130 20.678040
v 5.950299 -8.436775 18.168686
v 5.950299 -8.436775 20.887238
v 5.981154 -7.996130 18.170410
v 5.981154 -7.996130 20.678040
v 6.245373 -8.436775 20.887238
v 6.214519 -7.996130 20.678040
v 5.950299 -8.436775 20.887238
v 4.878325 -8.436775 20.887238
v 4.847473 -7.996130 18.170410
v 4.847473 -7.996130 20.678040
v 4.878325 -8.436775 18.168686
v 4.847473 -7.996130 20.678040
v 4.614103 -7.996130 18.170410
v 4.614103 -7.996130 20.678040
v 4.847473 -7.996130 18.170410
v 4.614103 -7.996130 20.678040
v 4.583252 -8.436775 18.168686
v 4.583252 -8.436775 20.887238
v 4.614103 -7.996130 18.170410
v 4.614103 -7.996130 20.678040
v 4.878325 -8.436775 20.887238
v 4.847473 -7.996130 20.678040
v 4.583252 -8.436775 20.887238
v 4.218040 -8.436775 20.887238
v 4.187189 -7.996130 18.170410
v 4.187189 -7.996130 20.678040
v 4.218040 -8.436775 18.168686
v 4.187189 -7.996130 20.678040
v 3.953823 -7.996130 18.170410
v 3.953823 -7.996130 20.678040
v 4.187189 -7.996130 18.170410
v 3.953823 -7.996130 20.678040
v 3.922971 -8.436775 18.168686
v 3.922971 -8.436775 20.887238
v 3.953823 -7.996130 18.170410
v 3.953823 -7.996130 20.678040
v 4.218040 -8.436775 20.887238
v 4.187189 -7.996130 20.678040
v 3.922971 -8.436775 20.887238
v 2.863546 -8.436775 20.887238
v 2.832695 -7.996130 18.170410
v 2.832695 -7.996130 20.678040
v 2.863546 -8.436775 18.168686
v 2.832695 -7.996130 20.678040
v 2.599331 -7.996130 18.170410
v 2.599331 -7.996130 20.678040
v 2.832695 -7.996130 18.170410
v 2.599331 -7.996130 20.678040
v 2.568477 -8.436775 18.168686
v 2.568477 -8.436775 20.887238
v 2.599331 -7.996130 18.170410
v 2.599331 -7.996130 20.678040
v 2.863546 -8.436775 20.887238
v 2.832695 -7.996130 20.678040
v 2.568477 -8.436775 20.887238
v 2.187202 -8.436775 20.887238
v 2.156353 -7.996130 18.170410
v 2.156353 -7.996130 20.678040
v 2.187202 -8.436775 18.168686
v 2.156353 -7.996130 20.678040
v 1.922981 -7.996130 18.170410
v 1.922981 -7.996130 20.678040
v 2.156353 -7.996130 18.170410
v 1.922981 -7.996130 20.678040
v 1.892135 -8.436775 18.168686
v 1.892135 -8.436775 20.887238
v 1.922981 -7.996130 18.170410
v 1.922981 -7.996130 20.678040
v 2.187202 -8.436775 20.887238
v 2.156353 -7.996130 20.678040
v 1.892135 -8.436775 20.887238
v 1.529409 -8.436775 20.887238
v 1.498556 -7.996130 18.170410
v 1.498556 -7.996130 20.678040
v 1.529409 -8.436775 18.168686
v 1.498556 -7.996130 20.678040
v 1.265192 -7.996130 18.170410
v 1.265192 -7.996130 20.678040
v 1.498556 -7.996130 18.170410
v 1.265192 -7.996130 20.678040
v 1.234338 -8.436775 18.168686
v 1.234338 -8.436775 20.887238
v 1.265192 -7.996130 18.170410
v 1.265192 -7.996130 20.678040
v 1.529409 -8.436775 20.887238
v 1.498556 -7.996130 20.678040
v 1.234338 -8.436775 20.887238
v 0.162363 -8.436775 20.887238
v 0.131513 -7.996130 18.170410
v 0.131513 -7.996130 20.678040
v 0.162363 -8.436775 18.168686
v 0.131513 -7.996130 20.678040
v -0.101861 -7.996130 18.170410
v -0.101861 -7.996130 20.678040
v 0.131513 -7.996130 18.170410
v -0.101861 -7.996130 20.678040
v -0.132705 -8.436775 18.168686
v -0.132705 -8.436775 20.887238
v -0.101861 -7.996130 18.170410
v -0.101861 -7.996130 20.678040
v 0.162363 -8.436775 20.887238
v 0.131513 -7.996130 20.678040
v -0.132705 -8.436775 20.887238
v -0.497917 -8.436775 20.887238
v -0.528770 -7.996130 18.170410
v -0.528770 -7.996130 20.678040
v -0.497917 -8.436775 18.168686
v -0.528770 -7.996130 20.678040
v -0.762131 -7.996130 18.170410
v -0.762131 -7.996130 20.678040
v -0.528770 -7.996130 18.170410
v -0.762131 -7.996130 20.678040
v -0.792988 -8.436775 18.168686
v -0.792988 -8.436775 20.887238
v -0.762131 -7.996130 18.170410
v -0.762131 -7.996130 20.678040
v -0.497917 -8.436775 20.887238
v -0.528770 -7.996130 20.678040
v -0.792988 -8.436775 20.887238
v -1.851856 -8.436775 20.887238
v -1.882706 -7.996130 18.170410
v -1.882706 -7.996130 20.678040
v -1.851856 -8.436775 18.168686
v -1.882706 -7.996130 20.678040
v -2.116076 -7.996130 18.170410
v -2.116076 -7.996130 20.678040
v -1.882706 -7.996130 18.170410
v -2.116076 -7.996130 20.678040
v -2.146926 -8.436775 18.168686
v -2.146926 -8.436775 20.887238
v -2.116076 -7.996130 18.170410
v -2.116076 -7.996130 20.678040
v -1.851856 -8.436775 20.887238
v -1.882706 -7.996130 20.678040
v -2.146926 -8.436775 20.887238
v -2.528208 -8.436775 20.887238
v -2.559052 -7.996130 18.170410
v -2.559052 -7.996130 20.678040
v -2.528208 -8.436775 18.168686
v -2.559052 -7.996130 20.678040
v -2.792422 -7.996130 18.170410
v -2.792422 -7.996130 20.678040
v -2.559052 -7.996130 18.170410
v -2.792422 -7.996130 20.678040
v -2.823273 -8.436775 18.168686
v -2.823273 -8.436775 20.887238
v -2.792422 -7.996130 18.170410
v -2.792422 -7.996130 20.678040
v -2.528208 -8.436775 20.887238
v -2.559052 -7.996130 20.678040
v -2.823273 -8.436775 20.887238
v -3.185993 -8.436775 20.887238
v -3.216841 -7.996130 18.170410
v -3.216841 -7.996130 20.678040
v -3.185993 -8.436775 18.168686
v -3.216841 -7.996130 20.678040
v -3.450211 -7.996130 18.170410
v -3.450211 -7.996130 20.678040
v -3.216841 -7.996130 18.170410
v -3.450211 -7.996130 20.678040
v -3.481058 -8.436775 18.168686
v -3.481058 -8.436775 20.887238
v -3.450211 -7.996130 18.170410
v -3.450211 -7.996130 20.678040
v -3.185993 -8.436775 20.887238
v -3.216841 -7.996130 20.678040
v -3.481058 -8.436775 20.887238
v -4.553041 -8.436775 20.887238
v -4.583893 -7.996130 18.170410
v -4.583893 -7.996130 20.678040
v -4.553041 -8.436775 18.168686
v -4.583893 -7.996130 20.678040
v -4.817259 -7.996130 18.170410
v -4.817259 -7.996130 20.678040
v -4.583893 -7.996130 18.170410
v -4.817259 -7.996130 20.678040
v -4.848110 -8.436775 18.168686
v -4.848110 -8.436775 20.887238
v -4.817259 -7.996130 18.170410
v -4.817259 -7.996130 20.678040
v -4.553041 -8.436775 20.887238
v -4.583893 -7.996130 20.678040
v -4.848110 -8.436775 20.887238
v -5.213326 -8.436775 20.887238
v -5.244176 -7.996130 18.170410
v -5.244176 -7.996130 20.678040
v -5.213326 -8.436775 18.168686
v -5.244176 -7.996130 20.678040
v -5.477543 -7.996130 18.170410
v -5.477543 -7.996130 20.678040
v -5.244176 -7.996130 18.170410
v -5.477543 -7.996130 20.678040
v -5.508392 -8.436775 18.168686
v -5.508392 -8.436775 20.887238
v -5.477543 -7.996130 18.170410
v -5.477543 -7.996130 20.678040
v -5.213326 -8.436775 20.887238
v -5.244176 -7.996130 20.678040
v -5.508392 -8.436775 20.887238
v -6.532285 -8.436775 20.887238
v -6.563141 -7.996130 18.170410
v -6.563141 -7.996130 20.678040
v -6.532285 -8.436775 18.168686
v -6.563141 -7.996130 20.678040
v -6.796508 -7.996130 18.170410
v -6.796508 -7.996130 20.678040
v -6.563141 -7.996130 18.170410
v -6.796508 -7.996130 20.678040
v -6.827356 -8.436775 18.168686
v -6.827356 -8.436775 20.887238
v -6.796508 -7.996130 18.170410
v -6.796508 -7.996130 20.678040
v -6.532285 -8.436775 20.887238
v -6.563141 -7.996130 20.678040
v -6.827356 -8.436775 20.887238
v -7.208637 -8.436775 20.887238
v -7.239487 -7.996130 18.170410
v -7.239487 -7.996130 20.678040
v -7.208637 -8.436775 18.168686
v -7.239487 -7.996130 20.678040
v -7.472854 -7.996130 18.170410
v -7.472854 -7.996130 20.678040
v -7.239487 -7.996130 18.170410
v -7.472854 -7.996130 20.678040
v -7.503709 -8.436775 18.168686
v -7.503709 -8.436775 20.887238
v -7.472854 -7.996130 18.170410
v -7.472854 -7.996130 20.678040
v -7.208637 -8.436775 20.887238
v -7.239487 -7.996130 20.678040
v -7.503709 -8.436775 20.887238
v -7.866426 -8.436775 20.887238
v -7.897277 -7.996130 18.170410
v -7.897277 -7.996130 20.678040
v -7.866426 -8.436775 18.168686
v -7.897277 -7.996130 20.678040
v -8.130645 -7.996130 18.170410
v -8.130645 -7.996130 20.678040
v -7.897277 -7.996130 18.170410
v -8.130645 -7.996130 20.678040
v -8.161495 -8.436775 18.168686
v -8.161495 -8.436775 20.887238
v -8.130645 -7.996130 18.170410
v -8.130645 -7.996130 20.678040
v -7.866426 -8.436775 20.887238
v -7.897277 -7.996130 20.678040
v -8.161495 -8.436775 20.887238
v -9.233474 -8.436775 20.887238
v -9.264324 -7.996130 18.170410
v -9.264324 -7.996130 20.678040
v -9.233474 -8.436775 18.168686
v -9.264324 -7.996130 20.678040
v -9.497693 -7.996130 18.170410
v -9.497693 -7.996130 20.678040
v -9.264324 -7.996130 18.170410
v -9.497693 -7.996130 20.678040
v -9.528541 -8.436775 18.168686
v -9.528541 -8.436775 20.887238
v -9.497693 -7.996130 18.170410
v -9.497693 -7.996130 20.678040
v -9.233474 -8.436775 20.887238
v -9.264324 -7.996130 20.678040
v -9.528541 -8.436775 20.887238
v -9.893754 -8.436775 20.887238
v -9.924598 -7.996130 18.170410
v -9.924598 -7.996130 20.678040
v -9.893754 -8.436775 18.168686
v -9.924598 -7.996130 20.678040
v -10.157969 -7.996130 18.170410
v -10.157969 -7.996130 20.678040
v -9.924598 -7.996130 18.170410
v -10.157969 -7.996130 20.678040
v -10.188821 -8.436775 18.168686
v -10.188821 -8.436775 20.887238
v -10.157969 -7.996130 18.170410
v -10.157969 -7.996130 20.678040
v -9.893754 -8.436775 20.887238
v -9.924598 -7.996130 20.678040
v -10.188821 -8.436775 20.887238
v -11.247630 -8.436775 20.887238
v -11.278477 -7.996130 18.170410
v -11.278477 -7.996130 20.678040
v -11.247630 -8.436775 18.168686
v -11.278477 -7.996130 20.678040
v -11.511853 -7.996130 18.170410
v -11.511853 -7.996130 20.678040
v -11.278477 -7.996130 18.170410
v -11.511853 -7.996130 20.678040
v -11.542702 -8.436775 18.168686
v -11.542702 -8.436775 20.887238
v -11.511853 -7.996130 18.170410
v -11.511853 -7.996130 20.678040
v -11.247630 -8.436775 20.887238
v -11.278477 -7.996130 20.678040
v -11.542702 -8.436775 20.887238
v -11.923981 -8.436775 20.887238
v -11.954830 -7.996130 18.170410
v -11.954830 -7.996130 20.678040
v -11.923981 -8.436775 18.168686
v -11.954830 -7.996130 20.678040
v -12.188194 -7.996130 18.170410
v -12.188194 -7.996130 20.678040
v -11.954830 -7.996130 18.170410
v -12.188194 -7.996130 20.678040
v -12.219043 -8.436775 18.168686
v -12.219043 -8.436775 20.887238
v -12.188194 -7.996130 18.170410
v -12.188194 -7.996130 20.678040
v -11.923981 -8.436775 20.887238
v -11.954830 -7.996130 20.678040
v -12.219043 -8.436775 20.887238
v -12.581768 -8.436775 20.887238
v -12.612617 -7.996130 18.170410
v -12.612617 -7.996130 20.678040
v -12.581768 -8.436775 18.168686
v -12.612617 -7.996130 20.678040
v -12.845986 -7.996130 18.170410
v -12.845986 -7.996130 20.678040
v -12.612617 -7.996130 18.170410
v -12.845986 -7.996130 20.678040
v -12.876838 -8.436775 18.168686
v -12.876838 -8.436775 20.887238
v -12.845986 -7.996130 18.170410
v -12.845986 -7.996130 20.678040
v -12.581768 -8.436775 20.887238
v -12.612617 -7.996130 20.678040
v -12.876838 -8.436775 20.887238
v -13.948815 -8.436775 20.887238
v -13.979664 -7.996130 18.170410
v -13.979664 -7.996130 20.678040
v -13.948815 -8.436775 18.168686
v -13.979664 -7.996130 20.678040
v -14.213028 -7.996130 18.170410
v -14.213028 -7.996130 20.678040
v -13.979664 -7.996130 18.170410
v -14.213028 -7.996130 20.678040
v -14.243882 -8.436775 18.168686
v -14.243882 -8.436775 20.887238
v -14.213028 -7.996130 18.170410
v -14.213028 -7.996130 20.678040
v -13.948815 -8.436775 20.887238
v -13.979664 -7.996130 20.678040
v -14.243882 -8.436775 20.887238
v -14.609101 -8.436775 20.887238
v -14.639945 -7.996130 18.170410
v -14.639945 -7.996130 20.678040
v -14.609101 -8.436775 18.168686
v -14.639945 -7.996130 20.678040
v -14.873317 -7.996130 18.170410
v -14.873317 -7.996130 20.678040
v -14.639945 -7.996130 18.170410
v -14.873317 -7.996130 20.678040
v -14.904168 -8.436775 18.168686
v -14.904168 -8.436775 20.887238
v -14.873317 -7.996130 18.170410
v -14.873317 -7.996130 20.678040
v -14.609101 -8.436775 20.887238
v -14.639945 -7.996130 20.678040
v -14.904168 -8.436775 20.887238
v -15.960933 -8.436775 20.887238
v -15.991784 -7.996130 18.170410
v -15.991784 -7.996130 20.678040
v -15.960933 -8.436775 18.168686
v -15.991784 -7.996130 20.678040
v -16.225151 -7.996130 18.170410
v -16.225151 -7.996130 20.678040
v -15.991784 -7.996130 18.170410
v -16.225151 -7.996130 20.678040
v -16.256001 -8.436775 18.168686
v -16.256001 -8.436775 20.887238
v -16.225151 -7.996130 18.170410
v -16.225151 -7.996130 20.678040
v -15.960933 -8.436775 20.887238
v -15.991784 -7.996130 20.678040
v -16.256001 -8.436775 20.887238
v -16.704147 -2.525806 -24.237579
v -17.920914 -3.261328 -26.119629
v -17.149010 -2.525806 -24.070068
v -17.476063 -3.261328 -26.287170
v -17.476063 -3.261328 -26.287170
v -18.519855 -3.291154 -27.709900
v -17.920914 -3.261328 -26.119629
v -18.075005 -3.291154 -27.877441
v -12.793172 -2.593040 -28.830261
v -13.100739 -3.408813 -29.792084
v -13.260797 -2.593040 -28.915649
v -12.633117 -3.408813 -29.706665
v -12.633117 -3.408813 -29.706665
v -12.940686 -3.853369 -30.668518
v -13.100739 -3.408813 -29.792084
v -12.473062 -3.853369 -30.583099
v -12.235530 -3.883195 -31.892975
v -12.940686 -3.853369 -30.668518
v -12.473062 -3.853369 -30.583099
v -12.703156 -3.883195 -31.978424
v -21.141685 -0.370646 -1.175598
v -21.237873 -0.510979 10.987228
v -21.141651 -0.370646 10.984802
v -21.237873 -0.510979 -1.175598
v -21.237873 -10.179448 -1.175598
v -21.237873 -0.510979 10.987228
v -21.237873 -0.510979 -1.175598
v -21.237873 -10.179448 10.985992
v -17.480900 -7.764554 22.450821
v -17.584412 -7.649779 18.017288
v -17.584412 -7.649779 22.450821
v -17.480888 -7.764554 18.017288
v -17.584412 -9.136629 22.540665
v -17.480900 -7.764554 22.450821
v -17.584412 -7.764554 22.540665
v -17.480900 -9.136653 22.450821
v -17.480900 -9.136653 22.450821
v -17.480888 -7.764554 18.017288
v -17.480900 -7.764554 22.450821
v -17.480888 -9.136653 18.017288
v -20.223438 -7.649779 22.450821
v -17.584412 -7.649779 18.017288
v -20.223438 -7.649779 18.017288
v -17.584412 -7.649779 22.450821
v -20.223438 -7.764554 22.540665
v -17.584412 -7.649779 22.450821
v -20.223438 -7.649779 22.450821
v -17.584412 -7.764554 22.540665
v -20.223438 -9.136629 22.540665
v -17.584412 -7.764554 22.540665
v -20.223438 -7.764554 22.540665
v -17.584412 -9.136629 22.540665
v 17.615395 -7.764554 18.057724
v 17.719078 -7.649779 22.450821
v 17.719078 -7.649779 18.057724
v 17.615395 -7.764554 22.450821
v 17.615395 -9.136629 22.450821
v 17.719078 -7.764554 22.540665
v 17.615395 -7.764554 22.450821
v 17.719078 -9.136629 22.540665
v 17.615395 -9.136629 18.057724
v 17.615395 -7.764554 22.450821
v 17.615395 -7.764554 18.057724
v 17.615395 -9.136629 22.450821
v 17.719078 -7.649779 22.450821
v 19.763950 -7.649779 18.057724
v 17.719078 -7.649779 18.057724
v 19.763950 -7.649779 22.450821
v 17.719078 -7.764554 22.540665
v 19.763950 -7.649779 22.450821
v 17.719078 -7.649779 22.450821
v 19.763950 -7.764554 22.540665
v 17.719078 -9.136629 22.540665
v 19.763950 -7.764554 22.540665
v 17.719078 -7.764554 22.540665
v 19.763950 -9.136629 22.540665
v 19.782654 -0.918341 19.602295
v 19.682861 -0.783420 18.123291
v 19.682861 -0.783420 19.529343
v 19.782658 -0.918341 18.168259
v 19.682861 -0.783420 17.608490
v 19.782658 -0.918341 17.518524
v -19.776566 -0.918341 18.168259
v -19.776566 -0.918341 19.602249
v -19.700436 -0.783420 19.529343
v -19.700436 -0.783420 18.123291
v -19.776566 -0.918341 17.518524
v -19.700436 -0.783420 17.608490
v -19.776566 -0.918341 18.168259
v -19.776566 -1.538897 19.602249
v -19.776566 -0.918341 19.602249
v -19.776566 -1.538897 18.168259
v -19.776566 -1.538897 17.518524
v -19.776566 -0.918341 17.518524
v 19.782658 -1.538897 18.168259
v 19.782654 -0.918341 19.602295
v 19.782654 -1.538897 19.602295
v 19.782658 -0.918341 18.168259
v 19.782658 -0.918341 17.518524
v 19.782658 -1.538897 17.518524
v -19.776566 -9.126282 18.168259
v -19.776566 -1.538897 17.518524
v -19.776566 -10.179424 17.518524
v -19.776566 -1.538897 18.168259
v 19.782658 -1.538897 18.168259
v 19.782658 -10.179424 17.518524
v 19.782658 -1.538897 17.518524
v 19.782658 -9.126282 18.168259
v -19.735218 -1.551056 17.624710
v -19.735218 -0.510979 17.624710
v -19.735218 -0.510979 18.985550
v -19.735218 -4.263592 18.985550
v -19.735218 -4.263592 17.518524
v -19.735218 -1.551056 6.766312
v -19.735218 -4.263592 6.766312
v -20.660385 -4.263592 6.766312
v -19.735218 -1.551056 6.766312
v -19.735218 -4.263592 6.766312
v -19.868126 -1.462555 6.766312
v -20.660389 -1.462555 6.766312
v -0.002564 -10.179448 22.987701
v -19.842091 -10.179448 22.987701
v -21.418476 -10.312605 23.229980
v -0.002564 -10.306573 23.242233
v -21.418476 -11.228967 23.229980
v 20.621159 -1.458645 6.766312
v 20.621159 -4.263592 6.766312
v 19.925701 -1.458645 6.766312
v 19.763947 -4.263592 6.766312
v 19.763947 -1.538897 6.766312
v -19.868126 -1.462555 17.518524
v -20.660389 -0.510979 17.518524
v -19.868126 -0.510979 17.518524
v -20.660389 -1.462555 17.518524
v -19.735218 -1.551056 17.624710
v -19.868126 -0.510979 17.518524
v -19.735218 -0.510979 17.624710
v -19.868126 -1.462555 17.518524
v -19.735218 -4.263592 18.985550
v -19.868126 -0.510979 19.074341
v -19.863167 -4.183340 19.079163
v -19.735218 -0.510979 18.985550
v -19.863167 -4.183340 19.079163
v -19.868126 -0.510979 19.074341
v -21.148575 -0.510979 19.059891
v -21.148575 -4.183340 19.079163
v -19.863167 -5.161810 19.130707
v -21.148575 -5.161810 19.130707
v -19.863167 -5.604434 19.319427
v -21.148575 -5.604434 19.319489
v -19.863167 -5.980492 19.619888
v -21.148575 -5.980492 19.619888
v -19.863167 -6.224585 19.926254
v -21.148575 -6.224608 19.926254
v -19.868126 -0.510979 17.518524
v -20.756641 -0.370646 17.628952
v -19.868126 -0.370646 17.628952
v -20.660389 -0.510979 17.518524
v 19.894249 -0.510979 17.518524
v 20.621159 -1.465344 17.518524
v 19.894249 -1.465344 17.518524
v 20.621159 -0.510979 17.518524
v 20.715618 -0.370646 17.697845
v 19.889008 -0.370646 17.697845
v 19.763947 -4.263592 18.985550
v 19.763947 -0.510979 18.969101
v 19.763947 -0.510979 17.697845
v 19.763947 -1.538897 17.697845
v 19.763947 -4.263592 17.518524
v 19.763947 -5.242062 19.037048
v 19.735085 -10.179448 17.518524
v 19.763947 -5.684686 19.225876
v 19.763947 -6.060743 19.526291
v 19.763947 -6.304836 19.832611
v 19.763947 -6.486082 20.262146
v 19.763947 -1.538897 6.766312
v 19.763947 -4.263592 6.766312
v 19.763947 -6.643581 21.214630
v 19.763950 -6.644225 21.805664
v 19.763947 -6.712770 22.211456
v 19.763947 -6.885386 22.570084
v 19.763947 -7.080936 22.766205
v 19.763950 -7.305145 22.849548
v 19.763947 -7.799625 22.894089
v 19.763947 -10.179448 22.894089
v 19.894249 -1.465344 17.518524
v 19.763947 -0.510979 17.697845
v 19.894249 -0.510979 17.518524
v 19.763947 -1.538897 17.697845
v 21.139297 -4.183340 19.079163
v 21.139297 -0.510979 19.079163
v 19.871784 -0.510979 19.079163
v 19.875755 -4.183340 19.079163
v 21.139297 -5.161810 19.130707
v 19.875755 -5.161810 19.130707
v 21.139297 -5.604434 19.319489
v 19.875755 -5.604434 19.319489
v 21.139297 -5.980492 19.619888
v 19.875755 -5.980492 19.619888
v 21.139297 -6.224585 19.926254
v 19.875755 -6.224585 19.926254
v 19.875755 -4.183340 19.079163
v 19.763947 -0.510979 18.969101
v 19.763947 -4.263592 18.985550
v 19.871784 -0.510979 19.079163
v 19.763947 -0.510979 18.969101
v 19.889008 -0.370646 17.697845
v 19.763947 -0.510979 17.697845
v 19.878521 -0.370646 18.969101
v 12.072068 -0.510979 -10.115814
v 11.232344 -0.370646 -11.424683
v 11.142067 -0.510979 -11.378387
v 12.161043 -0.370646 -10.164734
v 12.516952 -0.370646 -10.360336
v 12.605929 -0.510979 -10.409210
v 11.683722 -0.510979 -11.656006
v 11.593448 -0.370646 -11.609741
v 10.170649 -0.510979 -14.289764
v 10.077776 -0.370646 -14.248749
v 12.605929 -0.510979 -10.409210
v 12.605929 -10.179448 -10.409210
v 11.683722 -10.179448 -11.656006
v 11.683722 -0.510979 -11.656006
v 10.170649 -10.179448 -14.289764
v 10.170649 -0.510979 -14.289764
v 17.579899 -0.510979 -6.122498
v 15.564215 -0.370646 -7.494217
v 15.489928 -0.510979 -7.423309
v 17.656544 -0.370646 -6.190018
v 17.963116 -0.370646 -6.460144
v 15.935648 -0.510979 -7.848740
v 15.861361 -0.370646 -7.777832
v 18.039761 -0.510979 -6.527664
v 18.039761 -0.510979 -6.527664
v 15.935648 -10.179448 -7.848740
v 15.935648 -0.510979 -7.848740
v 18.039761 -10.179448 -6.527664
v -15.006475 -0.510979 -30.238342
v -16.760826 -0.370646 -29.088806
v -16.699802 -0.510979 -29.006439
v -15.058460 -0.370646 -30.325989
v -15.266361 -0.370646 -30.676514
v -17.065933 -0.510979 -29.500488
v -17.004910 -0.370646 -29.418182
v -15.318346 -0.510979 -30.764160
v -15.318346 -0.510979 -30.764160
v -17.065933 -10.179448 -29.500488
v -17.065933 -0.510979 -29.500488
v -15.318346 -10.179448 -30.764160
v -17.231350 -10.312796 -29.723938
v -15.459328 -10.312796 -31.001862
v -15.459328 -11.228967 -31.001862
v -17.231350 -11.228967 -29.723938
v -18.705280 -10.312796 -28.211212
v -18.705280 -11.228967 -28.211212
v -19.897308 -10.312796 -26.421417
v -19.897308 -11.228967 -26.421417
v -20.761799 -10.312796 -24.423462
v -20.761799 -11.228967 -24.423462
v -21.347752 -10.312796 -21.801910
v -21.347752 -11.228967 -21.801910
v -21.516777 -10.312796 -17.707336
v -21.516777 -11.228967 -17.707336
v -21.519493 -11.228967 -1.175598
v -21.519493 -10.312796 -1.175598
v -21.520851 -11.228967 10.985992
v -21.520851 -10.312796 10.985992
v -21.522213 -11.228967 23.127457
v -21.522213 -10.312796 23.127457
v -21.418476 -10.312605 23.229980
v -21.418476 -11.228967 23.229980
v -19.164536 -0.510979 -25.928894
v -20.058468 -0.370646 -24.070038
v -19.967262 -0.510979 -24.024200
v -19.248665 -0.370646 -25.985382
v -19.585190 -0.370646 -26.211426
v -20.514511 -0.510979 -24.299103
v -20.423302 -0.370646 -24.253296
v -19.669327 -0.510979 -26.267914
v -19.669327 -0.510979 -26.267914
v -20.514511 -10.179448 -24.299103
v -20.514511 -0.510979 -24.299103
v -19.669327 -10.179448 -26.267914
v 2.973594 -0.510979 -28.772156
v 1.539646 -0.370646 -30.106445
v 1.474598 -0.510979 -30.027649
v 3.048357 -0.370646 -28.839691
v 3.347400 -0.370646 -29.109802
v 1.864887 -0.510979 -30.500671
v 1.799839 -0.370646 -30.421814
v 3.422163 -0.510979 -29.177338
v 3.422163 -0.510979 -29.177338
v 1.864887 -10.179448 -30.500671
v 1.864887 -0.510979 -30.500671
v 3.422163 -10.179448 -29.177338
v 11.142067 -0.510979 -11.378387
v 9.706279 -0.370646 -14.084686
v 9.613404 -0.510979 -14.043671
v 11.232344 -0.370646 -11.424683
v 21.416763 -10.312796 -2.490143
v 21.242924 -10.179448 -1.146088
v 21.519047 -10.312796 -1.175598
v 21.150192 -10.179448 -2.425385
v 20.598049 -10.179448 -3.926178
v 20.855064 -10.312796 -4.026230
v 19.714340 -10.179448 -5.205261
v 19.928242 -10.312796 -5.379578
v 18.039761 -10.179448 -6.527664
v 18.247780 -10.312796 -6.710541
v 15.935648 -10.179448 -7.848740
v 16.137785 -10.312796 -8.040146
v 13.777094 -10.179448 -9.311768
v 14.005434 -10.312796 -9.471466
v 12.605929 -10.179448 -10.409210
v 12.840287 -10.312796 -10.557800
v 11.683722 -10.179448 -11.656006
v 11.924096 -10.312796 -11.793457
v 10.170649 -10.179448 -14.289764
v 10.423056 -10.312796 -14.404907
v 9.112713 -10.179448 -16.906067
v 9.382728 -10.312796 -16.975220
v 8.075759 -10.179448 -19.740662
v 8.352079 -10.312796 -19.778534
v 7.070244 -10.179448 -22.843506
v 7.346054 -10.312796 -22.883942
v 6.143612 -10.179448 -25.352386
v 6.408607 -10.312796 -25.436066
v 4.917222 -10.179448 -27.434814
v 5.146132 -10.312796 -27.586731
v 3.422163 -10.179448 -29.177338
v 3.624380 -10.312796 -29.360626
v 1.864887 -10.179448 -30.500671
v 2.040413 -10.312796 -30.715332
v -0.082064 -10.179448 -31.616577
v 0.041772 -10.312796 -31.865234
v -2.308155 -10.179448 -32.542999
v -2.237687 -10.312796 -32.811737
v -4.761112 -10.179448 -33.034912
v -4.737608 -10.312796 -33.312469
v -7.767048 -10.179448 -33.099792
v -7.780120 -10.312796 -33.378265
v -10.588196 -10.179448 -32.737976
v -10.647697 -10.312796 -33.009155
v -13.068180 -10.179448 -31.946411
v -13.184738 -10.312796 -32.198395
v -15.318346 -10.179448 -30.764160
v -15.459328 -10.312796 -31.001862
v -17.065933 -10.179448 -29.500488
v -17.231350 -10.312796 -29.723938
v -18.496605 -10.179448 -28.028595
v -18.705280 -10.312796 -28.211212
v -19.669327 -10.179448 -26.267914
v -19.897308 -10.312796 -26.421417
v -20.514511 -10.179448 -24.299103
v -20.761799 -10.312796 -24.423462
v -21.076496 -10.179448 -21.746277
v -21.347752 -10.312796 -21.801910
v -21.237873 -10.179448 -17.697327
v -21.516777 -10.312796 -17.707336
v 21.242924 -0.510979 -1.146088
v 21.150192 -10.179448 -2.425385
v 21.150192 -0.510979 -2.425385
v 21.242924 -10.179448 -1.146088
v 21.242924 -0.510979 -1.146088
v 21.051689 -0.370646 -2.400879
v 21.140575 -0.370646 -1.134491
v 21.150192 -0.510979 -2.425385
v 21.140575 -0.370646 -1.134491
v 20.657669 -0.370646 -2.302933
v 20.731197 -0.370646 -1.088242
v 21.051689 -0.370646 -2.400879
v 20.124733 -0.370646 -3.739120
v 20.503387 -0.370646 -3.888794
v 19.319344 -0.370646 -4.884583
v 19.635342 -0.370646 -5.141174
v 17.656544 -0.370646 -6.190018
v 17.963116 -0.370646 -6.460144
v 15.861361 -0.370646 -7.777832
v 15.564215 -0.370646 -7.494217
v 13.338706 -0.370646 -9.054138
v 13.689415 -0.370646 -9.260284
v 12.161043 -0.370646 -10.164734
v 12.516952 -0.370646 -10.360336
v 11.593448 -0.370646 -11.609741
v 11.232344 -0.370646 -11.424683
v 10.077776 -0.370646 -14.248749
v 9.706279 -0.370646 -14.084686
v 8.622365 -0.370646 -16.753601
v 9.014643 -0.370646 -16.875549
v 7.568548 -0.370646 -19.660522
v 7.974316 -0.370646 -19.724670
v 6.561874 -0.370646 -22.768616
v 6.968571 -0.370646 -22.828552
v 5.656210 -0.370646 -25.195129
v 6.046131 -0.370646 -25.320923
v 4.494852 -0.370646 -27.153778
v 4.832748 -0.370646 -27.378601
v 3.048357 -0.370646 -28.839691
v 3.347400 -0.370646 -29.109802
v 1.799839 -0.370646 -30.421814
v 1.539646 -0.370646 -30.106445
v -0.310669 -0.370646 -31.158447
v -0.127781 -0.370646 -31.524963
v -2.438504 -0.370646 -32.047607
v -2.334229 -0.370646 -32.443909
v -4.804798 -0.370646 -32.523193
v -4.769848 -0.370646 -32.932526
v -7.768791 -0.370646 -32.585907
v -7.767395 -0.370646 -32.997040
v -10.477860 -0.370646 -32.238098
v -10.566128 -0.370646 -32.638000
v -12.853522 -0.370646 -31.481812
v -13.025250 -0.370646 -31.853485
v -15.058460 -0.370646 -30.325989
v -15.266361 -0.370646 -30.676514
v -17.004910 -0.370646 -29.418182
v -16.760826 -0.370646 -29.088806
v -18.111336 -0.370646 -27.692627
v -18.419548 -0.370646 -27.961365
v -19.248665 -0.370646 -25.985382
v -19.585190 -0.370646 -26.211426
v -20.423302 -0.370646 -24.253296
v -20.058468 -0.370646 -24.070038
v -20.576378 -0.370646 -21.644501
v -20.976471 -0.370646 -21.725891
v -20.757225 -0.370646 -17.679688
v -21.141743 -0.370646 -17.693817
v 20.731197 -0.370646 -1.088242
v 20.559170 -0.510979 -2.278427
v 20.628853 -0.510979 -1.076706
v 20.657669 -0.370646 -2.302933
v -21.522213 -10.312796 23.127457
v -21.418476 -10.312605 23.229980
v -21.148575 -10.179448 22.987701
v -21.237865 -10.179448 22.894089
v -21.237873 -10.179448 10.985992
v -21.520851 -10.312796 10.985992
v -21.237873 -10.179448 -1.175598
v -21.519493 -10.312796 -1.175598
v -21.237873 -10.179448 -17.697327
v -21.516777 -10.312796 -17.707336
v -19.735218 -1.551056 17.624710
v -19.868126 -1.462555 6.766312
v -19.868126 -1.462555 17.518524
v -19.735218 -1.551056 6.766312
v -19.868126 -0.370646 17.628952
v -19.735218 -0.510979 18.985550
v -19.735218 -0.510979 17.624710
v -19.868126 -0.370646 18.982788
v 19.763947 -1.538897 17.697845
v 19.925701 -1.458645 6.766312
v 19.763947 -1.538897 6.766312
v 19.894249 -1.465344 17.518524
v 19.894249 -1.465344 17.518524
v 20.621159 -1.458645 6.766312
v 19.925701 -1.458645 6.766312
v 20.621159 -1.465344 17.518524
v -19.868126 -0.370646 18.982788
v -21.148575 -0.510979 19.059891
v -19.868126 -0.510979 19.074341
v -21.141624 -0.370646 18.963531
v -19.863167 -4.183340 19.079163
v -19.758884 -5.242062 19.037048
v -19.735218 -4.263592 18.985550
v -19.863167 -5.161810 19.130707
v -19.863167 -5.161810 19.130707
v -19.758884 -5.684686 19.225876
v -19.758884 -5.242062 19.037048
v -19.863167 -5.604434 19.319427
v -19.863167 -5.604434 19.319427
v -19.758884 -6.060743 19.526291
v -19.758884 -5.684686 19.225876
v -19.863167 -5.980492 19.619888
v -19.863167 -5.980492 19.619888
v -19.758884 -6.304836 19.832611
v -19.758884 -6.060743 19.526291
v -19.863167 -6.224585 19.926254
v -19.758884 -6.304836 19.832611
v -19.863167 -6.405830 20.355743
v -19.758884 -6.486082 20.262146
v -19.863167 -6.224585 19.926254
v -19.863167 -6.405830 20.355743
v -19.758884 -6.643581 21.214630
v -19.758884 -6.486082 20.262146
v -19.863167 -6.563330 21.308228
v -19.863167 -6.563330 21.308228
v -19.758884 -6.644225 21.805664
v -19.758884 -6.643581 21.214630
v -19.863167 -6.563973 21.899323
v -19.863167 -6.563973 21.899323
v -19.758884 -6.712770 22.211456
v -19.758884 -6.644225 21.805664
v -19.863167 -6.632519 22.305054
v -19.863167 -6.632519 22.305054
v -19.758884 -6.885386 22.570084
v -19.758884 -6.712770 22.211456
v -19.863171 -6.805134 22.663681
v -19.863171 -6.805134 22.663681
v -19.758884 -7.080936 22.766205
v -19.758884 -6.885386 22.570084
v -19.863171 -7.000685 22.859802
v -19.758884 -7.080936 22.766205
v -19.863167 -7.224894 22.943161
v -19.758884 -7.305145 22.849548
v -19.863171 -7.000685 22.859802
v -19.863167 -7.224894 22.943161
v -19.758884 -7.802582 22.894089
v -19.758884 -7.305145 22.849548
v -19.863167 -7.722330 22.987701
v -19.863167 -7.722330 22.987701
v -19.735218 -10.179448 22.894089
v -19.758884 -7.802582 22.894089
v -19.842091 -10.179448 22.987701
v -21.237865 -7.802582 22.894089
v -21.148575 -10.179448 22.987701
v -21.148575 -7.722330 22.987701
v -21.237865 -10.179448 22.894089
v -21.237865 -7.305145 22.849548
v -21.148575 -7.722330 22.987701
v -21.148575 -7.224894 22.943161
v -21.237865 -7.802582 22.894089
v -21.148575 -7.224894 22.943161
v -21.237865 -7.080936 22.766205
v -21.237865 -7.305145 22.849548
v -21.148575 -7.000685 22.859802
v -21.237865 -6.885386 22.570084
v -21.148575 -7.000685 22.859802
v -21.148575 -6.805134 22.663681
v -21.237865 -7.080936 22.766205
v -21.237865 -6.712770 22.211456
v -21.148575 -6.805134 22.663681
v -21.148575 -6.632519 22.305054
v -21.237865 -6.885386 22.570084
v -21.237865 -6.644201 21.805664
v -21.148575 -6.632519 22.305054
v -21.148575 -6.563973 21.899323
v -21.237865 -6.712770 22.211456
v -21.237865 -6.643581 21.214630
v -21.148575 -6.563973 21.899323
v -21.148575 -6.563330 21.308273
v -21.237865 -6.644201 21.805664
v -21.237865 -6.486082 20.262146
v -21.148575 -6.563330 21.308273
v -21.148575 -6.405830 20.355743
v -21.237865 -6.643581 21.214630
v -21.148575 -6.405830 20.355743
v -21.237865 -6.304836 19.832611
v -21.237865 -6.486082 20.262146
v -21.148575 -6.224608 19.926254
v -21.237865 -6.060743 19.526291
v -21.148575 -6.224608 19.926254
v -21.148575 -5.980492 19.619888
v -21.237865 -6.304836 19.832611
v -21.237865 -5.684686 19.225876
v -21.148575 -5.980492 19.619888
v -21.148575 -5.604434 19.319489
v -21.237865 -6.060743 19.526291
v -21.237865 -5.242062 19.037048
v -21.148575 -5.604434 19.319489
v -21.148575 -5.161810 19.130707
v -21.237865 -5.684686 19.225876
v -21.237865 -4.263592 18.985550
v -21.148575 -5.161810 19.130707
v -21.148575 -4.183340 19.079163
v -21.237865 -5.242062 19.037048
v -21.237865 -0.510979 18.966293
v -21.148575 -4.183340 19.079163
v -21.148575 -0.510979 19.059891
v -21.237865 -4.263592 18.985550
v 21.139297 -0.370646 18.969101
v 19.871784 -0.510979 19.079163
v 21.139297 -0.510979 19.079163
v 19.878521 -0.370646 18.969101
v 19.763947 -7.799625 22.894089
v 19.875755 -10.179448 22.987701
v 19.875755 -7.719374 22.987701
v 19.763947 -10.179448 22.894089
v 19.763950 -7.305145 22.849548
v 19.875755 -7.719374 22.987701
v 19.875759 -7.224894 22.943161
v 19.763947 -7.799625 22.894089
v 19.763947 -7.080936 22.766205
v 19.875759 -7.224894 22.943161
v 19.875755 -7.000685 22.859802
v 19.763950 -7.305145 22.849548
v 19.763947 -6.885386 22.570084
v 19.875755 -7.000685 22.859802
v 19.875755 -6.805134 22.663681
v 19.763947 -7.080936 22.766205
v 19.763947 -6.712770 22.211456
v 19.875755 -6.805134 22.663681
v 19.875755 -6.632519 22.305054
v 19.763947 -6.885386 22.570084
v 19.763950 -6.644225 21.805664
v 19.875755 -6.632519 22.305054
v 19.875759 -6.563973 21.899323
v 19.763947 -6.712770 22.211456
v 19.763947 -6.643581 21.214630
v 19.875759 -6.563973 21.899323
v 19.875755 -6.563330 21.308273
v 19.763950 -6.644225 21.805664
v 19.763947 -6.486082 20.262146
v 19.875755 -6.563330 21.308273
v 19.875755 -6.405830 20.355789
v 19.763947 -6.643581 21.214630
v 19.763947 -6.304836 19.832611
v 19.875755 -6.405830 20.355789
v 19.875755 -6.224585 19.926254
v 19.763947 -6.486082 20.262146
v 19.763947 -6.060743 19.526291
v 19.875755 -6.224585 19.926254
v 19.875755 -5.980492 19.619888
v 19.763947 -6.304836 19.832611
v 19.763947 -5.684686 19.225876
v 19.875755 -5.980492 19.619888
v 19.875755 -5.604434 19.319489
v 19.763947 -6.060743 19.526291
v 19.763947 -5.242062 19.037048
v 19.875755 -5.604434 19.319489
v 19.875755 -5.161810 19.130707
v 19.763947 -5.684686 19.225876
v 19.763947 -4.263592 18.985550
v 19.875755 -5.161810 19.130707
v 19.875755 -4.183340 19.079163
v 19.763947 -5.242062 19.037048
v 19.875755 -7.719374 22.987701
v 19.875755 -10.179448 22.987701
v 21.139297 -10.179448 22.987701
v 21.139297 -7.719374 22.987701
v 19.875759 -7.224894 22.943161
v 21.139297 -7.224894 22.943161
v 19.875755 -7.000685 22.859802
v 21.139297 -7.000685 22.859802
v 19.875755 -6.805134 22.663681
v 21.139297 -6.805134 22.663681
v 19.875755 -6.632519 22.305054
v 21.139297 -6.632519 22.305054
v 19.875759 -6.563973 21.899323
v 21.139297 -6.563973 21.899323
v 19.875755 -6.563330 21.308273
v 21.139297 -6.563330 21.308273
v 19.875755 -6.405830 20.355789
v 21.139297 -6.405830 20.355789
v 19.875755 -6.224585 19.926254
v 21.139297 -6.224585 19.926254
v -20.757225 -0.370646 -17.679688
v -21.141743 -0.370646 -17.693817
v -21.141685 -0.370646 -1.175598
v -20.756935 -0.370646 -1.175598
v -21.141651 -0.370646 10.984802
v -20.756786 -0.370646 10.984802
v -21.141624 -0.370646 18.963531
v -20.756641 -0.370646 17.628952
v -19.868126 -0.370646 18.982788
v -19.868126 -0.370646 17.628952
v -21.141743 -0.370646 -17.693817
v -21.237873 -0.510979 -1.175598
v -21.141685 -0.370646 -1.175598
v -21.237873 -0.510979 -17.697327
v -21.076496 -0.510979 -21.746277
v -21.141743 -0.370646 -17.693817
v -20.976471 -0.370646 -21.725891
v -21.237873 -0.510979 -17.697327
v -20.514511 -0.510979 -24.299103
v -20.976471 -0.370646 -21.725891
v -20.423302 -0.370646 -24.253296
v -21.076496 -0.510979 -21.746277
v -18.496605 -0.510979 -28.028595
v -19.585190 -0.370646 -26.211426
v -18.419548 -0.370646 -27.961365
v -19.669327 -0.510979 -26.267914
v -17.065933 -0.510979 -29.500488
v -18.419548 -0.370646 -27.961365
v -17.004910 -0.370646 -29.418182
v -18.496605 -0.510979 -28.028595
v -13.068180 -0.510979 -31.946411
v -15.266361 -0.370646 -30.676514
v -13.025250 -0.370646 -31.853485
v -15.318346 -0.510979 -30.764160
v -10.588196 -0.510979 -32.737976
v -13.025250 -0.370646 -31.853485
v -10.566128 -0.370646 -32.638000
v -13.068180 -0.510979 -31.946411
v -7.767048 -0.510979 -33.099792
v -10.566128 -0.370646 -32.638000
v -7.767395 -0.370646 -32.997040
v -10.588196 -0.510979 -32.737976
v -4.761112 -0.510979 -33.034912
v -7.767395 -0.370646 -32.997040
v -4.769848 -0.370646 -32.932526
v -7.767048 -0.510979 -33.099792
v -2.308155 -0.510979 -32.542999
v -4.769848 -0.370646 -32.932526
v -2.334229 -0.370646 -32.443909
v -4.761112 -0.510979 -33.034912
v -0.082064 -0.510979 -31.616577
v -2.334229 -0.370646 -32.443909
v -0.127781 -0.370646 -31.524963
v -2.308155 -0.510979 -32.542999
v 1.864887 -0.510979 -30.500671
v -0.127781 -0.370646 -31.524963
v 1.799839 -0.370646 -30.421814
v -0.082064 -0.510979 -31.616577
v 4.917222 -0.510979 -27.434814
v 3.347400 -0.370646 -29.109802
v 4.832748 -0.370646 -27.378601
v 3.422163 -0.510979 -29.177338
v 6.143612 -0.510979 -25.352386
v 4.832748 -0.370646 -27.378601
v 6.046131 -0.370646 -25.320923
v 4.917222 -0.510979 -27.434814
v 7.070244 -0.510979 -22.843506
v 6.046131 -0.370646 -25.320923
v 6.968571 -0.370646 -22.828552
v 6.143612 -0.510979 -25.352386
v 8.075759 -0.510979 -19.740662
v 6.968571 -0.370646 -22.828552
v 7.974316 -0.370646 -19.724670
v 7.070244 -0.510979 -22.843506
v 9.112713 -0.510979 -16.906067
v 7.974316 -0.370646 -19.724670
v 9.014643 -0.370646 -16.875549
v 8.075759 -0.510979 -19.740662
v 9.014643 -0.370646 -16.875549
v 10.170649 -0.510979 -14.289764
v 9.112713 -0.510979 -16.906067
v 10.077776 -0.370646 -14.248749
v 13.777094 -0.510979 -9.311768
v 12.516952 -0.370646 -10.360336
v 13.689415 -0.370646 -9.260284
v 12.605929 -0.510979 -10.409210
v 15.935648 -0.510979 -7.848740
v 13.689415 -0.370646 -9.260284
v 15.861361 -0.370646 -7.777832
v 13.777094 -0.510979 -9.311768
v 19.714340 -0.510979 -5.205261
v 17.963116 -0.370646 -6.460144
v 19.635342 -0.370646 -5.141174
v 18.039761 -0.510979 -6.527664
v 20.598049 -0.510979 -3.926178
v 19.635342 -0.370646 -5.141174
v 20.503387 -0.370646 -3.888794
v 19.714340 -0.510979 -5.205261
v 21.150192 -0.510979 -2.425385
v 20.503387 -0.370646 -3.888794
v 21.051689 -0.370646 -2.400879
v 20.598049 -0.510979 -3.926178
v 21.242924 -0.510979 10.987228
v 21.139297 -0.370646 18.969101
v 21.242928 -0.510979 18.985550
v 21.139938 -0.370646 10.984802
v -19.868126 -1.462555 17.518524
v -20.660389 -1.462555 6.766312
v -20.660389 -1.462555 17.518524
v -19.868126 -1.462555 6.766312
v 21.139297 -6.805134 22.663681
v 21.242928 -7.080936 22.766205
v 21.242928 -6.885386 22.570084
v 21.139297 -7.000685 22.859802
v -19.687828 -10.179424 17.518524
v -19.758884 -5.684686 19.225876
v -19.758884 -6.060743 19.526291
v -19.758884 -5.242062 19.037048
v -19.735218 -4.263592 18.985550
v -19.735218 -4.263592 17.518524
v -19.863167 -6.224585 19.926254
v -21.148575 -6.224608 19.926254
v -21.148575 -6.405830 20.355743
v -19.863167 -6.405830 20.355743
v -19.863167 -6.563330 21.308228
v -21.148575 -6.563330 21.308273
v -19.863167 -6.563973 21.899323
v -21.148575 -6.563973 21.899323
v -19.863167 -6.632519 22.305054
v -21.148575 -6.632519 22.305054
v -19.863171 -6.805134 22.663681
v -21.148575 -6.805134 22.663681
v -19.863171 -7.000685 22.859802
v -21.148575 -7.000685 22.859802
v -21.148575 -7.224894 22.943161
v -19.863167 -7.224894 22.943161
v -19.863167 -7.722330 22.987701
v -21.148575 -7.722330 22.987701
v -19.842091 -10.179448 22.987701
v -21.148575 -10.179448 22.987701
v 21.139297 -5.161810 19.130707
v 21.242928 -5.684686 19.225876
v 21.242928 -5.242062 19.037048
v 21.139297 -5.604434 19.319489
v 21.139297 -5.980492 19.619888
v 21.242928 -6.304836 19.832611
v 21.242928 -6.060743 19.526291
v 21.139297 -6.224585 19.926254
v 21.522213 -10.300374 23.147583
v 21.139297 -10.179448 22.987701
v 21.413345 -10.300541 23.254440
v 21.242928 -10.179448 22.894089
v 21.520630 -10.306573 10.985992
v 21.242928 -10.179448 22.894089
v 21.522213 -10.300374 23.147583
v 21.242924 -10.179448 10.985992
v 9.613404 -0.510979 -14.043671
v 8.622365 -0.370646 -16.753601
v 8.524296 -0.510979 -16.723083
v 9.706279 -0.370646 -14.084686
v 10.170649 -0.510979 -14.289764
v 9.112713 -10.179448 -16.906067
v 9.112713 -0.510979 -16.906067
v 10.170649 -10.179448 -14.289764
v 21.413345 -11.228967 23.254440
v 21.522213 -10.300374 23.147583
v 21.413345 -10.300541 23.254440
v 21.522213 -11.228967 23.147583
v 21.520630 -11.228967 10.985992
v 21.522213 -10.300374 23.147583
v 21.522213 -11.228967 23.147583
v 21.520630 -10.306573 10.985992
v 21.519047 -11.228967 -1.175598
v 21.519047 -10.312796 -1.175598
v 21.416763 -11.228967 -2.490143
v 21.416763 -10.312796 -2.490143
v 20.855064 -10.312796 -4.026230
v 20.855064 -11.228967 -4.026230
v 19.928242 -10.312796 -5.379578
v 19.928242 -11.228967 -5.379578
v 18.247780 -10.312796 -6.710541
v 18.247780 -11.228967 -6.710541
v 16.137785 -10.312796 -8.040146
v 16.137785 -11.228967 -8.040146
v 14.005434 -10.312796 -9.471466
v 14.005434 -11.228967 -9.471466
v 12.840287 -10.312796 -10.557800
v 12.840287 -11.228967 -10.557800
v 11.924096 -10.312796 -11.793457
v 11.924096 -11.228967 -11.793457
v 10.423056 -10.312796 -14.404907
v 10.423056 -11.228967 -14.404907
v 9.382728 -10.312796 -16.975220
v 9.382728 -11.228967 -16.975220
v 8.352079 -10.312796 -19.778534
v 8.352079 -11.228967 -19.778534
v 7.346054 -10.312796 -22.883942
v 7.346054 -11.228967 -22.883942
v 6.408607 -10.312796 -25.436066
v 6.408607 -11.228967 -25.436066
v 5.146132 -10.312796 -27.586731
v 5.146132 -11.228967 -27.586731
v 3.624380 -10.312796 -29.360626
v 3.624380 -11.228967 -29.360626
v 2.040413 -10.312796 -30.715332
v 2.040413 -11.228967 -30.715332
v 0.041772 -10.312796 -31.865234
v 0.041772 -11.228967 -31.865234
v -15.459328 -10.312796 -31.001862
v -13.184738 -11.228967 -32.198395
v -15.459328 -11.228967 -31.001862
v -13.184738 -10.312796 -32.198395
v -10.647697 -11.228967 -33.009155
v -10.647697 -10.312796 -33.009155
v -7.780120 -11.228967 -33.378265
v -7.780120 -10.312796 -33.378265
v -2.237687 -10.312796 -32.811737
v 0.041772 -10.312796 -31.865234
v 0.041772 -11.228967 -31.865234
v -2.237687 -11.228967 -32.811737
v -4.737608 -10.312796 -33.312469
v -4.737608 -11.228967 -33.312469
v -7.780120 -10.312796 -33.378265
v -7.780120 -11.228967 -33.378265
v -19.758884 -7.305145 22.849548
v -19.758884 -7.080936 22.766205
v -19.758884 -6.885386 22.570084
v -19.758884 -6.712770 22.211456
v -19.758884 -6.644225 21.805664
v -19.758884 -6.643581 21.214630
v -19.758884 -6.486082 20.262146
v -19.758884 -6.304836 19.832611
v 21.242928 -4.263592 18.985550
v 21.139297 -0.510979 19.079163
v 21.139297 -4.183340 19.079163
v 21.242928 -0.510979 18.985550
v 21.139297 -7.719374 22.987701
v 21.242928 -10.179448 22.894089
v 21.242928 -7.799625 22.894089
v 21.139297 -10.179448 22.987701
v 21.139297 -7.224894 22.943161
v 21.242928 -7.799625 22.894089
v 21.242928 -7.305145 22.849548
v 21.139297 -7.719374 22.987701
v 21.139297 -7.000685 22.859802
v 21.242928 -7.305145 22.849548
v 21.242928 -7.080936 22.766205
v 21.139297 -7.224894 22.943161
v 21.139297 -6.632519 22.305054
v 21.242928 -6.885386 22.570084
v 21.242928 -6.712770 22.211456
v 21.139297 -6.805134 22.663681
v 21.139297 -6.563973 21.899323
v 21.242928 -6.712770 22.211456
v 21.242928 -6.644225 21.805664
v 21.139297 -6.632519 22.305054
v 21.139297 -6.563330 21.308273
v 21.242928 -6.644225 21.805664
v 21.242928 -6.643581 21.214630
v 21.139297 -6.563973 21.899323
v 21.139297 -6.405830 20.355789
v 21.242928 -6.643581 21.214630
v 21.242928 -6.486082 20.262146
v 21.139297 -6.563330 21.308273
v 21.139297 -6.224585 19.926254
v 21.242928 -6.486082 20.262146
v 21.242928 -6.304836 19.832611
v 21.139297 -6.405830 20.355789
v 21.139297 -5.604434 19.319489
v 21.242928 -6.060743 19.526291
v 21.242928 -5.684686 19.225876
v 21.139297 -5.980492 19.619888
v 21.139297 -4.183340 19.079163
v 21.242928 -5.242062 19.037048
v 21.242928 -4.263592 18.985550
v 21.139297 -5.161810 19.130707
v -20.576378 -0.370646 -21.644501
v -20.661106 -0.510979 -17.676147
v -20.476357 -0.510979 -21.624207
v -20.757225 -0.370646 -17.679688
v -20.058468 -0.370646 -24.070038
v -20.476357 -0.510979 -21.624207
v -19.967262 -0.510979 -24.024200
v -20.576378 -0.370646 -21.644501
v -18.111336 -0.370646 -27.692627
v -19.164536 -0.510979 -25.928894
v -18.034283 -0.510979 -27.625366
v -19.248665 -0.370646 -25.985382
v -16.760826 -0.370646 -29.088806
v -18.034283 -0.510979 -27.625366
v -16.699802 -0.510979 -29.006439
v -18.111336 -0.370646 -27.692627
v -12.853522 -0.370646 -31.481812
v -15.006475 -0.510979 -30.238342
v -12.810581 -0.510979 -31.388855
v -15.058460 -0.370646 -30.325989
v -10.477860 -0.370646 -32.238098
v -12.810581 -0.510979 -31.388855
v -10.455790 -0.510979 -32.138153
v -12.853522 -0.370646 -31.481812
v -7.768791 -0.370646 -32.585907
v -10.455790 -0.510979 -32.138153
v -7.769146 -0.510979 -32.483154
v -10.477860 -0.370646 -32.238098
v -4.804798 -0.370646 -32.523193
v -7.769146 -0.510979 -32.483154
v -4.813538 -0.510979 -32.420837
v -7.768791 -0.370646 -32.585907
v -2.438504 -0.370646 -32.047607
v -4.813538 -0.510979 -32.420837
v -2.464569 -0.510979 -31.948517
v -4.804798 -0.370646 -32.523193
v -0.310669 -0.370646 -31.158447
v -2.464569 -0.510979 -31.948517
v -0.356390 -0.510979 -31.066803
v -2.438504 -0.370646 -32.047607
v 1.539646 -0.370646 -30.106445
v -0.356390 -0.510979 -31.066803
v 1.474598 -0.510979 -30.027649
v -0.310669 -0.370646 -31.158447
v 4.494852 -0.370646 -27.153778
v 2.973594 -0.510979 -28.772156
v 4.410378 -0.510979 -27.097565
v 3.048357 -0.370646 -28.839691
v 5.656210 -0.370646 -25.195129
v 4.410378 -0.510979 -27.097565
v 5.558728 -0.510979 -25.163696
v 4.494852 -0.370646 -27.153778
v 6.561874 -0.370646 -22.768616
v 5.558728 -0.510979 -25.163696
v 6.460200 -0.510979 -22.753632
v 5.656210 -0.370646 -25.195129
v 7.568548 -0.370646 -19.660522
v 6.460200 -0.510979 -22.753632
v 7.467106 -0.510979 -19.644501
v 6.561874 -0.370646 -22.768616
v 8.622365 -0.370646 -16.753601
v 7.467106 -0.510979 -19.644501
v 8.524296 -0.510979 -16.723083
v 7.568548 -0.370646 -19.660522
v 13.338706 -0.370646 -9.054138
v 12.072068 -0.510979 -10.115814
v 13.251028 -0.510979 -9.002594
v 12.161043 -0.370646 -10.164734
v 15.564215 -0.370646 -7.494217
v 13.251028 -0.510979 -9.002594
v 15.489928 -0.510979 -7.423309
v 13.338706 -0.370646 -9.054138
v 19.319344 -0.370646 -4.884583
v 17.579899 -0.510979 -6.122498
v 19.240341 -0.510979 -4.820450
v 17.656544 -0.370646 -6.190018
v 20.124733 -0.370646 -3.739120
v 19.240341 -0.510979 -4.820450
v 20.030064 -0.510979 -3.701691
v 19.319344 -0.370646 -4.884583
v 20.657669 -0.370646 -2.302933
v 20.030064 -0.510979 -3.701691
v 20.559170 -0.510979 -2.278427
v 20.124733 -0.370646 -3.739120
v 20.723404 -0.370646 10.984802
v 20.621159 -0.510979 17.518524
v 20.715618 -0.370646 17.697845
v 20.625004 -0.510979 10.987228
v 8.075759 -0.510979 -19.740662
v 7.070244 -10.179448 -22.843506
v 7.070244 -0.510979 -22.843506
v 8.075759 -10.179448 -19.740662
v 9.112713 -10.179448 -16.906067
v 8.075759 -0.510979 -19.740662
v 9.112713 -0.510979 -16.906067
v 8.075759 -10.179448 -19.740662
v 21.150192 -0.510979 -2.425385
v 20.598049 -10.179448 -3.926178
v 20.598049 -0.510979 -3.926178
v 21.150192 -10.179448 -2.425385
v 20.598049 -10.179448 -3.926178
v 19.714340 -0.510979 -5.205261
v 20.598049 -0.510979 -3.926178
v 19.714340 -10.179448 -5.205261
v 15.935648 -0.510979 -7.848740
v 13.777094 -10.179448 -9.311768
v 13.777094 -0.510979 -9.311768
v 15.935648 -10.179448 -7.848740
v 13.777094 -10.179448 -9.311768
v 12.605929 -0.510979 -10.409210
v 13.777094 -0.510979 -9.311768
v 12.605929 -10.179448 -10.409210
v 19.714340 -0.510979 -5.205261
v 18.039761 -10.179448 -6.527664
v 18.039761 -0.510979 -6.527664
v 19.714340 -10.179448 -5.205261
v 6.143612 -0.510979 -25.352386
v 4.917222 -10.179448 -27.434814
v 4.917222 -0.510979 -27.434814
v 6.143612 -10.179448 -25.352386
v 7.070244 -10.179448 -22.843506
v 6.143612 -0.510979 -25.352386
v 7.070244 -0.510979 -22.843506
v 6.143612 -10.179448 -25.352386
v 1.864887 -0.510979 -30.500671
v -0.082064 -10.179448 -31.616577
v -0.082064 -0.510979 -31.616577
v 1.864887 -10.179448 -30.500671
v 4.917222 -10.179448 -27.434814
v 3.422163 -0.510979 -29.177338
v 4.917222 -0.510979 -27.434814
v 3.422163 -10.179448 -29.177338
v -2.308155 -0.510979 -32.542999
v -4.761112 -10.179448 -33.034912
v -4.761112 -0.510979 -33.034912
v -2.308155 -10.179448 -32.542999
v -4.761112 -10.179448 -33.034912
v -7.767048 -0.510979 -33.099792
v -4.761112 -0.510979 -33.034912
v -7.767048 -10.179448 -33.099792
v -10.588196 -10.179448 -32.737976
v -13.068180 -0.510979 -31.946411
v -10.588196 -0.510979 -32.737976
v -13.068180 -10.179448 -31.946411
v -7.767048 -10.179448 -33.099792
v -10.588196 -0.510979 -32.737976
v -7.767048 -0.510979 -33.099792
v -10.588196 -10.179448 -32.737976
v -17.065933 -0.510979 -29.500488
v -18.496605 -10.179448 -28.028595
v -18.496605 -0.510979 -28.028595
v -17.065933 -10.179448 -29.500488
v -18.496605 -10.179448 -28.028595
v -19.669327 -0.510979 -26.267914
v -18.496605 -0.510979 -28.028595
v -19.669327 -10.179448 -26.267914
v -21.076496 -0.510979 -21.746277
v -21.237873 -10.179448 -17.697327
v -21.237873 -0.510979 -17.697327
v -21.076496 -10.179448 -21.746277
v -20.514511 -10.179448 -24.299103
v -21.076496 -0.510979 -21.746277
v -20.514511 -0.510979 -24.299103
v -21.076496 -10.179448 -21.746277
v -13.068180 -10.179448 -31.946411
v -15.318346 -0.510979 -30.764160
v -13.068180 -0.510979 -31.946411
v -15.318346 -10.179448 -30.764160
v -0.082064 -10.179448 -31.616577
v -2.308155 -0.510979 -32.542999
v -0.082064 -0.510979 -31.616577
v -2.308155 -10.179448 -32.542999
v -21.237873 -10.179448 -17.697327
v -21.237873 -0.510979 -1.175598
v -21.237873 -0.510979 -17.697327
v -21.237873 -10.179448 -1.175598
v -8.558529 -18.721008 31.152908
v -7.608139 -25.169086 31.298828
v -8.411754 -25.169086 31.298828
v -7.461366 -18.721008 31.152908
v -7.608139 -25.169086 32.102448
v -8.558529 -18.721008 32.248352
v -8.411754 -25.169086 32.102448
v -7.461366 -18.721008 32.248352
v -8.558529 -18.721008 32.248352
v -8.411754 -25.169086 31.298828
v -8.411754 -25.169086 32.102448
v -8.558529 -18.721008 31.152908
v -8.453507 -25.295780 32.249359
v -7.608139 -25.169086 32.102448
v -8.411754 -25.169086 32.102448
v -7.566387 -25.295780 32.249359
v -7.454597 -25.295807 32.117172
v -7.608139 -25.169086 31.298828
v -7.608139 -25.169086 32.102448
v -7.454597 -25.295807 31.284088
v -7.566392 -25.295780 31.151917
v -8.411754 -25.169086 31.298828
v -7.608139 -25.169086 31.298828
v -8.453503 -25.295780 31.151917
v -8.565295 -25.295807 31.284088
v -8.411754 -25.169086 32.102448
v -8.411754 -25.169086 31.298828
v -8.565300 -25.295807 32.117172
v -7.461366 -18.721008 31.152908
v -7.608139 -25.169086 32.102448
v -7.608139 -25.169086 31.298828
v -7.461366 -18.721008 32.248352
v -7.686333 -28.150414 32.111603
v -7.454597 -25.295807 32.117172
v -7.566387 -25.295780 32.249359
v -7.598892 -28.150414 32.007874
v -7.598892 -28.150414 31.393372
v -7.454597 -25.295807 32.117172
v -7.598892 -28.150414 32.007874
v -7.454597 -25.295807 31.284088
v -7.566392 -25.295780 31.151917
v -7.598892 -28.150414 31.393372
v -7.686337 -28.150414 31.289673
v -7.454597 -25.295807 31.284088
v -8.565295 -25.295807 31.284088
v -8.421001 -28.150414 32.007874
v -8.565300 -25.295807 32.117172
v -8.420997 -28.150414 31.393372
v -8.453503 -25.295780 31.151917
v -8.420997 -28.150414 31.393372
v -8.565295 -25.295807 31.284088
v -8.333557 -28.150414 31.289673
v -7.686337 -28.150414 31.289673
v -8.453503 -25.295780 31.151917
v -7.566392 -25.295780 31.151917
v -8.333557 -28.150414 31.289673
v -8.333557 -28.150414 32.111603
v -8.565300 -25.295807 32.117172
v -8.421001 -28.150414 32.007874
v -8.453507 -25.295780 32.249359
v -7.566387 -25.295780 32.249359
v -8.333557 -28.150414 32.111603
v -7.686333 -28.150414 32.111603
v -8.453507 -25.295780 32.249359
v -8.558529 -18.721008 25.766266
v -7.608139 -25.169086 25.912140
v -8.411754 -25.169086 25.912140
v -7.461366 -18.721008 25.766266
v -7.608139 -25.169086 26.715759
v -8.558529 -18.721008 26.861664
v -8.411754 -25.169086 26.715759
v -7.461366 -18.721008 26.861664
v -8.558529 -18.721008 26.861664
v -8.411754 -25.169086 25.912140
v -8.411754 -25.169086 26.715759
v -8.558529 -18.721008 25.766266
v -8.453507 -25.295780 26.862671
v -7.608139 -25.169086 26.715759
v -8.411754 -25.169086 26.715759
v -7.566387 -25.295780 26.862671
v -7.454597 -25.295807 26.730484
v -7.608139 -25.169086 25.912140
v -7.608139 -25.169086 26.715759
v -7.454597 -25.295807 25.897400
v -7.566392 -25.295780 25.765228
v -8.411754 -25.169086 25.912140
v -7.608139 -25.169086 25.912140
v -8.453503 -25.295780 25.765228
v -8.565295 -25.295807 25.897400
v -8.411754 -25.169086 26.715759
v -8.411754 -25.169086 25.912140
v -8.565300 -25.295807 26.730484
v -7.461366 -18.721008 25.766266
v -7.608139 -25.169086 26.715759
v -7.608139 -25.169086 25.912140
v -7.461366 -18.721008 26.861664
v -7.686333 -28.150414 26.724915
v -7.454597 -25.295807 26.730484
v -7.566387 -25.295780 26.862671
v -7.598892 -28.150414 26.621185
v -7.598892 -28.150414 26.006699
v -7.454597 -25.295807 26.730484
v -7.598892 -28.150414 26.621185
v -7.454597 -25.295807 25.897400
v -7.566392 -25.295780 25.765228
v -7.598892 -28.150414 26.006699
v -7.686337 -28.150414 25.902985
v -7.454597 -25.295807 25.897400
v -8.565295 -25.295807 25.897400
v -8.421001 -28.150414 26.621185
v -8.565300 -25.295807 26.730484
v -8.420997 -28.150414 26.006699
v -8.453503 -25.295780 25.765228
v -8.420997 -28.150414 26.006699
v -8.565295 -25.295807 25.897400
v -8.333557 -28.150414 25.902985
v -7.686337 -28.150414 25.902985
v -8.453503 -25.295780 25.765228
v -7.566392 -25.295780 25.765228
v -8.333557 -28.150414 25.902985
v -8.333557 -28.150414 26.724915
v -8.565300 -25.295807 26.730484
v -8.421001 -28.150414 26.621185
v -8.453507 -25.295780 26.862671
v -7.566387 -25.295780 26.862671
v -8.333557 -28.150414 26.724915
v -7.686333 -28.150414 26.724915
v -8.453507 -25.295780 26.862671
v 7.493193 -18.721008 25.766266
v 8.443586 -25.169086 25.912140
v 7.639971 -25.169086 25.912140
v 8.590364 -18.721008 25.766266
v 8.443586 -25.169086 26.715759
v 7.493193 -18.721008 26.861664
v 7.639971 -25.169086 26.715759
v 8.590364 -18.721008 26.861664
v 7.493193 -18.721008 26.861664
v 7.639971 -25.169086 25.912140
v 7.639971 -25.169086 26.715759
v 7.493193 -18.721008 25.766266
v 7.598219 -25.295780 26.862671
v 8.443586 -25.169086 26.715759
v 7.639971 -25.169086 26.715759
v 8.485338 -25.295780 26.862671
v 8.597128 -25.295807 26.730484
v 8.443586 -25.169086 25.912140
v 8.443586 -25.169086 26.715759
v 8.597128 -25.295807 25.897400
v 8.485334 -25.295780 25.765228
v 7.639971 -25.169086 25.912140
v 8.443586 -25.169086 25.912140
v 7.598222 -25.295780 25.765228
v 7.486429 -25.295807 25.897400
v 7.639971 -25.169086 26.715759
v 7.639971 -25.169086 25.912140
v 7.486424 -25.295807 26.730484
v 8.590364 -18.721008 25.766266
v 8.443586 -25.169086 26.715759
v 8.443586 -25.169086 25.912140
v 8.590364 -18.721008 26.861664
v 8.365392 -28.150414 26.724915
v 8.597128 -25.295807 26.730484
v 8.485338 -25.295780 26.862671
v 8.452833 -28.150414 26.621185
v 8.452833 -28.150414 26.006699
v 8.597128 -25.295807 26.730484
v 8.452833 -28.150414 26.621185
v 8.597128 -25.295807 25.897400
v 8.485334 -25.295780 25.765228
v 8.452833 -28.150414 26.006699
v 8.365390 -28.150414 25.902985
v 8.597128 -25.295807 25.897400
v 7.486429 -25.295807 25.897400
v 7.630724 -28.150414 26.621185
v 7.486424 -25.295807 26.730484
v 7.630728 -28.150414 26.006699
v 7.598222 -25.295780 25.765228
v 7.630728 -28.150414 26.006699
v 7.486429 -25.295807 25.897400
v 7.718167 -28.150414 25.902985
v 8.365390 -28.150414 25.902985
v 7.598222 -25.295780 25.765228
v 8.485334 -25.295780 25.765228
v 7.718167 -28.150414 25.902985
v 7.718167 -28.150414 26.724915
v 7.486424 -25.295807 26.730484
v 7.630724 -28.150414 26.621185
v 7.598219 -25.295780 26.862671
v 8.485338 -25.295780 26.862671
v 7.718167 -28.150414 26.724915
v 8.365392 -28.150414 26.724915
v 7.598219 -25.295780 26.862671
v 7.493193 -18.721008 31.152908
v 8.443586 -25.169086 31.298828
v 7.639971 -25.169086 31.298828
v 8.590364 -18.721008 31.152908
v 8.443586 -25.169086 32.102448
v 7.493193 -18.721008 32.248352
v 7.639971 -25.169086 32.102448
v 8.590364 -18.721008 32.248352
v 7.493193 -18.721008 32.248352
v 7.639971 -25.169086 31.298828
v 7.639971 -25.169086 32.102448
v 7.493193 -18.721008 31.152908
v 7.598219 -25.295780 32.249359
v 8.443586 -25.169086 32.102448
v 7.639971 -25.169086 32.102448
v 8.485338 -25.295780 32.249359
v 8.597128 -25.295807 32.117172
v 8.443586 -25.169086 31.298828
v 8.443586 -25.169086 32.102448
v 8.597128 -25.295807 31.284088
v 8.485334 -25.295780 31.151917
v 7.639971 -25.169086 31.298828
v 8.443586 -25.169086 31.298828
v 7.598222 -25.295780 31.151917
v 7.486429 -25.295807 31.284088
v 7.639971 -25.169086 32.102448
v 7.639971 -25.169086 31.298828
v 7.486424 -25.295807 32.117172
v 8.590364 -18.721008 31.152908
v 8.443586 -25.169086 32.102448
v 8.443586 -25.169086 31.298828
v 8.590364 -18.721008 32.248352
v 8.365392 -28.150414 32.111603
v 8.597128 -25.295807 32.117172
v 8.485338 -25.295780 32.249359
v 8.452833 -28.150414 32.007874
v 8.452833 -28.150414 31.393372
v 8.597128 -25.295807 32.117172
v 8.452833 -28.150414 32.007874
v 8.597128 -25.295807 31.284088
v 8.485334 -25.295780 31.151917
v 8.452833 -28.150414 31.393372
v 8.365390 -28.150414 31.289673
v 8.597128 -25.295807 31.284088
v 7.486429 -25.295807 31.284088
v 7.630724 -28.150414 32.007874
v 7.486424 -25.295807 32.117172
v 7.630728 -28.150414 31.393372
v 7.598222 -25.295780 31.151917
v 7.630728 -28.150414 31.393372
v 7.486429 -25.295807 31.284088
v 7.718167 -28.150414 31.289673
v 8.365390 -28.150414 31.289673
v 7.598222 -25.295780 31.151917
v 8.485334 -25.295780 31.151917
v 7.718167 -28.150414 31.289673
v 7.718167 -28.150414 32.111603
v 7.486424 -25.295807 32.117172
v 7.630724 -28.150414 32.007874
v 7.598219 -25.295780 32.249359
v 8.485338 -25.295780 32.249359
v 7.718167 -28.150414 32.111603
v 8.365392 -28.150414 32.111603
v 7.598219 -25.295780 32.249359
v 8.938787 -18.809509 32.594482
v 8.938787 -17.877007 25.475220
v 8.938787 -17.877007 32.594482
v 8.938787 -18.809509 25.475220
v -8.942370 -18.809509 25.475220
v -8.942370 -17.877007 32.594482
v -8.942370 -17.877007 25.475220
v -8.942370 -18.809509 32.594482
v 9.420613 -17.877007 33.378265
v 9.420613 -16.749001 24.560822
v 9.420612 -16.749001 33.378265
v 9.420613 -17.877007 24.560822
v -9.424200 -17.877007 24.560822
v -9.424200 -16.749001 33.378265
v -9.424200 -16.749001 24.560822
v -9.424200 -17.877007 33.378265
v -4.459977 -23.291729 14.709854
v 0.042702 -23.474003 14.855469
v -0.001793 -23.291729 14.709854
v -4.504475 -23.474003 14.855469
v 4.456390 -23.291729 14.709854
v 0.042702 -23.474003 14.855469
v 4.456390 -23.491310 14.855469
v -0.001793 -23.291729 14.709854
v 0.042702 -23.474003 14.855469
v 4.456390 -25.225616 14.855469
v 4.456390 -23.491310 14.855469
v 0.042702 -25.242924 14.855469
v -4.504475 -25.242924 14.855469
v -4.504475 -23.474003 14.855469
v 0.042702 -25.242924 14.855469
v 4.719627 -25.225616 15.066864
v 4.456390 -25.225616 14.855469
v -0.001793 -25.225616 15.066864
v 4.719627 -25.225616 15.066864
v -0.001793 -27.665234 15.066864
v 4.719627 -27.665234 15.066864
v -0.001793 -25.225616 15.066864
v -4.723211 -25.225616 15.066864
v -4.723211 -27.665234 15.066864
v 4.719627 -27.665234 15.066864
v -0.001793 -27.665234 15.845963
v 5.502275 -27.665234 15.845963
v -0.001793 -27.665234 15.066864
v -4.723211 -27.665234 15.066864
v -5.505861 -27.665234 15.845963
v 5.502275 -27.665234 15.845963
v -0.001793 -28.146503 15.845963
v 5.502275 -28.146503 15.845963
v -0.001793 -27.665234 15.845963
v -5.505861 -27.665234 15.845963
v -5.505861 -28.146503 15.845963
v -0.001793 -28.146503 9.005157
v 5.502275 -27.665234 9.005157
v 5.502275 -28.146503 9.005157
v -0.001793 -27.665234 9.005157
v -5.505861 -27.665234 9.005157
v -5.505861 -28.146503 9.005157
v 4.719627 -27.665234 9.784317
v -0.001793 -25.225616 9.784317
v 4.719627 -25.225616 9.784317
v -0.001793 -27.665234 9.784317
v 4.456390 -25.225616 9.995651
v -0.001793 -23.491310 9.995651
v 4.456390 -23.491310 9.995651
v -0.001793 -25.225616 9.995651
v -4.459977 -25.225616 9.995651
v -4.459977 -23.491310 9.995651
v -0.001793 -23.291729 10.141266
v 4.456390 -23.291729 14.709854
v 4.456390 -23.291729 10.141266
v -0.001793 -23.291729 14.709854
v -4.459977 -23.291729 14.709854
v -4.459977 -23.291729 10.141266
v 5.502275 -28.146503 15.845963
v 5.671616 -28.146503 9.210144
v 5.671616 -28.146503 15.640961
v 5.502275 -28.146503 9.005157
v -0.001793 -28.146503 15.845963
v -0.001793 -28.146503 9.005157
v -5.505861 -28.146503 9.005157
v -5.505861 -28.146503 15.845963
v -5.675198 -28.146503 9.210144
v -5.675198 -28.146503 15.640961
v 4.869617 -27.665234 14.908539
v 4.719627 -27.665234 15.066864
v 5.502275 -27.665234 15.845963
v 5.671616 -27.665234 15.640961
v 4.869617 -27.665234 9.942566
v 5.671616 -27.665234 9.210144
v 4.719627 -27.665234 9.784317
v 5.502275 -27.665234 9.005157
v -0.001793 -27.665234 9.005157
v -0.001793 -27.665234 9.784317
v -4.723211 -27.665234 9.784317
v -5.505861 -27.665234 9.005157
v -5.675198 -27.665234 9.210144
v -4.873199 -27.665234 9.942566
v -5.675198 -27.665234 15.640961
v -4.873199 -27.665234 14.908539
v -5.505861 -27.665234 15.845963
v -4.723211 -27.665234 15.066864
v 5.502275 -27.665234 9.005157
v 5.671616 -28.146503 9.210144
v 5.502275 -28.146503 9.005157
v 5.671616 -27.665234 9.210144
v 5.671616 -27.665234 15.640961
v 5.502275 -28.146503 15.845963
v 5.671616 -28.146503 15.640961
v 5.502275 -27.665234 15.845963
v 5.671616 -27.665234 9.210144
v 5.671616 -28.146503 15.640961
v 5.671616 -28.146503 9.210144
v 5.671616 -27.665234 15.640961
v -0.001793 -23.291729 10.141266
v 4.456390 -23.291729 10.141266
v 4.456390 -23.491310 9.995651
v -0.001793 -23.491310 9.995651
v -4.459977 -23.491310 9.995651
v -4.459977 -23.291729 10.141266
v 4.599869 -23.491310 14.709854
v 4.456390 -23.291729 10.141266
v 4.456390 -23.291729 14.709854
v 4.599869 -23.491310 10.141266
v 4.599869 -25.225616 10.141266
v 4.456390 -23.491310 9.995651
v 4.599869 -23.491310 10.141266
v 4.456390 -25.225616 9.995651
v 4.599869 -25.225616 14.709854
v 4.599869 -23.491310 10.141266
v 4.599869 -23.491310 14.709854
v 4.599869 -25.225616 10.141266
v 4.456390 -25.225616 14.855469
v 4.599869 -23.491310 14.709854
v 4.456390 -23.491310 14.855469
v 4.599869 -25.225616 14.709854
v 4.719627 -25.225616 15.066864
v 4.599869 -25.225616 14.709854
v 4.456390 -25.225616 14.855469
v 4.869617 -25.225616 14.908539
v 4.599869 -25.225616 10.141266
v 4.869617 -25.225616 9.942566
v 4.456390 -25.225616 9.995651
v 4.719627 -25.225616 9.784317
v -0.001793 -25.225616 9.995651
v -0.001793 -25.225616 9.784317
v -4.723211 -25.225616 9.784317
v -4.459977 -25.225616 9.995651
v -4.873199 -25.225616 9.942566
v -4.603452 -25.225616 10.141266
v -4.873199 -25.225616 14.908539
v -4.603452 -25.225616 14.709854
v 4.719627 -25.225616 9.784317
v 4.869617 -27.665234 9.942566
v 4.719627 -27.665234 9.784317
v 4.869617 -25.225616 9.942566
v 4.869617 -27.665234 9.942566
v 4.869617 -25.225616 14.908539
v 4.869617 -27.665234 14.908539
v 4.869617 -25.225616 9.942566
v 4.719627 -27.665234 15.066864
v 4.869617 -25.225616 14.908539
v 4.719627 -25.225616 15.066864
v 4.869617 -27.665234 14.908539
v 0.042702 -25.242924 14.855469
v -4.723211 -25.225616 15.066864
v -0.001793 -25.225616 15.066864
v -4.504475 -25.242924 14.855469
v -4.723211 -27.665234 9.784317
v -0.001793 -25.225616 9.784317
v -0.001793 -27.665234 9.784317
v -4.723211 -25.225616 9.784317
v -5.505861 -27.665234 9.005157
v -5.675198 -28.146503 9.210144
v -5.675198 -27.665234 9.210144
v -5.505861 -28.146503 9.005157
v -5.675198 -27.665234 15.640961
v -5.505861 -28.146503 15.845963
v -5.505861 -27.665234 15.845963
v -5.675198 -28.146503 15.640961
v -5.675198 -27.665234 9.210144
v -5.675198 -28.146503 15.640961
v -5.675198 -27.665234 15.640961
v -5.675198 -28.146503 9.210144
v -4.603452 -23.491310 14.709854
v -4.459977 -23.291729 10.141266
v -4.603452 -23.491310 10.141266
v -4.459977 -23.291729 14.709854
v -4.603452 -25.225616 10.141266
v -4.459977 -23.491310 9.995651
v -4.459977 -25.225616 9.995651
v -4.603452 -23.491310 10.141266
v -4.603452 -25.225616 14.709854
v -4.603452 -23.491310 10.141266
v -4.603452 -25.225616 10.141266
v -4.603452 -23.491310 14.709854
v -4.504475 -25.242924 14.855469
v -4.603452 -23.491310 14.709854
v -4.603452 -25.225616 14.709854
v -4.504475 -23.474003 14.855469
v -4.723211 -25.225616 15.066864
v -4.603452 -25.225616 14.709854
v -4.873199 -25.225616 14.908539
v -4.504475 -25.242924 14.855469
v -4.723211 -25.225616 9.784317
v -4.873199 -27.665234 9.942566
v -4.873199 -25.225616 9.942566
v -4.723211 -27.665234 9.784317
v -4.873199 -27.665234 9.942566
v -4.873199 -25.225616 14.908539
v -4.873199 -25.225616 9.942566
v -4.873199 -27.665234 14.908539
v -4.723211 -27.665234 15.066864
v -4.873199 -25.225616 14.908539
v -4.873199 -27.665234 14.908539
v -4.723211 -25.225616 15.066864
v 2.652282 -10.129094 11.757935
v 2.463672 -21.899080 12.875702
v 2.463672 -21.899080 11.946243
v 2.652282 -10.129070 13.063995
v 1.344131 -10.129070 13.063995
v 1.532742 -21.899080 11.946243
v 1.532742 -21.899080 12.875702
v 1.344131 -10.129094 11.757935
v 1.336075 -22.025824 12.907593
v 1.532742 -21.899080 11.946243
v 1.336075 -22.025824 11.914337
v 1.532742 -21.899080 12.875702
v 1.469360 -22.025799 11.756699
v 2.463672 -21.899080 11.946243
v 2.527057 -22.025799 11.756699
v 1.532742 -21.899080 11.946243
v 2.660343 -22.025824 11.914337
v 2.463672 -21.899080 12.875702
v 2.660347 -22.025824 12.907593
v 2.463672 -21.899080 11.946243
v 2.527057 -22.025799 13.065186
v 1.532742 -21.899080 12.875702
v 1.469360 -22.025799 13.065186
v 2.463672 -21.899080 12.875702
v 1.344131 -10.129094 11.757935
v 2.463672 -21.899080 11.946243
v 1.532742 -21.899080 11.946243
v 2.652282 -10.129094 11.757935
v 2.463672 -21.899080 12.875702
v 1.344131 -10.129070 13.063995
v 1.532742 -21.899080 12.875702
v 2.652282 -10.129070 13.063995
v 1.612361 -23.326633 12.900925
v 1.336075 -22.025824 12.907593
v 1.508110 -23.326633 12.777283
v 1.469360 -22.025799 13.065186
v 1.508114 -23.326633 12.044662
v 1.336075 -22.025824 12.907593
v 1.336075 -22.025824 11.914337
v 1.508110 -23.326633 12.777283
v 1.469360 -22.025799 11.756699
v 1.508114 -23.326633 12.044662
v 1.336075 -22.025824 11.914337
v 1.612369 -23.326633 11.920975
v 2.660343 -22.025824 11.914337
v 2.488304 -23.326633 12.777283
v 2.488304 -23.326633 12.044662
v 2.660347 -22.025824 12.907593
v 2.527057 -22.025799 11.756699
v 2.488304 -23.326633 12.044662
v 2.384044 -23.326633 11.920975
v 2.660343 -22.025824 11.914337
v 1.612369 -23.326633 11.920975
v 2.527057 -22.025799 11.756699
v 2.384044 -23.326633 11.920975
v 1.469360 -22.025799 11.756699
v 2.384044 -23.326633 12.900925
v 2.660347 -22.025824 12.907593
v 2.527057 -22.025799 13.065186
v 2.488304 -23.326633 12.777283
v 1.469360 -22.025799 13.065186
v 2.384044 -23.326633 12.900925
v 2.527057 -22.025799 13.065186
v 1.612361 -23.326633 12.900925
v -1.347721 -10.129094 11.757935
v -1.536324 -21.899080 12.875702
v -1.536324 -21.899080 11.946243
v -1.347721 -10.129070 13.063995
v -2.655864 -10.129070 13.063995
v -2.467259 -21.899080 11.946243
v -2.467259 -21.899080 12.875702
v -2.655864 -10.129094 11.757935
v -2.663922 -22.025824 12.907593
v -2.467259 -21.899080 11.946243
v -2.663922 -22.025824 11.914337
v -2.467259 -21.899080 12.875702
v -2.530638 -22.025799 11.756699
v -1.536324 -21.899080 11.946243
v -1.472943 -22.025799 11.756699
v -2.467259 -21.899080 11.946243
v -1.339661 -22.025824 11.914337
v -1.536324 -21.899080 12.875702
v -1.339654 -22.025824 12.907593
v -1.536324 -21.899080 11.946243
v -1.472943 -22.025799 13.065186
v -2.467259 -21.899080 12.875702
v -2.530638 -22.025799 13.065186
v -1.536324 -21.899080 12.875702
v -2.655864 -10.129094 11.757935
v -1.536324 -21.899080 11.946243
v -2.467259 -21.899080 11.946243
v -1.347721 -10.129094 11.757935
v -1.536324 -21.899080 12.875702
v -2.655864 -10.129070 13.063995
v -2.467259 -21.899080 12.875702
v -1.347721 -10.129070 13.063995
v -2.387639 -23.326633 12.900925
v -2.663922 -22.025824 12.907593
v -2.491891 -23.326633 12.777283
v -2.530638 -22.025799 13.065186
v -2.491891 -23.326633 12.044662
v -2.663922 -22.025824 12.907593
v -2.663922 -22.025824 11.914337
v -2.491891 -23.326633 12.777283
v -2.530638 -22.025799 11.756699
v -2.491891 -23.326633 12.044662
v -2.663922 -22.025824 11.914337
v -2.387630 -23.326633 11.920975
v -1.339661 -22.025824 11.914337
v -1.511698 -23.326633 12.777283
v -1.511697 -23.326633 12.044662
v -1.339654 -22.025824 12.907593
v -1.472943 -22.025799 11.756699
v -1.511697 -23.326633 12.044662
v -1.615956 -23.326633 11.920975
v -1.339661 -22.025824 11.914337
v -2.387630 -23.326633 11.920975
v -1.472943 -22.025799 11.756699
v -1.615956 -23.326633 11.920975
v -2.530638 -22.025799 11.756699
v -1.615956 -23.326633 12.900925
v -1.339654 -22.025824 12.907593
v -1.472943 -22.025799 13.065186
v -1.511698 -23.326633 12.777283
v -2.530638 -22.025799 13.065186
v -1.615956 -23.326633 12.900925
v -1.472943 -22.025799 13.065186
v -2.387639 -23.326633 12.900925
v 19.280655 -11.174941 18.891418
v 19.280655 -11.365891 21.515656
v 19.280655 -11.174941 21.515656
v 19.280655 -11.711597 20.278168
v 19.280655 -12.072086 19.761414
v 19.280655 -12.538886 19.346802
v 19.280655 -13.377881 19.020889
v 19.280655 -13.377881 17.842712
v 19.280655 -11.174941 17.842712
v 19.280655 -11.174941 16.794006
v 19.280655 -13.377881 16.664551
v 19.280655 -12.538886 16.338623
v 19.280655 -12.072086 15.923981
v 19.280655 -11.711597 15.407272
v 19.280655 -11.365891 14.169785
v 19.280655 -11.174941 14.169785
v 21.404938 -11.174941 16.794006
v 21.404938 -11.365891 14.169785
v 21.404938 -11.174941 14.169785
v 21.404938 -11.711597 15.407272
v 21.404938 -12.072086 15.923981
v 21.404938 -12.538886 16.338623
v 21.404938 -13.377881 16.664551
v 21.404938 -13.377881 17.842712
v 21.404938 -11.174941 17.842712
v 21.404938 -11.174941 18.891418
v 21.404938 -13.377881 19.020889
v 21.404938 -12.538886 19.346802
v 21.404938 -12.072086 19.761414
v 21.404938 -11.711597 20.278168
v 21.404938 -11.174941 21.515656
v 21.404938 -11.365891 21.515656
v 19.280655 -13.377881 19.020889
v 21.404938 -13.377881 19.020889
v 21.404938 -12.538886 19.346802
v 19.280655 -12.538886 19.346802
v 21.404938 -12.072086 19.761414
v 19.280655 -12.072086 19.761414
v 21.404938 -11.711597 20.278168
v 19.280655 -11.711597 20.278168
v 21.404938 -11.365891 21.515656
v 19.280655 -11.365891 21.515656
v 19.280655 -11.365891 21.515656
v 21.404938 -11.174941 21.515656
v 19.280655 -11.174941 21.515656
v 21.404938 -11.365891 21.515656
v 19.280655 -13.377881 17.842712
v 21.404938 -13.377881 19.020889
v 19.280655 -13.377881 19.020889
v 21.404938 -13.377881 17.842712
v 21.404938 -13.377881 16.664551
v 19.280655 -13.377881 16.664551
v 19.280655 -13.377881 16.664551
v 21.404938 -12.538886 16.338623
v 21.404938 -13.377881 16.664551
v 19.280655 -12.538886 16.338623
v 21.404938 -12.072086 15.923981
v 19.280655 -12.072086 15.923981
v 21.404938 -11.711597 15.407272
v 19.280655 -11.711597 15.407272
v 21.404938 -11.365891 14.169785
v 19.280655 -11.365891 14.169785
v 19.280655 -11.365891 14.169785
v 21.404938 -11.174941 14.169785
v 21.404938 -11.365891 14.169785
v 19.280655 -11.174941 14.169785
v 20.870686 -28.142834 18.347107
v 19.834251 -28.142834 17.312332
v 20.870686 -28.142834 17.312332
v 19.834251 -28.142834 18.347107
v 19.337990 -13.349676 18.842590
v 19.630520 -25.169086 17.108963
v 19.630520 -25.169086 18.550491
v 19.337990 -13.349676 16.816895
v 21.366943 -13.349676 16.816895
v 21.074409 -25.169086 18.550491
v 21.074409 -25.169086 17.108963
v 21.366943 -13.349676 18.842590
v 21.379456 -25.295807 17.059418
v 21.074409 -25.169086 18.550491
v 21.379452 -25.295807 18.600082
v 21.074409 -25.169086 17.108963
v 20.870686 -28.142834 17.312332
v 21.112610 -28.024651 18.397903
v 20.870686 -28.142834 18.347107
v 21.112614 -28.024651 17.261597
v 21.172718 -25.295780 18.844452
v 19.630520 -25.169086 18.550491
v 19.532215 -25.295780 18.844452
v 21.074409 -25.169086 18.550491
v 19.834251 -28.142834 18.347107
v 19.592316 -28.024651 17.261597
v 19.834251 -28.142834 17.312332
v 19.592323 -28.024651 18.397903
v 19.325478 -25.295807 18.600037
v 19.630520 -25.169086 17.108963
v 19.325478 -25.295807 17.059418
v 19.630520 -25.169086 18.550491
v 20.870686 -28.142834 18.347107
v 19.754028 -28.024651 18.589691
v 19.834251 -28.142834 18.347107
v 20.950909 -28.024651 18.589691
v 19.532215 -25.295780 16.814987
v 21.074409 -25.169086 17.108963
v 21.172726 -25.295780 16.814987
v 19.630520 -25.169086 17.108963
v 19.834251 -28.142834 17.312332
v 20.950909 -28.024651 17.069763
v 20.870686 -28.142834 17.312332
v 19.754025 -28.024651 17.069763
v 21.366943 -13.349676 18.842590
v 19.630520 -25.169086 18.550491
v 21.074409 -25.169086 18.550491
v 19.337990 -13.349676 18.842590
v 19.630520 -25.169086 17.108963
v 21.366943 -13.349676 16.816895
v 21.074409 -25.169086 17.108963
v 19.337990 -13.349676 16.816895
v 20.950909 -28.024651 17.069763
v 21.379456 -25.295807 17.059418
v 21.112614 -28.024651 17.261597
v 21.172726 -25.295780 16.814987
v 21.112610 -28.024651 18.397903
v 21.379456 -25.295807 17.059418
v 21.379452 -25.295807 18.600082
v 21.112614 -28.024651 17.261597
v 21.172718 -25.295780 18.844452
v 21.112610 -28.024651 18.397903
v 21.379452 -25.295807 18.600082
v 20.950909 -28.024651 18.589691
v 19.325478 -25.295807 18.600037
v 19.592316 -28.024651 17.261597
v 19.592323 -28.024651 18.397903
v 19.325478 -25.295807 17.059418
v 19.532215 -25.295780 18.844452
v 19.592323 -28.024651 18.397903
v 19.754028 -28.024651 18.589691
v 19.325478 -25.295807 18.600037
v 20.950909 -28.024651 18.589691
v 19.532215 -25.295780 18.844452
v 19.754028 -28.024651 18.589691
v 21.172718 -25.295780 18.844452
v 19.754025 -28.024651 17.069763
v 19.325478 -25.295807 17.059418
v 19.532215 -25.295780 16.814987
v 19.592316 -28.024651 17.261597
v 21.172726 -25.295780 16.814987
v 19.754025 -28.024651 17.069763
v 19.532215 -25.295780 16.814987
v 20.950909 -28.024651 17.069763
v -21.408527 -11.174941 18.891418
v -21.408527 -11.365891 21.515656
v -21.408527 -11.174941 21.515656
v -21.408527 -11.711597 20.278168
v -21.408527 -12.072086 19.761414
v -21.408527 -12.538886 19.346802
v -21.408527 -13.377881 19.020889
v -21.408527 -13.377881 17.842712
v -21.408527 -11.174941 17.842712
v -21.408527 -11.174941 16.794006
v -21.408527 -13.377881 16.664551
v -21.408527 -12.538886 16.338623
v -21.408527 -12.072086 15.923981
v -21.408527 -11.711597 15.407272
v -21.408527 -11.365891 14.169785
v -21.408527 -11.174941 14.169785
v -19.284241 -11.174941 16.794006
v -19.284241 -11.365891 14.169785
v -19.284241 -11.174941 14.169785
v -19.284241 -11.711597 15.407272
v -19.284241 -12.072086 15.923981
v -19.284241 -12.538886 16.338623
v -19.284241 -13.377881 16.664551
v -19.284241 -13.377881 17.842712
v -19.284241 -11.174941 17.842712
v -19.284241 -11.174941 18.891418
v -19.284241 -13.377881 19.020889
v -19.284241 -12.538886 19.346802
v -19.284241 -12.072086 19.761414
v -19.284241 -11.711597 20.278168
v -19.284241 -11.174941 21.515656
v -19.284241 -11.365891 21.515656
v -21.408527 -13.377881 19.020889
v -19.284241 -13.377881 19.020889
v -19.284241 -12.538886 19.346802
v -21.408527 -12.538886 19.346802
v -19.284241 -12.072086 19.761414
v -21.408527 -12.072086 19.761414
v -19.284241 -11.711597 20.278168
v -21.408527 -11.711597 20.278168
v -19.284241 -11.365891 21.515656
v -21.408527 -11.365891 21.515656
v -21.408527 -11.365891 21.515656
v -19.284241 -11.174941 21.515656
v -21.408527 -11.174941 21.515656
v -19.284241 -11.365891 21.515656
v -21.408527 -13.377881 17.842712
v -19.284241 -13.377881 19.020889
v -21.408527 -13.377881 19.020889
v -19.284241 -13.377881 17.842712
v -19.284241 -13.377881 16.664551
v -21.408527 -13.377881 16.664551
v -21.408527 -13.377881 16.664551
v -19.284241 -12.538886 16.338623
v -19.284241 -13.377881 16.664551
v -21.408527 -12.538886 16.338623
v -19.284241 -12.072086 15.923981
v -21.408527 -12.072086 15.923981
v -19.284241 -11.711597 15.407272
v -21.408527 -11.711597 15.407272
v -19.284241 -11.365891 14.169785
v -21.408527 -11.365891 14.169785
v -21.408527 -11.365891 14.169785
v -19.284241 -11.174941 14.169785
v -19.284241 -11.365891 14.169785
v -21.408527 -11.174941 14.169785
v -19.818497 -28.142834 18.347107
v -20.854927 -28.142834 17.312332
v -19.818497 -28.142834 17.312332
v -20.854927 -28.142834 18.347107
v -21.351189 -13.349676 18.842590
v -21.058662 -25.169086 17.108963
v -21.058662 -25.169086 18.550491
v -21.351189 -13.349676 16.816895
v -19.322235 -13.349676 16.816895
v -19.614769 -25.169086 18.550491
v -19.614769 -25.169086 17.108963
v -19.322235 -13.349676 18.842590
v -19.309723 -25.295807 17.059418
v -19.614769 -25.169086 18.550491
v -19.309731 -25.295807 18.600082
v -19.614769 -25.169086 17.108963
v -19.818497 -28.142834 17.312332
v -19.576569 -28.024651 18.397903
v -19.818497 -28.142834 18.347107
v -19.576565 -28.024651 17.261597
v -19.516460 -25.295780 18.844452
v -21.058662 -25.169086 18.550491
v -21.156967 -25.295780 18.844452
v -19.614769 -25.169086 18.550491
v -20.854927 -28.142834 18.347107
v -21.096863 -28.024651 17.261597
v -20.854927 -28.142834 17.312332
v -21.096859 -28.024651 18.397903
v -21.363701 -25.295807 18.600037
v -21.058662 -25.169086 17.108963
v -21.363701 -25.295807 17.059418
v -21.058662 -25.169086 18.550491
v -19.818497 -28.142834 18.347107
v -20.935154 -28.024651 18.589691
v -20.854927 -28.142834 18.347107
v -19.738274 -28.024651 18.589691
v -21.156967 -25.295780 16.814987
v -19.614769 -25.169086 17.108963
v -19.516457 -25.295780 16.814987
v -21.058662 -25.169086 17.108963
v -20.854927 -28.142834 17.312332
v -19.738270 -28.024651 17.069763
v -19.818497 -28.142834 17.312332
v -20.935158 -28.024651 17.069763
v -19.322235 -13.349676 18.842590
v -21.058662 -25.169086 18.550491
v -19.614769 -25.169086 18.550491
v -21.351189 -13.349676 18.842590
v -21.058662 -25.169086 17.108963
v -19.322235 -13.349676 16.816895
v -19.614769 -25.169086 17.108963
v -21.351189 -13.349676 16.816895
v -19.738270 -28.024651 17.069763
v -19.309723 -25.295807 17.059418
v -19.576565 -28.024651 17.261597
v -19.516457 -25.295780 16.814987
v -19.576569 -28.024651 18.397903
v -19.309723 -25.295807 17.059418
v -19.309731 -25.295807 18.600082
v -19.576565 -28.024651 17.261597
v -19.516460 -25.295780 18.844452
v -19.576569 -28.024651 18.397903
v -19.309731 -25.295807 18.600082
v -19.738274 -28.024651 18.589691
v -21.363701 -25.295807 18.600037
v -21.096863 -28.024651 17.261597
v -21.096859 -28.024651 18.397903
v -21.363701 -25.295807 17.059418
v -21.156967 -25.295780 18.844452
v -21.096859 -28.024651 18.397903
v -20.935154 -28.024651 18.589691
v -21.363701 -25.295807 18.600037
v -19.738274 -28.024651 18.589691
v -21.156967 -25.295780 18.844452
v -20.935154 -28.024651 18.589691
v -19.516460 -25.295780 18.844452
v -20.935158 -28.024651 17.069763
v -21.363701 -25.295807 17.059418
v -21.156967 -25.295780 16.814987
v -21.096863 -28.024651 17.261597
v -19.516457 -25.295780 16.814987
v -20.935158 -28.024651 17.069763
v -21.156967 -25.295780 16.814987
v -19.738270 -28.024651 17.069763
v -5.485893 -11.174941 -24.016235
v -5.485893 -11.365891 -21.391968
v -5.485893 -11.174941 -21.391968
v -5.485893 -11.711597 -22.629456
v -5.485893 -12.072086 -23.146210
v -5.485893 -12.538886 -23.560822
v -5.485893 -13.377881 -23.886719
v -5.485893 -13.377881 -25.064941
v -5.485893 -11.174941 -25.064941
v -5.485893 -11.174941 -26.113617
v -5.485893 -13.377881 -26.243103
v -5.485893 -12.538886 -26.569031
v -5.485893 -12.072086 -26.983643
v -5.485893 -11.711597 -27.500366
v -5.485893 -11.365891 -28.737854
v -5.485893 -11.174941 -28.737854
v -3.361607 -11.174941 -26.113617
v -3.361607 -11.365891 -28.737854
v -3.361607 -11.174941 -28.737854
v -3.361607 -11.711597 -27.500366
v -3.361607 -12.072086 -26.983643
v -3.361607 -12.538886 -26.569031
v -3.361607 -13.377881 -26.243103
v -3.361607 -13.377881 -25.064941
v -3.361607 -11.174941 -25.064911
v -3.361607 -11.174941 -24.016235
v -3.361607 -13.377881 -23.886719
v -3.361607 -12.538886 -23.560822
v -3.361607 -12.072086 -23.146210
v -3.361607 -11.711597 -22.629456
v -3.361607 -11.174941 -21.391968
v -3.361607 -11.365891 -21.391968
v -5.485893 -13.377881 -23.886719
v -3.361607 -13.377881 -23.886719
v -3.361607 -12.538886 -23.560822
v -5.485893 -12.538886 -23.560822
v -3.361607 -12.072086 -23.146210
v -5.485893 -12.072086 -23.146210
v -3.361607 -11.711597 -22.629456
v -5.485893 -11.711597 -22.629456
v -3.361607 -11.365891 -21.391968
v -5.485893 -11.365891 -21.391968
v -5.485893 -11.365891 -21.391968
v -3.361607 -11.174941 -21.391968
v -5.485893 -11.174941 -21.391968
v -3.361607 -11.365891 -21.391968
v -5.485893 -13.377881 -25.064941
v -3.361607 -13.377881 -23.886719
v -5.485893 -13.377881 -23.886719
v -3.361607 -13.377881 -25.064941
v -3.361607 -13.377881 -26.243103
v -5.485893 -13.377881 -26.243103
v -5.485893 -13.377881 -26.243103
v -3.361607 -12.538886 -26.569031
v -3.361607 -13.377881 -26.243103
v -5.485893 -12.538886 -26.569031
v -3.361607 -12.072086 -26.983643
v -5.485893 -12.072086 -26.983643
v -3.361607 -11.711597 -27.500366
v -5.485893 -11.711597 -27.500366
v -3.361607 -11.365891 -28.737854
v -5.485893 -11.365891 -28.737854
v -5.485893 -11.365891 -28.737854
v -3.361607 -11.174941 -28.737854
v -3.361607 -11.365891 -28.737854
v -5.485893 -11.174941 -28.737854
v -3.895864 -28.142834 -24.560547
v -4.932293 -28.142834 -25.595276
v -3.895864 -28.142834 -25.595276
v -4.932293 -28.142834 -24.560547
v -5.428555 -13.349676 -24.065063
v -5.136030 -25.169086 -25.798706
v -5.136030 -25.169086 -24.357117
v -5.428555 -13.349676 -26.090729
v -3.399601 -13.349676 -26.090729
v -3.692133 -25.169086 -24.357117
v -3.692133 -25.169086 -25.798706
v -3.399601 -13.349676 -24.065063
v -3.387092 -25.295807 -25.848206
v -3.692133 -25.169086 -24.357117
v -3.387093 -25.295807 -24.307587
v -3.692133 -25.169086 -25.798706
v -3.895864 -28.142834 -25.595276
v -3.653932 -28.024651 -24.509705
v -3.895864 -28.142834 -24.560547
v -3.653931 -28.024651 -25.646057
v -3.593827 -25.295780 -24.063171
v -5.136030 -25.169086 -24.357117
v -5.234333 -25.295780 -24.063171
v -3.692133 -25.169086 -24.357117
v -4.932293 -28.142834 -24.560547
v -5.174230 -28.024651 -25.646057
v -4.932293 -28.142834 -25.595276
v -5.174225 -28.024651 -24.509705
v -5.441065 -25.295807 -24.307587
v -5.136030 -25.169086 -25.798706
v -5.441065 -25.295807 -25.848206
v -5.136030 -25.169086 -24.357117
v -3.895864 -28.142834 -24.560547
v -5.012521 -28.024651 -24.317932
v -4.932293 -28.142834 -24.560547
v -3.815639 -28.024651 -24.317932
v -5.234333 -25.295780 -26.092621
v -3.692133 -25.169086 -25.798706
v -3.593823 -25.295780 -26.092621
v -5.136030 -25.169086 -25.798706
v -4.932293 -28.142834 -25.595276
v -3.815635 -28.024651 -25.837860
v -3.895864 -28.142834 -25.595276
v -5.012524 -28.024651 -25.837860
v -3.399601 -13.349676 -24.065063
v -5.136030 -25.169086 -24.357117
v -3.692133 -25.169086 -24.357117
v -5.428555 -13.349676 -24.065063
v -5.136030 -25.169086 -25.798706
v -3.399601 -13.349676 -26.090729
v -3.692133 -25.169086 -25.798706
v -5.428555 -13.349676 -26.090729
v -3.815635 -28.024651 -25.837860
v -3.387092 -25.295807 -25.848206
v -3.653931 -28.024651 -25.646057
v -3.593823 -25.295780 -26.092621
v -3.653932 -28.024651 -24.509705
v -3.387092 -25.295807 -25.848206
v -3.387093 -25.295807 -24.307587
v -3.653931 -28.024651 -25.646057
v -3.593827 -25.295780 -24.063171
v -3.653932 -28.024651 -24.509705
v -3.387093 -25.295807 -24.307587
v -3.815639 -28.024651 -24.317932
v -5.441065 -25.295807 -24.307587
v -5.174230 -28.024651 -25.646057
v -5.174225 -28.024651 -24.509705
v -5.441065 -25.295807 -25.848206
v -5.234333 -25.295780 -24.063171
v -5.174225 -28.024651 -24.509705
v -5.012521 -28.024651 -24.317932
v -5.441065 -25.295807 -24.307587
v -3.815639 -28.024651 -24.317932
v -5.234333 -25.295780 -24.063171
v -5.012521 -28.024651 -24.317932
v -3.593827 -25.295780 -24.063171
v -5.012524 -28.024651 -25.837860
v -5.441065 -25.295807 -25.848206
v -5.234333 -25.295780 -26.092621
v -5.174230 -28.024651 -25.646057
v -3.593823 -25.295780 -26.092621
v -5.012524 -28.024651 -25.837860
v -5.234333 -25.295780 -26.092621
v -3.815635 -28.024651 -25.837860
# 5030 vertices

vt 0.845018 -0.380236
vt 0.843873 -0.219395
vt 0.845018 -0.219447
vt 0.843873 -0.380197
vt 0.855908 -0.380257
vt 0.854810 -0.219455
vt 0.855939 -0.219421
vt 0.854771 -0.380261
vt 0.826588 -0.219375
vt 0.825442 -0.219388
vt 0.825443 -0.380190
vt 0.826588 -0.380124
vt 0.837416 -0.219260
vt 0.836262 -0.219315
vt 0.836301 -0.380167
vt 0.837447 -0.380192
vt 0.829654 -0.153274
vt 0.812700 -0.119656
vt 0.812696 -0.153022
vt 0.829658 -0.119417
vt 0.897966 -0.278981
vt 0.870120 -0.270016
vt 0.870120 -0.278981
vt 0.897966 -0.270016
vt 0.897969 -0.260574
vt 0.870122 -0.252418
vt 0.870118 -0.260575
vt 0.897964 -0.252418
vt 0.902062 -0.252466
vt 0.902073 -0.260666
vt 0.870120 -0.242227
vt 0.897966 -0.242227
vt 0.866016 -0.260674
vt 0.866024 -0.252473
vt 0.820339 -0.233875
vt 0.808319 -0.230135
vt 0.808319 -0.233875
vt 0.820339 -0.230135
vt 0.638223 -0.670543
vt 0.638312 -0.628802
vt 0.626554 -0.629068
vt 0.626554 -0.670527
vt 0.625339 -0.628637
vt 0.625163 -0.670559
vt 0.642037 -0.677094
vt 0.641926 -0.605993
vt 0.635006 -0.605981
vt 0.633808 -0.606105
vt 0.632391 -0.607006
vt 0.631264 -0.608369
vt 0.629931 -0.611210
vt 0.628600 -0.614779
vt 0.627086 -0.618516
vt 0.625985 -0.620575
vt 0.624737 -0.622212
vt 0.622103 -0.624751
vt 0.619504 -0.626614
vt 0.616734 -0.628426
vt 0.618650 -0.677332
vt 0.613548 -0.630146
vt 0.614660 -0.677006
vt 0.611113 -0.631695
vt 0.612236 -0.676107
vt 0.609168 -0.633669
vt 0.610341 -0.674724
vt 0.608650 -0.672786
vt 0.607503 -0.636130
vt 0.606250 -0.638696
vt 0.607256 -0.670460
vt 0.606029 -0.667552
vt 0.604882 -0.663793
vt 0.605199 -0.641873
vt 0.604311 -0.645533
vt 0.604121 -0.659687
vt 0.603773 -0.654998
vt 0.603835 -0.649632
vt 0.673737 -0.803002
vt 0.671378 -0.707608
vt 0.670857 -0.758688
vt 0.679936 -0.841443
vt 0.675308 -0.669005
vt 0.689441 -0.877252
vt 0.682568 -0.634792
vt 0.699620 -0.904838
vt 0.710932 -0.926361
vt 0.691066 -0.605202
vt 0.724867 -0.945693
vt 0.740513 -0.957751
vt 0.701289 -0.581038
vt 0.714989 -0.557891
vt 0.730574 -0.539477
vt 0.750624 -0.524700
vt 0.760182 -0.965404
vt 0.777448 -0.508078
vt 0.801137 -0.490428
vt 0.793289 -0.968390
vt 0.823546 -0.472092
vt 0.989302 -0.969159
vt 0.990242 -0.965345
vt 0.845972 -0.447278
vt 0.856605 -0.431312
vt 0.865998 -0.411273
vt 0.879112 -0.374590
vt 0.891313 -0.341239
vt 0.901415 -0.313941
vt 0.910072 -0.300757
vt 0.921607 -0.292210
vt 0.931304 -0.291180
vt 0.990242 -0.294635
vt 0.989306 -0.291288
vt 0.631303 -0.627055
vt 0.631303 -0.628634
vt 0.619629 -0.628634
vt 0.868764 -0.207838
vt 0.871348 -0.191411
vt 0.868586 -0.191411
vt 0.871511 -0.207838
vt 0.865990 -0.207838
vt 0.865851 -0.191411
vt 0.862768 -0.207838
vt 0.862641 -0.191411
vt 0.859375 -0.207838
vt 0.859223 -0.191411
vt 0.874620 -0.191411
vt 0.874770 -0.207838
vt 0.853599 -0.190347
vt 0.850149 -0.202448
vt 0.853595 -0.202448
vt 0.850152 -0.190347
vt 0.846702 -0.202448
vt 0.846703 -0.190347
vt 0.844179 -0.202448
vt 0.844179 -0.190347
vt 0.840732 -0.202448
vt 0.840732 -0.190347
vt 0.837285 -0.202448
vt 0.837285 -0.190347
vt 0.834766 -0.202448
vt 0.834756 -0.190347
vt 0.831320 -0.202448
vt 0.831300 -0.190347
vt 0.827878 -0.202448
vt 0.827856 -0.190347
vt 0.825355 -0.202448
vt 0.825332 -0.190347
vt 0.821907 -0.202448
vt 0.821885 -0.190347
vt 0.818460 -0.202448
vt 0.818437 -0.190347
vt 0.815937 -0.202448
vt 0.815914 -0.190347
vt 0.844963 -0.440754
vt 0.855228 -0.425771
vt 0.822649 -0.466755
vt 0.800599 -0.484848
vt 0.777155 -0.502404
vt 0.750314 -0.519030
vt 0.729933 -0.533950
vt 0.714108 -0.553020
vt 0.700327 -0.576286
vt 0.689266 -0.600204
vt 0.680332 -0.631680
vt 0.672955 -0.666323
vt 0.668991 -0.705506
vt 0.668396 -0.757227
vt 0.671395 -0.802686
vt 0.677726 -0.842504
vt 0.687343 -0.878578
vt 0.697884 -0.906681
vt 0.709349 -0.928168
vt 0.723628 -0.949111
vt 0.739538 -0.962862
vt 0.759733 -0.970312
vt 0.793196 -0.973271
vt 0.990611 -0.973820
vt 0.990795 -0.967874
vt 0.990826 -0.291073
vt 0.990055 -0.288087
vt 0.931085 -0.285481
vt 0.921410 -0.286830
vt 0.909007 -0.295786
vt 0.900166 -0.310494
vt 0.889965 -0.335979
vt 0.877690 -0.368930
vt 0.864478 -0.405440
vt 0.852119 -0.414225
vt 0.843311 -0.430156
vt 0.822274 -0.456565
vt 0.800375 -0.474571
vt 0.860715 -0.393920
vt 0.874215 -0.359206
vt 0.887257 -0.327000
vt 0.897672 -0.302408
vt 0.907364 -0.286409
vt 0.921200 -0.276532
vt 0.930994 -0.275144
vt 0.994724 -0.275361
vt 0.994739 -0.289895
vt 0.994738 -0.970096
vt 0.994736 -0.986295
vt 0.793147 -0.984804
vt 0.759535 -0.981841
vt 0.739117 -0.974261
vt 0.722814 -0.961337
vt 0.706487 -0.939560
vt 0.695066 -0.918545
vt 0.683006 -0.887165
vt 0.672707 -0.847959
vt 0.666122 -0.804823
vt 0.663032 -0.758543
vt 0.663705 -0.703546
vt 0.668307 -0.659455
vt 0.675870 -0.624054
vt 0.685412 -0.590999
vt 0.697572 -0.565431
vt 0.712001 -0.541967
vt 0.729314 -0.523410
vt 0.750185 -0.508716
vt 0.777033 -0.492091
vt 0.870423 -0.172429
vt 0.867620 -0.164755
vt 0.866412 -0.172340
vt 0.863146 -0.168060
vt 0.863235 -0.177635
vt 0.867697 -0.180245
vt 0.838503 -0.161821
vt 0.837567 -0.168714
vt 0.844525 -0.168720
vt 0.838500 -0.175612
vt 0.841047 -0.180660
vt 0.844526 -0.182507
vt 0.848004 -0.180660
vt 0.850551 -0.175612
vt 0.851483 -0.168717
vt 0.850551 -0.161823
vt 0.848005 -0.156776
vt 0.844526 -0.154928
vt 0.841047 -0.156776
vt 0.128347 -0.105785
vt 0.117805 -0.106283
vt 0.117805 -0.236874
vt 0.128347 -0.236376
vt 0.138888 -0.105287
vt 0.138888 -0.235878
vt 0.148943 -0.105349
vt 0.148943 -0.235940
vt 0.158997 -0.105412
vt 0.158997 -0.236002
vt 0.169520 -0.105348
vt 0.169520 -0.235938
vt 0.180043 -0.105283
vt 0.180043 -0.235874
vt 0.188988 -0.105348
vt 0.188988 -0.235938
vt 0.197932 -0.105412
vt 0.197932 -0.236003
vt 0.941078 -0.128845
vt 0.946188 -0.131971
vt 0.946188 -0.130293
vt 0.941078 -0.133419
vt 0.896079 -0.134867
vt 0.896079 -0.127397
vt 0.918204 -0.138732
vt 0.914959 -0.241461
vt 0.914959 -0.138706
vt 0.918204 -0.241488
vt 0.810117 -0.385075
vt 0.812883 -0.251317
vt 0.812862 -0.385083
vt 0.810138 -0.251310
vt 0.817452 -0.251280
vt 0.818048 -0.385048
vt 0.946787 -0.138621
vt 0.946787 -0.241377
vt 0.956195 -0.130176
vt 0.952077 -0.264061
vt 0.956195 -0.263995
vt 0.952077 -0.130242
vt 0.993076 -0.130084
vt 0.993076 -0.263903
vt 0.184707 -0.759217
vt 0.280072 -0.774888
vt 0.184707 -0.774888
vt 0.135057 -0.433248
vt 0.120602 -0.421577
vt 0.120582 -0.433233
vt 0.131086 -0.421562
vt 0.131116 -0.404079
vt 0.135108 -0.404109
vt 0.134985 -0.384629
vt 0.131146 -0.384600
vt 0.134862 -0.365149
vt 0.131177 -0.365121
vt 0.134617 -0.326189
vt 0.131238 -0.326164
vt 0.134371 -0.287229
vt 0.131298 -0.287206
vt 0.134310 -0.277489
vt 0.131313 -0.277467
vt 0.134229 -0.265660
vt 0.131347 -0.265606
vt 0.134161 -0.254211
vt 0.131356 -0.254167
vt 0.188045 -0.739737
vt 0.189875 -0.720257
vt 0.189875 -0.681297
vt 0.187631 -0.642337
vt 0.186589 -0.632597
vt 0.204085 -0.603377
vt 0.227116 -0.599250
vt 0.250740 -0.593212
vt 0.266561 -0.598164
vt 0.274068 -0.603378
vt 0.280097 -0.598870
vt 0.184414 -0.620768
vt 0.196984 -0.599391
vt 0.185656 -0.609318
vt 0.190221 -0.601312
vt 0.280068 -0.584301
vt 0.185802 -0.567210
vt 0.185851 -0.584301
vt 0.189092 -0.548201
vt 0.190898 -0.529192
vt 0.190895 -0.491210
vt 0.188700 -0.453182
vt 0.187683 -0.443672
vt 0.204758 -0.415172
vt 0.197829 -0.411254
vt 0.185560 -0.432106
vt 0.191216 -0.413112
vt 0.186761 -0.420924
vt 0.227647 -0.411041
vt 0.250289 -0.405249
vt 0.265734 -0.410073
vt 0.273055 -0.415163
vt 0.280068 -0.410766
vt 0.562377 -0.968376
vt 0.561198 -0.950067
vt 0.562387 -0.947262
vt 0.561179 -0.966071
vt 0.468144 -0.968661
vt 0.468160 -0.966140
vt 0.184703 -0.586521
vt 0.184703 -0.569037
vt 0.188041 -0.549559
vt 0.189872 -0.530081
vt 0.189872 -0.491123
vt 0.187628 -0.452166
vt 0.186585 -0.442426
vt 0.184410 -0.430565
vt 0.185652 -0.419126
vt 0.190217 -0.411120
vt 0.196981 -0.409189
vt 0.204081 -0.413208
vt 0.227112 -0.409080
vt 0.250736 -0.403043
vt 0.266558 -0.407994
vt 0.274064 -0.413208
vt 0.280071 -0.408565
vt 0.162197 -0.419328
vt 0.165007 -0.410199
vt 0.162202 -0.410199
vt 0.164964 -0.419328
vt 0.162189 -0.432855
vt 0.164956 -0.432855
vt 0.162206 -0.447056
vt 0.164972 -0.447056
vt 0.162206 -0.458720
vt 0.164972 -0.458720
vt 0.162164 -0.540366
vt 0.164930 -0.540366
vt 0.162184 -0.572009
vt 0.164951 -0.572009
vt 0.162206 -0.587021
vt 0.164972 -0.587021
vt 0.162187 -0.599030
vt 0.164953 -0.599030
vt 0.102171 -0.909395
vt 0.006806 -0.880445
vt 0.006806 -0.909395
vt 0.102171 -0.880445
vt 0.468176 -0.950068
vt 0.562373 -0.980177
vt 0.468148 -0.980317
vt 0.636788 -0.614923
vt 0.636962 -0.616177
vt 0.637015 -0.633471
vt 0.635819 -0.616174
vt 0.635766 -0.633468
vt 0.628577 -0.667516
vt 0.629059 -0.665471
vt 0.636739 -0.613850
vt 0.634854 -0.672949
vt 0.634503 -0.621521
vt 0.635614 -0.621523
vt 0.635989 -0.672950
vt 0.636774 -0.621528
vt 0.635618 -0.619193
vt 0.635420 -0.620358
vt 0.581509 -0.884823
vt 0.581509 -0.874653
vt 0.522438 -0.884094
vt 0.888390 -0.029059
vt 0.993763 -0.010372
vt 0.993758 -0.029022
vt 0.929765 -0.010416
vt 0.811125 -0.010434
vt 0.648853 -0.010485
vt 0.888394 -0.083960
vt 0.648858 -0.084036
vt 0.853039 -0.129199
vt 0.855478 -0.144961
vt 0.855478 -0.129199
vt 0.853039 -0.144962
vt 0.850600 -0.129199
vt 0.850600 -0.144962
vt 0.847783 -0.129199
vt 0.847783 -0.144962
vt 0.860734 -0.129199
vt 0.863174 -0.144961
vt 0.863173 -0.129199
vt 0.860734 -0.144961
vt 0.858295 -0.129199
vt 0.858295 -0.144962
vt 0.197100 -0.870487
vt 0.519223 -0.861362
vt 0.519223 -0.870486
vt 0.506124 -0.860765
vt 0.497360 -0.851874
vt 0.488596 -0.835559
vt 0.197100 -0.834215
vt 0.195113 -0.821918
vt 0.471979 -0.800951
vt 0.471979 -0.821917
vt 0.331622 -0.800355
vt 0.309721 -0.785645
vt 0.195113 -0.785645
vt 0.220829 -0.821728
vt 0.308522 -0.785455
vt 0.220829 -0.785456
vt 0.333018 -0.800762
vt 0.353868 -0.821728
vt 0.353868 -0.800762
vt 0.195882 -0.915092
vt 0.475736 -0.894126
vt 0.475736 -0.915092
vt 0.459833 -0.893529
vt 0.439337 -0.878819
vt 0.195882 -0.878819
vt 0.587943 -0.940678
vt 0.393872 -0.929928
vt 0.587958 -0.931171
vt 0.393857 -0.939434
vt 0.569027 -0.954608
vt 0.570702 -0.945711
vt 0.575665 -0.955218
vt 0.570702 -0.957854
vt 0.575665 -0.964725
vt 0.570702 -0.962089
vt 0.568798 -0.965521
vt 0.570702 -0.974232
vt 0.615870 -0.964725
vt 0.615870 -0.955218
vt 0.598834 -0.877223
vt 0.603587 -0.885389
vt 0.598834 -0.885389
vt 0.603587 -0.877223
vt 0.328863 -0.931181
vt 0.434871 -0.940687
vt 0.328863 -0.940688
vt 0.434871 -0.931180
vt 0.452690 -0.940687
vt 0.452690 -0.931180
vt 0.505826 -0.931213
vt 0.566449 -0.940909
vt 0.505826 -0.940909
vt 0.566449 -0.931213
vt 0.494475 -0.931213
vt 0.494475 -0.940909
vt 0.431906 -0.931213
vt 0.431906 -0.940908
vt 0.587506 -0.884822
vt 0.585586 -0.873206
vt 0.585586 -0.884822
vt 0.587506 -0.872629
vt 0.591155 -0.872629
vt 0.588600 -0.884822
vt 0.588600 -0.873207
vt 0.591155 -0.884823
vt 0.614599 -0.931461
vt 0.616791 -0.941941
vt 0.614168 -0.940851
vt 0.618118 -0.932872
vt 0.583706 -0.884823
vt 0.583706 -0.873785
vt 0.621570 -0.936995
vt 0.619854 -0.947644
vt 0.618489 -0.944185
vt 0.623932 -0.942795
vt 0.478452 -0.930591
vt 0.479224 -0.939667
vt 0.470794 -0.914940
vt 0.582276 -0.905215
vt 0.582276 -0.914940
vt 0.470794 -0.893974
vt 0.474273 -0.893742
vt 0.586839 -0.914708
vt 0.586839 -0.904983
vt 0.474273 -0.914708
vt 0.803078 -0.458960
vt 0.784845 -0.211306
vt 0.803078 -0.211306
vt 0.784845 -0.458960
vt 0.259034 -0.914940
vt 0.260657 -0.878668
vt 0.260657 -0.914940
vt 0.259034 -0.878668
vt 0.264491 -0.878668
vt 0.262775 -0.914940
vt 0.262775 -0.878668
vt 0.264491 -0.914940
vt 0.532614 -0.940931
vt 0.472427 -0.931406
vt 0.532177 -0.931483
vt 0.472896 -0.940866
vt 0.469781 -0.893743
vt 0.469780 -0.914709
vt 0.613309 -0.931334
vt 0.468309 -0.914940
vt 0.468309 -0.893975
vt 0.465228 -0.893743
vt 0.465228 -0.914708
vt 0.458327 -0.893146
vt 0.442000 -0.879781
vt 0.605776 -0.931285
vt 0.605761 -0.940793
vt 0.279411 -0.930630
vt 0.539551 -0.941125
vt 0.279402 -0.940137
vt 0.539560 -0.931617
vt 0.151516 -0.870487
vt 0.151516 -0.834215
vt 0.191721 -0.870488
vt 0.582098 -0.931074
vt 0.285779 -0.939316
vt 0.286215 -0.929887
vt 0.582088 -0.940582
vt 0.460376 -0.931213
vt 0.460376 -0.940909
vt 0.803021 -0.246559
vt 0.784840 -0.246560
vt 0.190919 -0.915092
vt 0.190919 -0.878819
vt 0.150714 -0.878819
vt 0.150714 -0.915092
vt 0.218996 -0.914709
vt 0.218996 -0.878436
vt 0.803022 -0.189330
vt 0.784840 -0.189330
vt 0.784850 -0.439501
vt 0.803032 -0.399044
vt 0.784850 -0.399044
vt 0.803032 -0.439501
vt 0.462912 -0.939758
vt 0.442684 -0.931593
vt 0.442684 -0.939758
vt 0.462912 -0.931592
vt 0.803022 -0.329080
vt 0.784840 -0.450325
vt 0.803022 -0.450325
vt 0.784840 -0.329080
vt 0.334655 -0.800671
vt 0.440664 -0.822233
vt 0.440664 -0.801267
vt 0.316837 -0.822233
vt 0.316837 -0.790520
vt 0.440970 -0.931229
vt 0.416475 -0.940736
vt 0.416474 -0.931229
vt 0.440970 -0.940736
vt 0.461820 -0.931229
vt 0.461820 -0.940736
vt 0.803022 -0.314826
vt 0.784840 -0.314826
vt 0.465289 -0.931212
vt 0.465289 -0.940719
vt 0.594072 -0.940719
vt 0.594072 -0.931212
vt 0.019484 -0.083662
vt 0.007708 -0.083662
vt 0.007708 -0.010111
vt 0.019485 -0.010111
vt 0.033430 -0.083664
vt 0.033434 -0.010113
vt 0.044392 -0.083667
vt 0.044397 -0.010116
vt 0.063257 -0.083673
vt 0.063263 -0.010122
vt 0.087832 -0.010130
vt 0.087825 -0.083681
vt 0.116545 -0.083692
vt 0.116552 -0.010140
vt 0.132936 -0.083697
vt 0.132943 -0.010146
vt 0.148442 -0.083703
vt 0.148449 -0.010151
vt 0.174562 -0.083710
vt 0.174568 -0.010159
vt 0.200820 -0.083719
vt 0.200826 -0.010168
vt 0.229450 -0.083727
vt 0.229456 -0.010177
vt 0.259919 -0.083737
vt 0.259925 -0.010185
vt 0.283523 -0.083746
vt 0.283730 -0.010197
vt 0.302917 -0.083878
vt 0.302928 -0.010327
vt 0.321770 -0.083888
vt 0.321782 -0.010337
vt 0.336461 -0.083897
vt 0.336472 -0.010346
vt 0.354405 -0.083907
vt 0.354415 -0.010357
vt 0.375064 -0.083920
vt 0.375076 -0.010369
vt 0.398082 -0.083937
vt 0.398096 -0.010386
vt 0.427047 -0.083959
vt 0.427061 -0.010408
vt 0.453375 -0.083980
vt 0.453390 -0.010429
vt 0.476452 -0.083997
vt 0.476467 -0.010446
vt 0.501807 -0.084016
vt 0.501822 -0.010465
vt 0.522784 -0.084034
vt 0.522800 -0.010483
vt 0.542437 -0.084051
vt 0.542454 -0.010499
vt 0.563378 -0.084059
vt 0.563385 -0.010508
vt 0.585112 -0.084048
vt 0.585109 -0.010497
vt 0.610167 -0.084045
vt 0.610164 -0.010493
vt 0.425558 -0.111899
vt 0.335528 -0.111899
vt 0.335528 -0.773358
vt 0.425559 -0.773358
vt 0.491229 -0.787842
vt 0.501291 -0.786675
vt 0.513208 -0.777815
vt 0.522575 -0.764590
vt 0.533477 -0.736784
vt 0.544369 -0.701785
vt 0.557593 -0.664292
vt 0.566914 -0.644549
vt 0.577485 -0.628974
vt 0.599801 -0.603375
vt 0.622236 -0.585137
vt 0.646698 -0.567433
vt 0.630216 -0.096394
vt 0.672731 -0.550571
vt 0.663272 -0.099488
vt 0.692911 -0.535475
vt 0.683369 -0.108014
vt 0.709103 -0.516245
vt 0.699317 -0.121457
vt 0.713522 -0.140384
vt 0.723125 -0.492184
vt 0.725086 -0.162731
vt 0.733637 -0.467082
vt 0.735401 -0.191088
vt 0.742338 -0.436420
vt 0.745034 -0.227861
vt 0.749720 -0.401116
vt 0.751308 -0.267295
vt 0.754197 -0.312285
vt 0.753675 -0.361780
vt 0.992914 -0.037539
vt 0.916053 -0.037539
vt 0.916051 -0.092521
vt 0.992914 -0.111090
vt 0.874278 -0.111227
vt 0.810675 -0.092660
vt 0.810686 -0.111364
vt 0.104657 -0.320715
vt 0.028613 -0.321744
vt 0.026387 -0.320715
vt 0.102431 -0.321744
vt 0.030839 -0.322773
vt 0.028613 -0.469611
vt 0.026387 -0.469611
vt 0.100205 -0.322773
vt 0.100205 -0.469611
vt 0.030839 -0.469611
vt 0.102431 -0.469611
vt 0.104657 -0.469611
vt 0.838483 -0.135934
vt 0.838483 -0.128406
vt 0.835224 -0.132169
vt 0.841743 -0.132169
vt 0.841743 -0.139698
vt 0.838483 -0.143462
vt 0.835224 -0.139697
vt 0.211307 -0.175601
vt 0.211967 -0.177636
vt 0.212849 -0.166576
vt 0.212519 -0.189305
vt 0.214944 -0.189305
vt 0.216156 -0.175601
vt 0.215496 -0.177636
vt 0.212519 -0.161896
vt 0.211766 -0.153029
vt 0.214714 -0.162348
vt 0.215697 -0.153029
vt 0.214614 -0.166576
vt 0.212749 -0.143709
vt 0.210685 -0.132216
vt 0.212704 -0.146351
vt 0.216740 -0.146351
vt 0.218759 -0.132216
vt 0.214714 -0.143709
vt 0.212704 -0.118081
vt 0.210451 -0.126721
vt 0.218686 -0.146372
vt 0.221431 -0.126721
vt 0.216740 -0.118081
vt 0.213196 -0.107070
vt 0.212327 -0.133414
vt 0.215136 -0.133414
vt 0.216540 -0.126721
vt 0.218686 -0.107070
vt 0.212327 -0.120029
vt 0.215136 -0.120029
vt 0.216904 -0.166576
vt 0.217786 -0.177636
vt 0.218446 -0.175601
vt 0.217233 -0.189305
vt 0.217004 -0.162348
vt 0.217986 -0.153029
vt 0.214257 -0.177636
vt 0.214003 -0.146351
vt 0.220058 -0.132216
vt 0.217004 -0.143709
vt 0.213597 -0.175601
vt 0.214056 -0.153029
vt 0.211984 -0.132216
vt 0.214003 -0.118081
vt 0.213213 -0.126721
vt 0.218040 -0.118081
vt 0.217425 -0.120029
vt 0.218830 -0.126721
vt 0.217425 -0.133414
vt 0.218974 -0.166576
vt 0.219856 -0.177636
vt 0.220516 -0.175601
vt 0.219304 -0.189305
vt 0.219074 -0.162348
vt 0.220057 -0.153029
vt 0.215082 -0.146351
vt 0.221138 -0.132216
vt 0.219074 -0.143709
vt 0.213064 -0.132216
vt 0.215082 -0.118081
vt 0.215283 -0.126721
vt 0.219119 -0.118081
vt 0.219496 -0.120029
vt 0.219496 -0.133414
vt 0.762345 -0.141795
vt 0.763323 -0.140077
vt 0.613575 -0.658351
vt 0.615332 -0.657809
vt 0.425558 -0.787713
vt 0.633521 -0.776697
vt 0.631699 -0.776633
vt 0.633527 -0.773826
vt 0.646697 -0.776697
vt 0.646669 -0.773826
vt 0.635840 -0.645032
vt 0.631694 -0.974464
vt 0.686672 -0.925846
vt 0.686672 -0.974464
vt 0.425557 -0.096406
vt 0.574228 -0.782802
vt 0.575259 -0.782124
vt 0.574228 -0.784622
vt 0.575259 -0.769054
vt 0.574228 -0.768375
vt 0.574228 -0.766557
vt 0.234169 -0.288155
vt 0.235604 -0.288155
vt 0.235604 -0.284163
vt 0.161345 -0.250192
vt 0.160078 -0.248924
vt 0.160077 -0.246258
vt 0.161345 -0.268810
vt 0.160078 -0.272744
vt 0.160078 -0.270078
vt 0.775407 -0.406257
vt 0.776277 -0.408499
vt 0.778106 -0.408500
vt 0.762631 -0.406257
vt 0.761761 -0.408499
vt 0.759932 -0.408500
vt 0.773604 -0.458882
vt 0.774314 -0.456790
vt 0.775745 -0.456790
vt 0.764434 -0.458882
vt 0.763724 -0.456790
vt 0.762293 -0.456790
vt 0.637456 -0.657600
vt 0.626536 -0.645055
vt 0.635749 -0.653560
vt 0.626545 -0.666968
vt 0.635807 -0.655778
vt 0.636021 -0.656781
vt 0.640178 -0.666968
vt 0.638275 -0.658954
vt 0.639404 -0.659111
vt 0.640178 -0.661581
vt 0.640128 -0.660453
vt 0.992913 -0.113841
vt 0.874275 -0.113905
vt 0.626916 -0.653298
vt 0.621110 -0.653738
vt 0.631207 -0.653714
vt 0.631206 -0.652415
vt 0.619809 -0.645032
vt 0.633439 -0.644714
vt 0.619809 -0.666945
vt 0.633431 -0.666945
vt 0.620869 -0.649545
vt 0.626853 -0.649293
vt 0.929767 -0.007665
vt 0.993759 -0.007621
vt 0.811124 -0.007684
vt 0.648819 -0.007734
vt 0.625138 -0.656585
vt 0.625179 -0.641184
vt 0.620802 -0.641179
vt 0.620784 -0.656581
vt 0.633683 -0.622971
vt 0.634743 -0.622971
vt 0.417759 -0.091709
vt 0.242275 -0.099136
vt 0.417759 -0.099136
vt 0.242288 -0.091709
vt 0.242288 -0.102328
vt 0.417759 -0.102328
vt 0.157667 -0.818747
vt 0.169652 -0.620423
vt 0.157667 -0.620423
vt 0.169652 -0.818746
vt 0.141139 -0.458485
vt 0.134438 -0.871371
vt 0.134429 -0.458485
vt 0.141148 -0.871371
vt 0.124167 -0.458505
vt 0.124146 -0.871351
vt 0.622912 -0.656080
vt 0.619809 -0.648003
vt 0.619810 -0.639925
vt 0.623884 -0.645245
vt 0.622775 -0.644481
vt 0.621571 -0.643183
vt 0.624548 -0.655472
vt 0.625099 -0.646642
vt 0.625167 -0.654471
vt 0.625569 -0.647987
vt 0.625632 -0.652952
vt 0.625853 -0.650923
vt 0.625841 -0.649781
vt 0.172297 -0.620420
vt 0.172297 -0.818743
vt 0.155031 -0.818743
vt 0.155031 -0.620420
vt 0.613586 -0.660468
vt 0.637437 -0.660432
vt 0.808856 -0.394955
vt 0.852433 -0.402251
vt 0.852433 -0.394955
vt 0.808856 -0.402251
vt 0.620079 -0.655087
vt 0.620081 -0.646144
vt 0.610120 -0.639661
vt 0.620555 -0.659191
vt 0.610120 -0.659191
vt 0.616182 -0.661981
vt 0.626617 -0.664480
vt 0.616182 -0.664480
vt 0.626617 -0.661981
vt 0.076476 -0.866413
vt 0.004527 -0.866338
vt 0.004626 -0.498048
vt 0.076575 -0.498123
vt 0.090173 -0.498289
vt 0.090075 -0.866428
vt 0.640960 -0.687835
vt 0.631111 -0.604828
vt 0.640960 -0.604828
vt 0.631111 -0.687885
vt 0.628948 -0.604828
vt 0.628948 -0.687816
vt 0.619784 -0.643177
vt 0.626427 -0.646812
vt 0.626427 -0.643177
vt 0.619786 -0.652525
vt 0.116735 -0.866572
vt 0.115455 -0.498369
vt 0.115455 -0.864679
vt 0.116735 -0.498282
vt 0.110573 -0.864679
vt 0.110573 -0.498369
vt 0.097289 -0.498058
vt 0.097338 -0.864679
vt 0.096156 -0.498283
vt 0.095959 -0.866434
vt 0.629094 -0.643553
vt 0.629890 -0.641587
vt 0.407033 -0.978205
vt 0.009668 -0.990549
vt 0.009668 -0.978205
vt 0.407033 -0.990549
vt 0.407033 -0.962950
vt 0.009668 -0.927082
vt 0.882443 -0.227172
vt 0.899390 -0.225451
vt 0.899390 -0.226988
vt 0.884888 -0.225451
vt 0.882443 -0.197460
vt 0.884888 -0.197460
vt 0.909019 -0.219855
vt 0.886917 -0.220939
vt 0.909019 -0.220938
vt 0.886917 -0.219855
vt 0.887891 -0.191795
vt 0.887891 -0.218732
vt 0.908046 -0.218732
vt 0.909019 -0.190851
vt 0.886896 -0.189006
vt 0.887869 -0.162109
vt 0.886896 -0.161075
vt 0.908024 -0.188062
vt 0.908998 -0.161075
vt 0.908024 -0.162109
vt 0.908998 -0.157354
vt 0.886896 -0.157355
vt 0.169197 -0.613203
vt 0.157212 -0.607923
vt 0.157212 -0.613203
vt 0.169197 -0.607923
vt 0.108679 -0.098037
vt 0.018004 -0.296579
vt 0.108679 -0.296579
vt 0.008446 -0.098037
vt 0.018004 -0.480165
vt 0.008446 -0.480165
vt 0.008446 -0.101283
vt 0.108679 -0.101283
vt 0.648935 -0.709168
vt 0.560818 -0.723167
vt 0.560818 -0.709192
vt 0.649018 -0.723167
vt 0.628183 -0.659068
vt 0.619296 -0.657698
vt 0.619296 -0.659068
vt 0.628183 -0.657698
vt 0.631585 -0.630866
vt 0.618536 -0.629065
vt 0.618536 -0.630866
vt 0.622865 -0.640620
vt 0.623169 -0.657130
vt 0.632161 -0.623031
vt 0.633487 -0.621301
vt 0.632161 -0.621301
vt 0.292050 -0.124948
vt 0.290682 -0.763841
vt 0.292049 -0.763843
vt 0.290684 -0.124951
vt 0.285708 -0.763842
vt 0.285709 -0.124950
vt 0.330974 -0.763843
vt 0.293474 -0.124948
vt 0.293473 -0.763843
vt 0.330976 -0.124949
vt 0.914276 -0.246142
vt 0.912332 -0.271570
vt 0.914276 -0.271570
vt 0.912332 -0.246142
vt 0.561452 -0.941208
vt 0.561461 -0.931701
vt 0.578445 -0.941272
vt 0.578454 -0.931765
vt 0.590998 -0.940617
vt 0.591007 -0.931110
vt 0.599907 -0.940653
vt 0.599916 -0.931146
vt 0.807241 -0.141885
vt 0.807257 -0.140014
vt 0.752344 -0.092967
vt 0.738624 -0.094766
vt 0.738623 -0.092969
vt 0.752344 -0.094764
vt 0.738624 -0.180300
vt 0.752344 -0.180301
vt 0.763274 -0.178695
vt 0.807205 -0.178772
vt 0.613498 -0.661555
vt 0.633946 -0.634113
vt 0.613498 -0.634113
vt 0.633946 -0.661555
vt 0.110147 -0.866572
vt 0.931441 -0.252778
vt 0.945039 -0.252778
vt 0.944348 -0.250219
vt 0.931015 -0.250219
vt 0.925280 -0.252778
vt 0.926133 -0.250219
vt 0.945039 -0.264547
vt 0.931441 -0.264547
vt 0.925280 -0.267038
vt 0.613214 -0.640148
vt 0.633521 -0.797537
vt 0.646697 -0.853457
vt 0.631694 -0.853457
vt 0.521726 -0.797972
vt 0.521726 -0.853457
vt 0.651197 -0.754159
vt 0.628079 -0.739879
vt 0.651198 -0.739967
vt 0.627717 -0.742543
vt 0.627771 -0.754224
vt 0.629947 -0.652406
vt 0.631703 -0.796098
vt 0.647655 -0.851815
vt 0.634031 -0.658552
vt 0.634031 -0.649571
vt 0.632651 -0.649560
vt 0.632651 -0.658539
vt 0.632646 -0.660932
vt 0.632644 -0.662014
vt 0.634033 -0.662947
vt 0.632641 -0.663531
vt 0.647221 -0.873293
vt 0.649152 -0.882347
vt 0.652224 -0.890039
vt 0.655357 -0.895032
vt 0.659750 -0.898739
vt 0.669492 -0.901960
vt 0.675537 -0.901974
vt 0.679686 -0.903376
vt 0.683354 -0.906907
vt 0.685360 -0.910907
vt 0.686213 -0.915493
vt 0.148902 -0.007401
vt 0.133422 -0.007396
vt 0.630439 -0.645032
vt 0.635374 -0.666919
vt 0.630440 -0.666945
vt 0.087774 -0.007385
vt 0.063925 -0.007371
vt 0.523399 -0.007733
vt 0.502332 -0.007715
vt 0.613439 -0.647477
vt 0.614670 -0.647477
vt 0.616802 -0.647480
vt 0.618692 -0.647483
vt 0.628117 -0.646653
vt 0.632829 -0.646661
vt 0.637541 -0.646668
vt 0.584660 -0.007747
vt 0.563388 -0.007727
vt 0.335835 -0.007595
vt 0.321050 -0.007586
vt 0.174970 -0.007409
vt 0.611770 -0.643102
vt 0.611328 -0.644250
vt 0.613441 -0.642336
vt 0.614574 -0.642602
vt 0.615870 -0.643195
vt 0.617240 -0.643721
vt 0.624894 -0.638558
vt 0.626193 -0.637362
vt 0.627445 -0.636714
vt 0.628669 -0.636527
vt 0.629759 -0.636704
vt 0.630917 -0.637332
vt 0.632109 -0.638315
vt 0.633223 -0.639799
vt 0.634385 -0.642024
vt 0.635953 -0.646906
vt 0.636357 -0.649502
vt 0.636540 -0.651780
vt 0.635877 -0.658323
vt 0.635124 -0.660680
vt 0.633763 -0.664068
vt 0.610742 -0.642369
vt 0.612150 -0.640611
vt 0.614287 -0.641064
vt 0.615691 -0.641236
vt 0.617268 -0.642271
vt 0.619053 -0.641598
vt 0.622309 -0.639368
vt 0.625629 -0.636124
vt 0.627156 -0.635249
vt 0.628452 -0.634587
vt 0.629752 -0.634388
vt 0.630927 -0.634111
vt 0.632108 -0.635252
vt 0.633361 -0.636280
vt 0.634540 -0.637850
vt 0.635797 -0.640258
vt 0.636777 -0.642796
vt 0.637449 -0.645396
vt 0.637884 -0.648186
vt 0.638315 -0.650556
vt 0.638059 -0.652907
vt 0.637822 -0.655268
vt 0.635166 -0.663723
vt 0.007707 -0.007360
vt 0.019725 -0.007360
vt 0.622650 -0.649292
vt 0.613308 -0.649292
vt 0.537686 -0.739702
vt 0.537704 -0.741785
vt 0.537678 -0.753870
vt 0.648182 -0.871830
vt 0.650112 -0.880883
vt 0.653185 -0.888575
vt 0.656318 -0.893569
vt 0.660711 -0.897275
vt 0.670453 -0.900497
vt 0.676498 -0.900510
vt 0.680647 -0.901912
vt 0.684316 -0.905443
vt 0.686321 -0.909443
vt 0.687174 -0.914029
vt 0.687628 -0.924204
vt 0.632682 -0.652826
vt 0.629438 -0.656157
vt 0.632682 -0.656158
vt 0.633887 -0.652827
vt 0.633888 -0.656158
vt 0.636930 -0.652825
vt 0.612799 -0.653320
vt 0.616883 -0.645030
vt 0.628833 -0.645055
vt 0.631459 -0.645055
vt 0.201125 -0.007417
vt 0.623654 -0.646647
vt 0.622492 -0.646647
vt 0.609964 -0.007743
vt 0.543210 -0.007750
vt 0.476888 -0.007696
vt 0.453607 -0.007679
vt 0.427058 -0.007657
vt 0.398011 -0.007635
vt 0.374821 -0.007618
vt 0.353968 -0.007606
vt 0.302101 -0.007575
vt 0.283494 -0.007437
vt 0.260072 -0.007435
vt 0.229613 -0.007426
vt 0.117057 -0.007389
vt 0.045026 -0.007365
vt 0.033800 -0.007362
vt 0.808929 -0.113970
vt 0.631714 -0.666945
vt 0.616883 -0.666942
vt 0.627694 -0.766667
vt 0.627694 -0.784511
vt 0.552013 -0.780852
vt 0.552013 -0.782275
vt 0.552015 -0.768910
vt 0.552013 -0.770325
vt 0.848057 -0.402183
vt 0.813370 -0.394888
vt 0.848057 -0.394888
vt 0.813370 -0.402184
vt 0.280190 -0.288155
vt 0.280190 -0.284163
vt 0.235604 -0.322841
vt 0.280190 -0.322841
vt 0.209207 -0.394799
vt 0.211320 -0.300370
vt 0.209206 -0.305635
vt 0.211320 -0.394799
vt 0.232958 -0.322811
vt 0.280168 -0.371610
vt 0.232958 -0.371603
vt 0.280172 -0.387184
vt 0.225131 -0.387185
vt 0.280172 -0.396810
vt 0.225133 -0.396811
vt 0.176805 -0.409529
vt 0.171992 -0.519619
vt 0.176805 -0.519619
vt 0.171992 -0.409538
vt 0.271481 -0.216888
vt 0.247085 -0.122459
vt 0.247085 -0.216888
vt 0.271481 -0.122459
vt 0.162064 -0.394799
vt 0.207750 -0.305635
vt 0.162064 -0.305635
vt 0.207750 -0.394837
vt 0.219111 -0.284717
vt 0.152753 -0.281331
vt 0.217061 -0.281331
vt 0.150703 -0.284717
vt 0.219111 -0.394799
vt 0.150703 -0.394799
vt 0.209751 -0.297371
vt 0.160091 -0.297371
vt 0.158508 -0.300370
vt 0.158495 -0.394813
vt 0.176805 -0.523006
vt 0.171992 -0.523006
vt 0.223437 -0.387188
vt 0.223439 -0.396813
vt 0.215689 -0.229479
vt 0.279994 -0.239196
vt 0.215685 -0.239104
vt 0.279996 -0.229571
vt 0.279593 -0.120945
vt 0.233907 -0.116953
vt 0.279593 -0.116953
vt 0.233907 -0.120945
vt 0.234169 -0.322841
vt 0.279593 -0.155631
vt 0.233907 -0.155631
vt 0.207750 -0.302766
vt 0.162064 -0.302766
vt 0.160608 -0.305635
vt 0.160608 -0.394837
vt 0.271481 -0.219888
vt 0.247085 -0.219888
vt 0.279891 -0.160650
vt 0.230571 -0.209442
vt 0.230571 -0.160650
vt 0.279891 -0.209442
vt 0.231458 -0.322811
vt 0.231458 -0.371603
vt 0.274127 -0.213855
vt 0.249730 -0.119427
vt 0.274126 -0.119427
vt 0.249731 -0.213855
vt 0.215583 -0.213909
vt 0.279891 -0.223534
vt 0.279891 -0.213908
vt 0.215583 -0.223534
vt 0.274127 -0.216855
vt 0.249731 -0.216855
vt 0.278959 -0.246477
vt 0.278959 -0.272598
vt 0.147069 -0.251784
vt 0.147069 -0.249699
vt 0.146984 -0.269278
vt 0.147069 -0.267218
vt 0.715536 -0.089466
vt 0.690552 -0.093103
vt 0.690552 -0.089466
vt 0.702334 -0.099685
vt 0.707253 -0.106549
vt 0.711200 -0.115438
vt 0.714303 -0.131413
vt 0.725521 -0.131413
vt 0.725521 -0.089466
vt 0.772506 -0.090405
vt 0.772506 -0.132398
vt 0.780799 -0.132398
vt 0.780799 -0.090405
vt 0.784897 -0.132398
vt 0.784896 -0.090405
vt 0.790004 -0.132397
vt 0.790004 -0.090405
vt 0.802235 -0.132397
vt 0.802235 -0.090405
vt 0.803345 -0.132398
vt 0.803345 -0.090405
vt 0.760861 -0.090405
vt 0.760861 -0.132398
vt 0.762421 -0.203090
vt 0.775694 -0.229593
vt 0.762421 -0.229593
vt 0.775694 -0.203090
vt 0.778004 -0.197036
vt 0.760081 -0.197036
# 1290 texture coordinates

vn -0.649448 0.760406 0.000000
vn 0.649447 -0.760407 0.000000
vn 0.000000 0.000000 1.000000
vn 0.678198 -0.734879 0.000000
vn -0.678231 0.734849 0.000000
vn 0.000000 0.000000 -1.000000
vn -0.734879 -0.678198 0.000000
vn 0.734873 0.678205 0.000000
vn -0.760394 -0.649462 0.000000
vn 0.760404 0.649450 0.000000
vn 0.606074 -0.709621 -0.359323
vn -0.103312 0.120963 -0.987266
vn 0.332844 -0.942982 0.000000
vn -0.839539 -0.543299 0.000000
vn 0.845755 -0.457279 0.274943
vn 0.524257 0.583770 0.619974
vn -0.658600 -0.426481 0.619968
vn 0.319306 -0.906847 0.275086
vn 0.320192 -0.907137 0.273092
vn 0.318419 -0.906552 0.277078
vn 0.879327 -0.476219 0.000000
vn 0.667944 0.744212 0.000000
vn -0.439465 -0.390298 0.809035
vn 0.439468 0.390303 0.809031
vn 0.711119 0.631539 -0.308979
vn -0.711105 -0.631545 -0.309000
vn -0.743769 -0.616293 -0.258825
vn -0.766958 -0.635499 -0.088974
vn -0.766959 -0.635501 0.088954
vn -0.698443 -0.578742 0.420992
vn -0.629934 -0.521977 0.575086
vn -0.442805 -0.366910 0.818108
vn -0.324188 -0.268616 0.907054
vn -0.068521 -0.056775 0.996033
vn 0.068522 0.056776 0.996033
vn 0.324185 0.268614 0.907056
vn 0.442804 0.366907 0.818110
vn 0.629946 0.521979 0.575070
vn 0.698448 0.578752 0.420972
vn 0.766947 0.635515 0.088956
vn 0.766947 0.635515 -0.088951
vn 0.698450 0.578753 -0.420965
vn 0.629944 0.521986 -0.575066
vn 0.442797 0.366914 -0.818111
vn 0.324162 0.268609 -0.907066
vn 0.068513 0.056772 -0.996034
vn -0.068505 -0.056765 -0.996035
vn -0.324163 -0.268609 -0.907065
vn -0.442807 -0.366926 -0.818100
vn -0.544478 -0.451175 -0.707096
vn 0.544474 0.451159 -0.707109
vn -0.629940 -0.521992 -0.575065
vn -0.698446 -0.578756 -0.420969
vn 0.743770 0.616296 -0.258816
vn -0.365918 0.905687 -0.214089
vn -0.381497 0.890585 -0.247624
vn -0.391754 0.881059 -0.265073
vn -0.359182 0.911799 -0.199024
vn -0.348373 0.921729 -0.170446
vn -0.342648 0.926167 -0.157500
vn -0.335914 0.931290 -0.140932
vn -0.331661 0.933221 -0.138197
vn -0.328260 0.935901 -0.127806
vn -0.325696 0.937690 -0.121076
vn -0.329191 0.935816 -0.126023
vn -0.337214 0.928854 -0.153353
vn -0.348495 0.921291 -0.172554
vn -0.365903 0.906686 -0.209845
vn -0.377695 0.897864 -0.226246
vn -0.395951 0.880823 -0.259564
vn -0.406943 0.871312 -0.274251
vn -0.431826 0.849764 -0.302369
vn -0.447101 0.837474 -0.314226
vn -0.470990 0.816539 -0.333814
vn -0.481476 0.807697 -0.340303
vn -0.509856 0.783898 -0.354331
vn -0.527455 0.768454 -0.362313
vn -0.562623 0.738577 -0.371429
vn -0.579268 0.724163 -0.374215
vn -0.610221 0.697696 -0.375302
vn -0.624283 0.685765 -0.374162
vn -0.655274 0.659603 -0.368157
vn -0.672102 0.645178 -0.363352
vn -0.704170 0.617901 -0.349776
vn -0.719475 0.604664 -0.341668
vn -0.746599 0.581190 -0.323740
vn -0.758395 0.571126 -0.314090
vn -0.783031 0.549815 -0.290802
vn -0.795366 0.539858 -0.275582
vn -0.818802 0.519520 -0.244258
vn -0.829395 0.510966 -0.225870
vn -0.849716 0.492249 -0.188874
vn -0.857951 0.485684 -0.167425
vn -0.873092 0.471341 -0.124690
vn -0.877274 0.469305 -0.100714
vn -0.885002 0.461902 -0.058460
vn -0.885679 0.462778 -0.037550
vn -0.887786 0.460102 -0.011928
vn -0.885134 0.465299 -0.005950
vn -0.874381 0.465255 0.137825
vn -0.845655 0.456665 0.276269
vn -0.624572 0.337547 0.704252
vn -0.311945 0.168970 0.934954
vn -0.120179 0.341067 0.932325
vn -0.239309 0.681137 0.691942
vn -0.319705 0.910900 0.260864
vn -0.322704 0.937344 0.131334
vn -0.321344 0.946935 -0.007235
vn -0.314688 0.949092 -0.013974
vn -0.320319 0.945524 -0.058133
vn -0.327103 0.940247 -0.094545
vn -0.344365 0.924887 -0.161235
vn -0.357864 0.914320 -0.189609
vn -0.385231 0.889838 -0.244512
vn -0.404404 0.874030 -0.269311
vn -0.426786 0.851267 -0.305285
vn -0.434096 0.844060 -0.314840
vn -0.438572 0.839498 -0.320777
vn -0.432909 0.842714 -0.320037
vn -0.419961 0.854373 -0.306070
vn -0.408252 0.863351 -0.296573
vn 0.442780 0.602732 -0.663822
vn 0.503908 0.657648 -0.559979
vn 0.522796 0.674495 -0.521288
vn 0.553809 0.702027 -0.447720
vn 0.566946 0.712478 -0.413458
vn 0.582269 0.724458 -0.368949
vn 0.586609 0.725600 -0.359715
vn 0.594755 0.732216 -0.331853
vn 0.360532 0.528443 -0.768612
vn 0.361154 0.527164 -0.769198
vn 0.312549 0.486848 -0.815655
vn 0.303280 0.481431 -0.822341
vn 0.327243 0.504220 -0.799171
vn 0.432729 0.599652 -0.673173
vn 0.432029 0.600702 -0.672687
vn 0.532322 0.686309 -0.495594
vn 0.563145 0.711204 -0.420780
vn 0.618460 0.759287 -0.202462
vn 0.619749 0.758199 -0.202596
vn 0.636000 0.770783 -0.037384
vn 0.626655 0.779092 -0.017877
vn 0.594917 0.754997 0.275776
vn 0.509084 0.665682 0.545619
vn 0.213159 0.279159 0.936287
vn 0.213936 0.281172 0.935507
vn -0.295097 -0.158859 0.942169
vn -0.725731 -0.391805 0.565511
vn -0.837160 -0.468355 0.282500
vn -0.865641 -0.500128 -0.023189
vn -0.860953 -0.508145 -0.023415
vn -0.857986 -0.503710 -0.100678
vn -0.852218 -0.500013 -0.153990
vn -0.833791 -0.483146 -0.267139
vn -0.818852 -0.472368 -0.326112
vn -0.772218 -0.430704 -0.467090
vn -0.695900 -0.365417 -0.618218
vn -0.619795 -0.300551 -0.724930
vn -0.586825 -0.273300 -0.762196
vn -0.507892 -0.205069 -0.836655
vn -0.401833 -0.114100 -0.908577
vn -0.296992 -0.024586 -0.954563
vn -0.252605 0.013044 -0.967482
vn -0.171120 0.081896 -0.981841
vn -0.134215 0.113071 -0.984480
vn -0.053410 0.182220 -0.981806
vn -0.009533 0.220241 -0.975399
vn 0.082046 0.298451 -0.950892
vn 0.129156 0.339438 -0.931719
vn 0.203377 0.402304 -0.892630
vn 0.230714 0.425625 -0.874994
vn 0.295512 0.481777 -0.824963
vn 0.332832 0.513175 -0.791122
vn 0.412447 0.582928 -0.700059
vn 0.494542 0.653055 -0.573539
vn 0.492615 0.655047 -0.572925
vn 0.552812 0.701487 -0.449795
vn 0.574190 0.715935 -0.397168
vn 0.595459 0.734025 -0.326551
vn 0.600336 0.736766 -0.311084
vn 0.599863 0.736051 -0.313676
vn 0.664019 -0.747715 0.000000
vn 0.638025 -0.770016 0.000006
vn -0.019890 0.432417 0.901454
vn -0.032544 0.432274 0.901155
vn -0.007243 0.432492 0.901609
vn 0.049906 0.431966 0.900508
vn 0.094397 0.430574 0.897605
vn 0.233454 0.420553 0.876718
vn 0.326979 0.408730 0.852071
vn 0.154127 0.427336 0.890858
vn -0.143765 0.428012 0.892265
vn -0.320816 0.409643 0.853973
vn -0.231088 0.420798 0.877227
vn -0.039078 0.432174 0.900943
vn 0.063452 0.431633 0.899815
vn 0.267269 0.416771 0.868832
vn 0.368417 0.402082 0.838212
vn 0.464310 0.383057 0.798551
vn -0.000027 0.897874 -0.440252
vn -0.140371 -0.436669 -0.888603
vn -0.000000 -0.897968 0.440060
vn -0.140327 0.436679 0.888605
vn 1.000000 0.000000 0.000000
vn -1.000000 0.000000 0.000000
vn -0.016091 0.440986 0.897370
vn -0.265061 0.425266 0.865386
vn -0.042849 0.440634 0.896663
vn 0.000000 -0.417004 -0.908904
vn 0.985848 0.152348 -0.069951
vn 0.959900 0.254771 -0.116977
vn 0.973372 0.208322 -0.095646
vn 0.992914 0.107995 -0.049584
vn 0.998233 0.053997 -0.024792
vn 0.999270 -0.034723 0.015944
vn 0.997076 -0.069446 0.031888
vn 0.989254 -0.132872 0.061012
vn 0.984058 -0.161625 0.074210
vn 0.966899 -0.231888 0.106463
vn 0.953846 -0.272635 0.125889
vn 0.986296 -0.149832 0.069074
vn 0.999618 0.025097 -0.011566
vn 0.977229 0.192396 -0.089477
vn 0.002377 -0.402945 -0.915221
vn -0.000001 -0.403616 -0.914929
vn 0.002894 -0.401933 -0.915664
vn 0.001196 -0.402376 -0.915474
vn -0.000145 -0.404965 -0.914332
vn -0.002904 -0.401922 -0.915669
vn -0.002379 -0.402945 -0.915221
vn -0.000000 0.416620 0.909081
vn -0.000966 0.415531 0.909579
vn -0.002817 0.416126 0.909303
vn 0.002927 0.416856 0.908968
vn 0.001199 0.416018 0.909356
vn 0.000520 0.413689 0.910418
vn 0.001618 0.414719 0.909948
vn -0.547069 0.835108 -0.057527
vn -0.712206 0.637517 -0.293827
vn -0.695579 0.654236 -0.296892
vn -0.280946 0.932834 0.225588
vn 0.000000 0.899098 0.437748
vn 0.280950 0.932833 0.225587
vn 0.547068 0.835109 -0.057529
vn 0.712204 0.637517 -0.293831
vn 0.695567 0.654247 -0.296897
vn -0.780487 0.258714 0.569129
vn -0.773076 0.260545 0.578333
vn -0.809184 0.329107 0.486734
vn -0.826966 0.395807 0.399331
vn -0.831966 0.429424 0.351323
vn -0.826687 0.400050 0.395663
vn -0.818267 0.308209 0.485228
vn -0.816616 0.308640 0.487729
vn -0.808385 0.216716 0.547310
vn -0.808437 0.187378 0.557960
vn -0.810555 0.116189 0.574021
vn -0.814429 0.006432 0.580227
vn -0.804259 0.102989 0.585287
vn -0.774252 0.267736 0.573455
vn -0.652940 0.552616 0.517962
vn -0.566252 0.673455 0.475201
vn -0.355985 0.856728 0.373219
vn -0.233977 0.919573 0.315658
vn 0.007024 0.980048 0.198635
vn 0.126230 0.981795 0.141930
vn 0.085268 0.985859 0.144260
vn 0.085206 0.985412 0.147320
vn -0.088632 0.974929 0.204103
vn -0.088794 0.975863 0.199516
vn -0.030003 0.973631 0.226149
vn 0.045584 0.968316 0.245533
vn 0.183961 0.939662 0.288433
vn 0.076378 0.972076 0.221887
vn -0.110646 0.977280 0.180779
vn 0.000001 0.994124 0.108250
vn 0.000001 0.978831 0.204669
vn 0.110648 0.977280 0.180778
vn -0.076376 0.972077 0.221886
vn -0.183960 0.939663 0.288432
vn -0.045584 0.968316 0.245532
vn 0.030004 0.973631 0.226148
vn 0.088631 0.974936 0.204071
vn 0.088795 0.975863 0.199515
vn -0.032362 0.985912 0.164102
vn -0.137935 0.982419 0.125807
vn -0.125686 0.981830 0.142170
vn -0.006950 0.980052 0.198618
vn 0.233973 0.919590 0.315610
vn 0.355492 0.857032 0.372990
vn 0.611048 0.615048 0.498333
vn 0.612151 0.614548 0.497597
vn 0.774192 0.267786 0.573514
vn 0.804203 0.103028 0.585357
vn 0.814403 0.006449 0.580263
vn 0.810568 0.116177 0.574005
vn 0.808491 0.187338 0.557894
vn 0.808439 0.216679 0.547245
vn 0.817892 0.305731 0.487423
vn 0.816342 0.306163 0.489746
vn 0.826727 0.398459 0.397181
vn 0.832097 0.430843 0.349270
vn 0.827320 0.398827 0.395574
vn 0.809666 0.330684 0.484859
vn 0.780481 0.258712 0.569138
vn 0.773063 0.260545 0.578352
vn -0.999627 0.024819 -0.011429
vn -0.977231 0.192389 -0.089476
vn -0.986302 -0.149796 0.069062
vn -0.960654 -0.252206 0.116345
vn -0.984057 -0.161628 0.074220
vn -0.989254 -0.132867 0.061019
vn -0.997076 -0.069441 0.031889
vn -0.999270 -0.034722 0.015943
vn -0.998088 0.056170 -0.025790
vn -0.992330 0.112341 -0.051579
vn -0.972772 0.210624 -0.096703
vn -0.960471 0.252989 -0.116158
vn -0.986400 0.149368 -0.068584
vn -0.505236 0.782834 -0.363191
vn -0.659322 0.682027 -0.316439
vn -0.325740 0.857408 -0.398428
vn -0.003279 0.906638 -0.421896
vn 0.136585 0.898684 -0.416787
vn 0.153407 0.897254 -0.414007
vn 0.031188 0.908347 -0.417054
vn -0.102283 0.904022 -0.415068
vn -0.115514 0.902705 -0.414463
vn -0.034593 0.908245 -0.417007
vn 0.060700 0.907113 -0.416487
vn 0.213161 0.887902 -0.407667
vn 0.271175 0.874737 -0.401620
vn 0.107190 0.903553 -0.414853
vn -0.131877 0.900845 -0.413626
vn 0.000001 0.908778 -0.417279
vn 0.131877 0.900845 -0.413626
vn -0.107189 0.903553 -0.414853
vn -0.242275 0.881714 -0.404826
vn -0.060699 0.907113 -0.416487
vn 0.034594 0.908245 -0.417007
vn 0.108901 0.903384 -0.414775
vn -0.092637 0.904297 -0.416732
vn -0.093156 0.904837 -0.415442
vn -0.136354 0.898713 -0.416801
vn 0.003963 0.906626 -0.421918
vn 0.325740 0.857389 -0.398469
vn 0.505047 0.782910 -0.363289
vn 0.659322 0.682007 -0.316480
vn 0.000000 -0.910121 0.414342
vn 0.000000 0.902761 -0.430142
vn -0.016091 -0.440982 -0.897371
vn 0.296099 0.717634 0.630339
vn 0.456862 0.565465 0.686678
vn 0.506317 0.506829 0.697687
vn 0.593842 0.383823 0.707129
vn -0.772931 0.045597 0.632849
vn -0.707970 -0.162298 0.687341
vn -0.677719 -0.231336 0.697983
vn -0.607371 -0.362040 0.707127
vn -0.772747 0.043953 -0.633190
vn -0.707830 -0.163167 -0.687279
vn -0.677615 -0.231905 -0.697895
vn -0.607477 -0.362109 -0.707000
vn 0.297482 0.716758 -0.630684
vn 0.457576 0.564961 -0.686617
vn 0.506772 0.506484 -0.697607
vn 0.593943 0.383882 -0.707012
vn 0.527526 -0.849539 -0.000002
vn 0.845697 0.533663 0.000003
vn 0.768425 0.638322 0.045480
vn 0.819915 0.572486 0.000000
vn 0.719270 0.694731 -0.000197
vn 0.601352 0.777678 0.183283
vn 0.725652 0.620908 0.296483
vn 0.780108 0.483955 0.396509
vn 0.738922 0.671027 -0.060972
vn 0.601665 0.777257 -0.184041
vn 0.725679 0.620705 -0.296842
vn 0.779877 0.484325 -0.396512
vn -0.872253 -0.388638 0.296876
vn -0.771758 -0.497200 0.396461
vn -0.909680 -0.415310 -0.000276
vn -0.944891 -0.301138 0.128438
vn -0.912409 -0.409280 -0.000116
vn -0.929525 -0.368759 0.000000
vn -0.853359 -0.521324 0.000000
vn -0.906837 -0.421482 0.000000
vn -0.944590 -0.301849 -0.128981
vn -0.872079 -0.388754 -0.297236
vn -0.771994 -0.496833 -0.396463
vn -0.091095 0.146705 -0.984977
vn -0.175817 0.283151 -0.942822
vn -0.177399 0.285701 -0.941756
vn -0.092037 0.148227 -0.984661
vn -0.006498 0.010466 -0.999924
vn -0.149757 0.241180 0.958856
vn -0.093586 0.150716 0.984137
vn -0.204787 0.329809 0.921568
vn -0.178125 0.286870 0.941264
vn -0.092404 0.148819 0.984538
vn -0.006502 0.010471 0.999924
vn 0.834083 0.520771 0.181943
vn 0.757734 0.473543 0.448995
vn 0.777904 0.487492 0.396506
vn 0.838713 0.524085 -0.147972
vn 0.579259 0.366012 -0.728350
vn 0.274026 0.179201 -0.944879
vn -0.307923 -0.182219 -0.933799
vn -0.584770 -0.357145 -0.728348
vn -0.836669 -0.516607 -0.181941
vn -0.841665 -0.519332 0.147970
vn -0.584879 -0.356968 0.728348
vn -0.282060 -0.166266 0.944880
vn -0.004059 0.006537 0.999970
vn -0.527513 0.849547 -0.000016
vn 0.150315 0.000000 0.988638
vn -0.150202 0.000000 -0.988655
vn -0.866037 0.000004 0.499981
vn -0.866009 -0.000004 -0.500029
vn 0.866013 -0.000004 -0.500022
vn 0.866040 0.000004 0.499974
vn -0.983753 0.005896 -0.179432
vn -0.983688 0.014915 -0.179266
vn -0.983760 0.000000 -0.179491
vn -0.935828 0.000018 0.352456
vn 0.001411 0.999994 -0.003165
vn 0.000000 1.000000 0.000000
vn 0.000000 0.986701 0.162544
vn 0.000000 0.999996 0.002814
vn 0.000000 0.936317 0.351156
vn -0.697334 0.000000 0.716747
vn 0.702254 0.000000 -0.711926
vn -0.065151 0.995595 -0.067424
vn -0.068301 0.994165 -0.083486
vn -0.061983 0.996756 -0.051344
vn -0.073835 0.000000 0.997270
vn 0.089086 0.000000 -0.996024
vn -0.153282 0.987921 -0.022732
vn -0.189884 0.980420 -0.052163
vn -0.116334 0.993187 0.006749
vn 0.424435 0.000000 -0.905459
vn -0.091741 0.994175 -0.056559
vn -0.113168 0.989144 -0.093743
vn -0.070144 0.997351 -0.019269
vn -0.382795 0.000000 0.923833
vn -0.017045 0.999476 -0.027526
vn -0.013622 0.999456 -0.030032
vn -0.020469 0.999477 -0.025020
vn -0.826123 0.000000 0.563490
vn 0.826794 0.000000 -0.562505
vn 0.718292 0.000000 -0.695741
vn -0.742843 -0.000001 -0.669466
vn -0.079024 0.996863 0.004323
vn 0.970744 0.000000 -0.240119
vn -0.976272 0.000000 0.216547
vn 0.965668 0.000000 0.259779
vn -0.957671 0.000000 -0.287864
vn 0.916268 0.000058 0.400565
vn -0.916270 0.000002 -0.400562
vn 0.140677 0.936315 -0.321751
vn 0.015850 0.999217 -0.036255
vn 0.935829 0.000001 -0.352455
vn -0.999982 0.005317 -0.002682
vn -0.999962 0.007976 -0.003598
vn 0.983731 -0.000824 0.179644
vn 0.983953 0.000000 0.178429
vn 0.000307 0.999997 -0.002252
vn -0.722173 -0.000001 0.691712
vn 0.722143 0.000000 0.691744
vn 0.000000 0.954497 -0.298219
vn 0.000000 0.947969 -0.318364
vn -0.987712 0.000000 0.156283
vn -0.998323 0.000000 0.057889
vn -0.967178 0.000000 0.254101
vn -0.903916 0.000000 0.427709
vn -0.863496 0.000000 0.504355
vn -0.757447 0.000000 0.652897
vn -0.690181 0.000000 0.723637
vn -0.573579 0.000000 0.819150
vn -0.552642 0.000000 0.833419
vn -0.614506 0.000000 0.788912
vn -0.651300 0.000000 0.758820
vn -0.728678 0.000000 0.684856
vn -0.768355 0.000000 0.640023
vn -0.827115 0.000000 0.562033
vn -0.847911 0.000000 0.530138
vn -0.888889 0.000000 0.458123
vn -0.908577 0.000000 0.417718
vn -0.931194 0.000000 0.364524
vn -0.944122 0.000000 0.329596
vn -0.947799 0.000000 0.318868
vn -0.946654 0.000000 0.322251
vn -0.941743 0.000000 0.336334
vn -0.914239 0.000000 0.405176
vn -0.828963 0.000000 0.559303
vn -0.795220 0.000000 0.606321
vn -0.683093 0.000000 0.730332
vn -0.594754 0.000000 0.803908
vn -0.545071 0.000000 0.838390
vn -0.458407 0.000000 0.888742
vn -0.422437 0.000000 0.906392
vn -0.324349 0.000000 0.945938
vn -0.261169 0.000000 0.965293
vn -0.138932 0.000000 0.990302
vn -0.080043 0.000000 0.996791
vn 0.028473 0.000000 0.999595
vn 0.078077 0.000000 0.996947
vn 0.186659 0.000000 0.982425
vn 0.245489 0.000000 0.969399
vn 0.358057 0.000000 0.933700
vn 0.411864 0.000000 0.911245
vn 0.506701 0.000000 0.862122
vn 0.548199 0.000000 0.836348
vn 0.634029 0.000000 0.773309
vn 0.677788 0.000000 0.735257
vn 0.759576 0.000000 0.650419
vn 0.797406 0.000000 0.603443
vn 0.865405 0.000000 0.501074
vn 0.895286 0.000000 0.445491
vn 0.944192 0.000000 0.329397
vn 0.963177 0.000000 0.268868
vn 0.988013 0.000000 0.154370
vn 0.994924 0.000000 0.100625
vn 0.998907 0.000000 0.046744
vn -0.999997 0.002381 -0.000570
vn 0.851192 0.524855 0.000000
vn 0.509315 0.786938 0.348320
vn 0.280645 0.829217 -0.483360
vn 0.147546 0.967201 0.206767
vn 0.000000 0.648357 0.761336
vn -0.000002 0.499627 0.866241
vn -0.421059 0.812242 0.403697
vn 0.147548 0.967197 -0.206786
vn 0.000000 0.965136 -0.261750
vn 0.000001 0.930594 0.366052
vn -0.175175 0.976857 0.122736
vn -0.333315 0.823702 -0.458711
vn -0.851192 0.524854 0.000000
vn 0.000000 0.702959 -0.711230
vn -0.110890 0.943977 -0.310822
vn 0.000000 0.499576 -0.866270
vn -0.999963 -0.006276 -0.005873
vn -0.962276 0.211662 -0.170950
vn -0.625274 -0.742543 -0.240129
vn -0.496057 0.825319 0.269771
vn -0.324608 0.944139 -0.056837
vn 0.475670 0.844971 0.244464
vn 0.633517 0.767528 -0.097761
vn 0.993078 -0.005873 -0.117307
vn 0.957883 -0.192915 -0.212705
vn -0.465790 -0.827475 -0.313568
vn -0.998934 0.042051 -0.019061
vn -0.447363 0.763870 0.465154
vn 0.430110 0.823777 0.369319
vn 0.980201 0.058441 -0.189184
vn 0.317536 -0.918432 -0.235910
vn 0.474693 -0.803127 -0.360075
vn -0.417591 -0.749193 -0.514128
vn -0.984958 0.087552 -0.148973
vn -0.410638 0.892705 0.185618
vn 0.374196 0.925429 0.059651
vn 0.898867 0.093677 -0.428093
vn 0.444155 -0.719178 -0.534330
vn -0.379425 -0.828168 -0.412522
vn -0.999274 0.035108 0.014822
vn -0.379566 0.906173 0.186494
vn 0.315023 0.919704 0.234320
vn 0.980260 0.019914 0.196709
vn 0.372778 -0.759056 -0.533733
vn -0.353725 -0.935286 -0.010919
vn -0.374659 -0.146329 0.915543
vn -0.389784 0.779352 0.490590
vn 0.104260 0.603971 0.790158
vn 0.366462 0.129529 0.921373
vn 0.371323 -0.927842 0.035039
vn -0.159205 -0.800650 0.577592
vn 0.238141 -0.518874 0.821011
vn 0.625254 -0.742527 -0.240229
vn 0.962261 0.211673 -0.171020
vn 0.999963 -0.006275 -0.005892
vn 0.496059 0.825300 0.269827
vn 0.448997 0.777658 0.440057
vn 0.992042 0.074986 -0.101143
vn 0.465783 -0.827446 -0.313655
vn -0.317531 -0.918409 -0.236007
vn -0.474684 -0.803089 -0.360172
vn -0.957866 -0.192905 -0.212794
vn 0.324605 0.944139 -0.056858
vn -0.475658 0.844961 0.244520
vn -0.431015 0.801500 0.414515
vn -0.383146 0.911768 0.147915
vn 0.402863 0.910222 0.095903
vn 0.928281 0.137522 -0.345516
vn 0.406235 -0.727258 -0.553235
vn -0.633515 0.767525 -0.097801
vn -0.993073 -0.005871 -0.117356
vn -0.992473 0.025219 -0.119842
vn -0.965008 0.046426 -0.258078
vn -0.988884 -0.004527 0.148622
vn -0.334701 0.922716 0.191233
vn 0.368548 0.913671 0.171398
vn -0.450268 -0.729773 -0.514481
vn -0.388929 -0.790459 -0.473190
vn -0.383420 -0.922228 0.049846
vn -0.282932 -0.583485 0.761246
vn -0.463003 0.172149 0.869479
vn -0.119084 0.634118 0.764011
vn 0.364523 -0.794524 -0.485649
vn 0.342613 -0.937604 0.059289
vn 0.143494 -0.764103 0.628932
vn 0.306566 -0.113987 0.944999
vn 0.341544 0.704346 0.622290
vn 0.993977 0.043719 0.100489
vn 0.447334 0.763817 0.465269
vn 0.998933 0.042079 -0.019048
vn -0.430100 0.823740 0.369412
vn -0.374203 0.925425 0.059667
vn 0.410626 0.892698 0.185678
vn 0.984950 0.087580 -0.149006
vn 0.417577 -0.749128 -0.514233
vn -0.980192 0.058470 -0.189220
vn -0.898813 0.093701 -0.428200
vn -0.980256 0.019931 0.196726
vn -0.315011 0.919695 0.234368
vn 0.379564 0.906164 0.186543
vn -0.444142 -0.719112 -0.534431
vn -0.372741 -0.758992 -0.533850
vn -0.371315 -0.927846 0.035030
vn -0.238111 -0.518820 0.821054
vn -0.366407 0.129501 0.921398
vn -0.104246 0.603918 0.790200
vn 0.379413 -0.828124 -0.412621
vn 0.353729 -0.935284 -0.010930
vn 0.159200 -0.800609 0.577650
vn 0.374650 -0.146324 0.915547
vn 0.389777 0.779330 0.490631
vn 0.999274 0.035109 0.014825
vn 0.564263 0.508892 0.650105
vn -0.563626 0.509160 0.650448
vn 0.000000 0.876364 0.481650
vn 0.531741 0.523724 -0.665555
vn -0.656222 0.584806 -0.476838
vn 0.000000 0.910562 0.413372
vn 0.488285 0.476833 0.730896
vn 0.579356 0.503005 0.641352
vn 0.999877 0.014760 0.005220
vn 0.999927 0.005547 0.010765
vn 0.999912 0.009956 0.008815
vn -0.617028 0.503770 0.604560
vn 0.539862 0.707225 -0.456488
vn -0.539864 0.707227 -0.456482
vn -0.539893 0.707224 0.456453
vn 0.539904 0.707217 0.456451
vn 0.634019 0.455794 -0.624717
vn 0.634019 0.455794 0.624717
vn -0.634029 0.455790 -0.624711
vn -0.731282 0.525703 0.434583
vn -0.455120 0.803047 -0.384684
vn 0.455115 0.803052 -0.384680
vn 0.455094 0.803013 0.384785
vn -0.455107 0.803006 0.384785
vn 0.329463 0.902122 0.278623
vn 0.329505 0.902118 -0.278584
vn -0.329506 0.902115 -0.278595
vn -0.329502 0.902111 0.278609
vn 0.364820 -0.878827 -0.307523
vn 0.364756 -0.878849 0.307535
vn -0.364751 -0.878850 0.307538
vn -0.364810 -0.878831 -0.307522
vn -0.813408 0.581693 -0.000393
vn -0.818778 0.574109 -0.000529
vn -0.807968 0.589227 -0.000258
vn 0.807076 0.590448 0.000021
vn 0.806201 0.591641 0.000000
vn 0.807949 0.589253 0.000042
vn 0.425574 0.904924 -0.000260
vn 0.416229 0.909260 -0.000519
vn 0.434873 0.900492 0.000000
vn 0.824707 0.565560 -0.000020
vn -0.824721 0.565540 0.000002
vn -0.803379 0.555159 0.215360
vn -0.776884 0.539189 0.325155
vn -0.644622 0.454187 0.614960
vn 0.000000 -1.000000 0.000000
vn -0.000247 0.902191 0.431336
vn 0.000000 0.894626 0.446817
vn -0.000483 0.533188 0.845997
vn -0.000632 0.540496 0.841346
vn 0.000000 0.605226 0.796053
vn 0.000000 -0.999996 -0.002816
vn 0.000000 0.554779 -0.831998
vn -0.000001 0.475512 0.879709
vn 0.045087 0.000000 -0.998983
vn -0.899676 0.000000 0.436559
vn -0.765298 0.643676 0.000000
vn -0.899676 0.000000 -0.436559
vn 0.000000 0.899642 0.436629
vn 0.000013 0.899641 -0.436630
vn -0.643802 0.765192 0.000000
vn 0.000000 0.000000 0.000000
vn 0.000000 0.001226 0.999999
vn 0.997558 0.069839 0.000000
vn -0.997558 0.069839 0.000000
vn 0.000000 0.428875 0.903364
vn -0.112199 0.947969 -0.297937
vn -0.006185 0.999846 -0.016423
vn 0.121329 0.737525 -0.664332
vn 0.080230 0.894792 -0.439215
vn 0.004026 0.999749 -0.022034
vn 0.742585 0.669752 0.000001
vn 0.655487 0.000000 0.755207
vn 0.000000 0.616394 0.787438
vn -0.742051 0.670343 0.000000
vn -0.654867 0.000000 0.755744
vn 0.803976 0.594661 0.000001
vn -0.870922 0.491422 0.000000
vn -0.000254 0.885666 0.464323
vn -0.000412 0.676394 0.736540
vn -0.000634 0.343395 0.939191
vn 0.624192 0.000000 -0.781271
vn 0.573505 0.000929 0.819201
vn 0.591233 0.001857 0.806499
vn 0.555504 0.000000 0.831514
vn -0.003763 0.019723 0.999798
vn -0.011284 0.001298 0.999936
vn -0.005642 0.003273 0.999979
vn 0.000000 0.036829 0.999322
vn 0.000000 0.168091 0.985771
vn 0.000015 0.282889 0.959153
vn 0.000027 0.473432 0.880831
vn 0.000027 0.551371 0.834260
vn 0.000012 0.680605 0.732651
vn -0.000005 0.733526 0.679662
vn -0.000007 0.782098 0.623156
vn 0.000000 0.618396 -0.785866
vn 0.000000 0.438010 -0.898970
vn 0.000000 0.787516 -0.616294
vn -0.999989 0.002758 0.003702
vn -0.999984 0.004320 0.003563
vn -0.999970 0.003874 0.006705
vn -0.999978 0.004699 0.004735
vn -0.999980 0.005498 0.003266
vn -0.999977 0.006454 0.001831
vn -0.999971 0.007553 0.000583
vn -0.999988 0.001068 0.004839
vn -0.999986 0.000000 0.005369
vn -0.808979 0.000000 -0.587838
vn 0.000000 0.017541 0.999846
vn 0.000000 0.035081 0.999384
vn -0.679624 0.001293 0.733560
vn -0.643369 0.003356 0.765549
vn -0.714286 -0.000772 0.699853
vn -0.760763 0.649022 -0.003196
vn -0.746562 0.665316 0.000000
vn -0.774600 0.632419 -0.006390
vn -0.654755 0.581839 0.482451
vn 0.654057 0.581658 -0.483615
vn 0.671027 0.583468 -0.457480
vn 0.687873 0.583931 -0.431110
vn 0.703458 0.584696 -0.404076
vn 0.803972 0.000000 -0.594667
vn 0.847308 0.000000 -0.531101
vn 0.867096 0.000000 -0.498140
vn -0.432526 0.575078 0.694412
vn -0.431126 0.578215 0.692675
vn -0.433919 0.571932 0.696138
vn 0.434657 0.575426 -0.692790
vn 0.433263 0.578538 -0.691069
vn 0.436045 0.572305 -0.694501
vn 0.531736 0.000000 -0.846910
vn 0.475737 0.587879 0.654272
vn 0.475057 0.589846 0.652995
vn 0.476413 0.585909 0.655546
vn -0.474179 0.587824 -0.655452
vn -0.473547 0.589651 -0.654267
vn -0.474809 0.585994 -0.656633
vn -0.585955 0.000000 -0.810343
vn -0.630806 0.000000 -0.775941
vn -0.584928 0.000000 -0.811085
vn -0.674721 0.000000 -0.738073
vn -0.757796 0.000000 -0.652492
vn -0.796633 0.000000 -0.604463
vn -0.863870 0.000000 -0.503714
vn -0.892462 0.000000 -0.451122
vn -0.940864 0.000000 -0.338785
vn -0.960323 0.000000 -0.278890
vn -0.987160 0.000000 -0.159735
vn -0.994931 0.000000 -0.100564
vn -0.999786 0.000000 -0.020709
vn -0.922772 0.000000 0.385347
vn -0.702936 0.000000 0.711253
vn 0.748606 0.582864 0.316005
vn 0.745791 0.587370 0.314311
vn 0.751397 0.578339 0.317689
vn -0.746671 0.583131 -0.320063
vn -0.743960 0.587476 -0.318427
vn -0.749360 0.578770 -0.321690
vn -0.918907 0.000000 -0.394474
vn -0.521565 0.584077 0.621951
vn -0.519083 0.588600 0.619760
vn -0.524031 0.579536 0.624123
vn 0.525152 0.584308 -0.618708
vn 0.522713 0.588752 -0.616557
vn 0.527575 0.579845 -0.620841
vn 0.647549 0.000000 -0.762024
vn -0.703664 0.584749 0.403641
vn 0.424273 0.900862 -0.091871
vn 0.436328 0.899191 -0.032777
vn 0.431714 0.901385 -0.033591
vn 0.427510 0.899314 -0.092029
vn 0.396380 0.899254 -0.184999
vn 0.378859 0.899741 -0.216637
vn 0.334354 0.898918 -0.283116
vn 0.303204 0.899811 -0.313699
vn 0.262239 0.896255 -0.357712
vn 0.249346 0.896325 -0.366645
vn 0.240685 0.895976 -0.373226
vn 0.245953 0.894687 -0.372884
vn 0.267470 0.895810 -0.354944
vn 0.286234 0.895094 -0.341872
vn 0.317790 0.898929 -0.301558
vn 0.334515 0.899421 -0.281321
vn 0.358669 0.900798 -0.244785
vn 0.367998 0.900685 -0.230964
vn 0.385178 0.901237 -0.198517
vn 0.394099 0.901102 -0.180832
vn 0.403961 0.900998 -0.158170
vn 0.407535 0.900014 -0.154566
vn 0.411756 0.899669 -0.145096
vn 0.414525 0.899156 -0.140314
vn 0.399988 0.899592 -0.175339
vn 0.388310 0.899918 -0.198401
vn 0.363954 0.898882 -0.244026
vn 0.348156 0.899313 -0.264621
vn 0.317820 0.898398 -0.303103
vn 0.300577 0.899340 -0.317555
vn 0.262153 0.899680 -0.349072
vn 0.238769 0.901071 -0.362022
vn 0.200276 0.900707 -0.385509
vn 0.183372 0.901063 -0.393014
vn 0.139778 0.901489 -0.409608
vn 0.112644 0.901412 -0.418053
vn 0.059965 0.901840 -0.427889
vn 0.034665 0.901997 -0.430348
vn -0.012125 0.902056 -0.431448
vn -0.033728 0.901765 -0.430909
vn -0.080921 0.901620 -0.424893
vn -0.106799 0.901136 -0.420175
vn -0.155535 0.901240 -0.404444
vn -0.179023 0.901155 -0.394805
vn -0.219959 0.900903 -0.374156
vn -0.237097 0.901042 -0.363191
vn -0.274151 0.900901 -0.336481
vn -0.292585 0.901241 -0.319623
vn -0.329385 0.900681 -0.283337
vn -0.346016 0.900783 -0.262420
vn -0.378069 0.899336 -0.219677
vn -0.389949 0.899617 -0.196541
vn -0.413813 0.898290 -0.147765
vn -0.419356 0.899712 -0.121075
vn -0.432446 0.898991 -0.069323
vn -0.431112 0.901257 -0.043330
vn -0.434490 0.900504 -0.017624
vn -0.430759 0.902292 -0.017782
vn 0.997383 0.000000 -0.072297
vn 0.808339 0.585886 -0.057669
vn 0.804431 0.591357 -0.056462
vn 0.812208 0.580389 -0.058874
vn -0.809366 0.585342 0.047968
vn -0.805245 0.591101 0.046693
vn -0.813446 0.579553 0.049240
vn -0.339284 0.932806 0.121485
vn -0.243470 0.938558 0.244604
vn -0.245346 0.939205 0.240206
vn -0.339671 0.932957 0.119224
vn -0.425711 0.904859 -0.000016
vn -0.426832 0.904331 -0.000032
vn -0.429083 0.903265 -0.000040
vn -0.431345 0.902187 -0.000071
vn 0.554248 0.832352 0.000000
vn 0.726054 0.687637 0.000000
vn -0.468645 0.883387 -0.000449
vn -0.444440 0.895809 0.000000
vn -0.492503 0.870310 -0.000898
vn -0.010956 0.556441 0.830815
vn -0.009451 0.546374 0.837488
vn -0.012460 0.566426 0.824018
vn 0.643605 0.032978 0.764647
vn 0.601421 0.027478 0.798460
vn 0.683888 0.038380 0.728577
vn 0.748157 0.260300 0.610332
vn 0.763274 0.403266 0.504767
vn 0.757776 0.510325 0.406625
vn 0.726763 0.632850 0.267050
vn 0.671286 0.731268 0.120920
vn 0.610361 0.792123 0.000863
vn 0.672377 0.729868 0.123297
vn 0.734594 0.611372 0.294271
vn 0.762528 0.458132 0.456800
vn 0.742810 0.233298 0.627539
vn 0.693558 0.064248 0.717530
vn 0.664886 0.006166 0.746920
vn 0.670839 0.006680 0.741573
vn 0.658889 0.005652 0.752219
vn -0.723614 0.000000 0.690205
vn -0.747228 0.059268 0.661920
vn -0.791669 0.212890 0.572659
vn -0.809058 0.416192 0.414981
vn -0.784357 0.558935 0.269027
vn -0.727642 0.676371 0.114279
vn -0.668865 0.743384 0.000795
vn -0.726674 0.677779 0.112072
vn -0.777311 0.579629 0.244576
vn -0.804860 0.464134 0.369838
vn -0.809754 0.366225 0.458450
vn -0.796476 0.237244 0.556184
vn -0.738250 0.035468 0.673594
vn -0.724337 0.003578 0.689436
vn -0.641958 0.000000 0.766740
vn -0.668256 0.066745 0.740931
vn -0.719101 0.242134 0.651356
vn -0.739739 0.476500 0.475114
vn -0.710546 0.634030 0.305172
vn -0.646412 0.752330 0.127085
vn -0.583595 0.812044 0.000888
vn -0.645330 0.753670 0.124624
vn -0.702429 0.655765 0.276705
vn -0.734744 0.530526 0.422721
vn -0.740575 0.419405 0.525022
vn -0.724768 0.270329 0.633745
vn -0.658097 0.039591 0.751892
vn 0.000000 0.029931 0.999552
vn 0.000000 0.059862 0.998207
vn 0.000000 0.177363 0.984146
vn 0.000000 0.264303 0.964440
vn 0.000000 0.478183 0.878260
vn 0.000000 0.600578 0.799566
vn 0.000000 0.847305 0.531107
vn 0.000000 0.937603 0.347709
vn 0.000000 0.966176 0.257882
vn 0.000000 0.993735 0.111761
vn 0.000000 0.998407 0.056427
vn 0.000000 0.998471 0.055269
vn 0.000000 0.993993 0.109446
vn 0.000000 0.970816 0.239824
vn 0.000000 0.948927 0.315497
vn 0.000000 0.921337 0.388766
vn -0.817922 0.574379 -0.033059
vn -0.811576 0.583299 -0.033266
vn -0.824169 0.565390 -0.032848
vn -0.794182 0.582140 -0.174324
vn -0.798517 0.576043 -0.174770
vn -0.789801 0.588204 -0.173869
vn -0.674663 0.585565 -0.449381
vn -0.580939 0.586490 -0.564394
vn -0.582055 0.584600 -0.565203
vn -0.579819 0.588376 -0.563581
vn -0.376169 0.587941 -0.716116
vn -0.246101 0.587061 -0.771229
vn -0.102941 0.587649 -0.802541
vn 0.017392 0.590363 -0.806951
vn 0.158973 0.588676 -0.792583
vn 0.311082 0.587285 -0.747211
vn 0.310842 0.588504 -0.746351
vn 0.311321 0.586063 -0.748070
vn 0.402716 0.585987 -0.703164
vn 0.403482 0.583205 -0.705035
vn 0.401945 0.588762 -0.701284
vn 0.616581 0.583067 -0.529018
vn 0.700128 0.582745 -0.412589
vn 0.701619 0.580133 -0.413734
vn 0.698629 0.585351 -0.411439
vn 0.760145 0.585828 -0.281044
vn 0.762360 0.582405 -0.282154
vn 0.757916 0.589239 -0.279929
vn 0.771121 0.585605 -0.249878
vn 0.760592 0.586707 -0.277982
vn 0.758318 0.590156 -0.276892
vn 0.762853 0.583247 -0.279067
vn 0.750077 0.587630 -0.303439
vn 0.749002 0.589294 -0.302868
vn 0.751149 0.585964 -0.304009
vn 0.562629 0.568678 -0.600045
vn 0.561847 0.570727 -0.598831
vn 0.563407 0.566626 -0.601255
vn 0.464064 0.564876 -0.682319
vn 0.458419 0.582033 -0.671632
vn 0.469504 0.547471 -0.692707
vn 0.504760 0.579803 -0.639567
vn 0.505633 0.577394 -0.641055
vn 0.503882 0.582206 -0.638074
vn 0.669099 0.581306 -0.463022
vn 0.671364 0.576831 -0.465334
vn 0.666814 0.585763 -0.460697
vn 0.761836 0.583774 -0.280739
vn 0.759804 0.586992 -0.279533
vn 0.805319 0.592842 0.000032
vn 0.764538 0.456449 0.455122
vn 0.999693 0.003207 0.024559
vn 0.999818 0.009537 0.016504
vn 0.999865 0.011568 0.011655
vn 0.997994 -0.005046 0.063104
vn 0.998564 -0.005223 0.053320
vn 0.999968 0.008010 0.000000
vn -0.000003 0.960615 0.277881
vn 0.000000 0.220793 0.975321
vn 0.750304 0.259382 0.608083
vn 0.759796 0.508484 0.405158
vn 0.208177 0.952587 0.221903
vn 0.210777 0.953319 0.216231
vn 0.205569 0.951817 0.227567
vn 0.407002 0.913427 -0.000260
vn 0.397734 0.917501 -0.000519
vn -0.749632 0.587610 0.304575
vn -0.748493 0.589232 0.304242
vn -0.750769 0.585985 0.304906
vn 0.927075 0.000000 -0.374875
vn 0.700487 0.000000 0.713665
vn 0.999663 0.000000 -0.025962
vn 0.998658 0.000000 -0.051794
vn 0.977166 0.000000 -0.212477
vn 0.907428 0.000000 -0.420209
vn 0.869125 0.000000 -0.494593
vn 0.764653 0.000000 -0.644442
vn 0.695901 0.000000 -0.718138
vn 0.592386 0.000000 -0.805654
vn 0.563099 0.000000 -0.826389
vn 0.541243 0.000000 -0.840866
vn 0.549311 0.000000 -0.835618
vn 0.600554 0.000000 -0.799584
vn 0.642208 0.000000 -0.766530
vn 0.725062 0.000000 -0.688684
vn 0.765660 0.000000 -0.643246
vn 0.825756 0.000000 -0.564027
vn 0.888828 0.000000 -0.458240
vn 0.908859 0.000000 -0.417103
vn 0.930934 0.000000 -0.365187
vn 0.934810 0.000000 -0.355149
vn 0.942986 0.000000 -0.332834
vn 0.947236 0.000000 -0.320538
vn 0.916502 0.000000 -0.400030
vn 0.890984 0.000000 -0.454035
vn 0.830855 0.000000 -0.556489
vn 0.796264 0.000000 -0.604949
vn 0.688124 0.000000 -0.725593
vn 0.601840 0.000000 -0.798617
vn 0.551223 0.000000 -0.834358
vn 0.498694 0.000000 -0.866778
vn -0.465558 0.000000 -0.885018
vn -0.413244 0.000000 -0.910620
vn -0.359343 0.000000 -0.933206
vn -0.246390 0.000000 -0.969171
vn -0.187261 0.000000 -0.982310
vn -0.127665 0.000000 -0.991817
vn 0.322497 0.000000 -0.946571
vn 0.383485 0.000000 -0.923547
vn 0.259867 0.000000 -0.965644
vn 0.138616 0.000000 -0.990346
vn 0.080156 0.000000 -0.996782
vn 0.021620 0.000000 -0.999766
vn 0.999926 0.002633 0.011908
vn 0.999919 0.010469 0.007238
vn 0.999830 0.018375 0.001420
vn 0.999864 0.015889 0.004506
vn 0.999876 0.013535 0.008040
vn 0.670331 0.000000 0.742062
vn 0.695949 0.064421 0.715195
vn 0.744900 0.232482 0.625361
vn 0.736718 0.609296 0.293267
vn 0.674686 0.727793 0.122946
vn 0.612764 0.790266 0.000861
vn 0.673627 0.729170 0.120573
vn 0.728935 0.630731 0.266142
vn 0.765329 0.401720 0.502883
vn 0.686078 0.038255 0.726522
vn 0.817622 0.574515 0.037774
vn 0.811138 0.583622 0.037957
vn 0.824004 0.565336 0.037585
vn 0.795518 0.581797 0.169302
vn 0.800062 0.575411 0.169712
vn 0.790924 0.588148 0.168881
vn 0.674614 0.585581 0.449433
vn 0.582286 0.586552 0.562939
vn 0.583446 0.584605 0.563762
vn 0.581122 0.588495 0.562113
vn 0.375462 0.588002 0.716437
vn 0.245521 0.587064 0.771411
vn 0.103050 0.587590 0.802570
vn -0.017045 0.590302 0.807003
vn -0.159328 0.588614 0.792558
vn -0.312173 0.587315 0.746732
vn -0.311913 0.588656 0.745785
vn -0.312433 0.585973 0.747678
vn -0.400278 0.585858 0.704661
vn -0.401109 0.582762 0.706753
vn -0.399442 0.588945 0.702559
vn -0.616580 0.583068 0.529019
vn -0.698960 0.582616 0.414745
vn -0.700549 0.579811 0.415993
vn -0.697362 0.585415 0.413492
vn -0.759286 0.585661 0.283701
vn -0.761540 0.582166 0.284850
vn -0.757017 0.589145 0.282547
vn -0.771129 0.585651 0.249746
vn -0.761292 0.586859 0.275739
vn -0.759080 0.590205 0.274693
vn -0.763490 0.583502 0.276780
vn -0.564286 0.569205 0.597986
vn -0.563496 0.571257 0.596772
vn -0.565072 0.567149 0.599196
vn -0.473792 0.566977 0.673839
vn -0.468216 0.583246 0.663775
vn -0.479179 0.550482 0.683635
vn -0.503006 0.579653 0.641083
vn -0.503854 0.577295 0.642543
vn -0.502153 0.582005 0.639619
vn -0.665277 0.581149 0.468693
vn -0.667729 0.576170 0.471344
vn -0.662799 0.586105 0.466023
vn -0.760035 0.585372 0.282290
vn -0.761121 0.583638 0.282951
vn -0.758944 0.587103 0.281627
vn -0.823925 0.566698 -0.000722
vn -0.829005 0.559240 -0.000961
vn 0.951296 0.000000 -0.308279
vn 0.939133 0.000000 -0.343554
vn 0.938501 0.000000 -0.345275
vn 0.822737 0.000000 -0.568423
vn 0.561054 0.000000 -0.827779
vn 0.683767 0.000000 -0.729700
vn 0.619750 0.000000 -0.784799
vn 0.861675 0.000000 -0.507460
vn 0.938063 0.000000 -0.346465
vn 0.497268 0.000000 -0.867597
vn 0.758941 0.000000 -0.651160
vn 0.196624 0.000000 -0.980479
vn -0.304068 0.000000 -0.952650
vn -0.717077 0.000000 -0.696994
vn -0.832283 0.000000 -0.554351
vn -0.999207 0.000000 -0.039825
vn -0.976615 0.000000 -0.214994
vn 0.000000 -0.022624 -0.999744
vn 0.000000 -0.022622 0.999744
vn -0.999741 -0.022757 0.000000
vn 0.000000 0.757293 0.653075
vn 0.636528 0.771253 0.000000
vn 0.000000 0.757293 -0.653075
vn -0.636523 0.771258 -0.000002
vn 0.999741 -0.022756 0.000000
vn 0.762544 -0.063159 0.643846
vn 0.998725 -0.050484 0.000000
vn 0.762464 -0.063148 -0.643941
vn -0.998725 -0.050485 -0.000007
vn -0.762477 -0.063148 -0.643926
vn 0.000000 -0.048201 -0.998838
vn -0.762533 -0.063160 0.643859
vn 0.000000 -0.048201 0.998838
vn 0.000000 0.624161 0.781296
vn 0.001156 0.606926 0.794758
vn 0.002311 0.589400 0.807838
vn -0.001962 0.999261 -0.038394
vn -0.003921 0.999980 0.004883
vn 0.000000 0.996665 -0.081599
vn 0.770956 0.000000 -0.636889
vn 0.770979 0.000000 0.636861
vn 0.000000 0.589401 -0.807840
vn 0.811959 0.583715 0.000000
vn 0.712312 0.000000 -0.701863
vn 0.712312 0.000000 0.701863
vn 0.725960 0.000000 0.687737
vn -0.770963 0.000000 -0.636881
vn -0.770986 0.000000 0.636852
vn -0.811966 0.583705 0.000000
vn -0.712322 0.000000 -0.701853
vn 0.058209 0.998113 0.019526
vn 0.116198 0.992461 0.038979
vn -0.725799 0.000000 -0.687907
vn -0.725964 0.000000 0.687732
vn 0.999872 -0.016023 0.000000
vn -0.999872 -0.016023 0.000000
vn -0.541709 0.840566 0.000000
vn 0.000000 0.831330 -0.555779
vn 0.541698 0.840573 -0.000001
vn 0.000000 0.831247 0.555903
vn 0.000000 -0.015997 -0.999872
vn 0.000000 -0.015996 0.999872
vn -0.753753 -0.163357 0.636531
vn -0.991368 -0.131112 -0.000003
vn -0.753853 -0.163341 -0.636416
vn 0.991367 -0.131115 -0.000002
vn 0.753845 -0.163342 -0.636425
vn 0.000000 -0.125290 -0.992120
vn 0.753735 -0.163363 0.636550
vn 0.000000 -0.125279 0.992122
vn 0.000000 -0.362096 0.932141
vn 0.000000 -0.469332 0.883022
vn 0.000000 -0.571423 0.820656
vn 0.000000 -0.720533 0.693421
vn 0.000000 -0.772881 0.634551
vn 0.000000 -0.878846 0.477105
vn 0.000000 -0.927108 0.374793
vn 0.000000 -0.963123 0.269060
vn 0.000000 -0.362110 -0.932135
vn 0.000000 -0.469352 -0.883011
vn 0.000000 -0.571447 -0.820639
vn 0.000000 -0.720540 -0.693413
vn 0.000000 -0.772871 -0.634563
vn 0.000000 -0.878833 -0.477130
vn 0.000000 -0.927103 -0.374806
vn 0.000000 -0.963123 -0.269060
vn -0.999694 -0.024742 0.000000
vn 0.999694 -0.024743 0.000000
vn 0.383632 0.923486 0.000000
vn 0.438935 -0.898519 0.000001
vn 0.000000 0.918339 0.395794
vn -0.438926 -0.898523 0.000001
vn -0.383634 0.923485 0.000000
vn 0.000000 -0.898988 0.437973
vn 0.000000 0.918347 -0.395777
vn 0.000000 -0.898977 -0.437995
vn 0.000000 -0.024706 0.999695
vn 0.000000 -0.024703 -0.999695
vn 0.758398 -0.121529 -0.640362
vn 0.995253 -0.097321 0.000003
vn 0.758324 -0.121506 0.640454
vn -0.995253 -0.097322 0.000003
vn -0.758347 -0.121502 0.640427
vn 0.000000 -0.092953 0.995670
vn -0.758389 -0.121528 -0.640373
vn 0.000000 -0.092959 -0.995670
# 1230 normals

g matte
usemtl GFX
s 1
f 1/1/1 2/2/1 3/3/1
f 1/1/1 4/4/1 2/2/1
f 5/5/2 6/6/2 7/7/2
f 5/5/2 8/8/2 6/6/2
f 9/3/3 10/8/3 11/1/3
f 9/3/3 12/6/3 10/8/3
f 13/9/1 14/10/1 15/11/1
f 13/9/1 15/11/1 16/12/1
f 15/11/1 17/9/1 16/12/1
f 15/11/1 18/10/1 17/9/1
f 19/13/2 20/14/2 21/15/2
f 19/13/2 21/15/2 22/16/2
f 22/16/2 21/15/2 23/14/2
f 22/16/2 23/14/2 24/13/2
f 25/12/3 26/14/3 27/9/3
f 25/12/3 28/15/3 26/14/3
f 29/14/3 28/15/3 25/12/3
f 29/14/3 25/12/3 30/9/3
f 31/2/1 32/1/1 33/3/1
f 31/2/1 34/4/1 32/1/1
f 35/17/4 36/18/4 37/19/4
f 35/17/4 38/20/4 36/18/4
f 39/21/4 40/22/4 41/23/4
f 39/21/4 42/24/4 40/22/4
f 43/25/5 44/26/5 45/27/5
f 43/25/5 46/28/5 44/26/5
f 47/29/6 48/25/6 49/30/6
f 47/29/6 50/28/6 48/25/6
f 51/31/7 52/28/7 53/32/7
f 51/31/7 54/26/7 52/28/7
f 55/33/3 56/26/3 57/34/3
f 55/33/3 58/27/3 56/26/3
f 59/24/8 60/27/8 61/22/8
f 59/24/8 62/25/8 60/27/8
f 63/35/9 64/36/9 65/37/9
f 63/35/9 66/38/9 64/36/9
f 67/8/3 68/3/3 69/1/3
f 67/8/3 70/6/3 68/3/3
f 71/37/10 72/38/10 73/36/10
f 71/37/10 74/35/10 72/38/10
f 75/6/2 76/5/2 77/7/2
f 75/6/2 78/8/2 76/5/2
f 79/17/4 80/18/4 81/19/4
f 79/17/4 82/20/4 80/18/4
f 83/24/4 84/27/4 85/22/4
f 83/24/4 86/25/4 84/27/4
f 87/28/5 88/31/5 89/26/5
f 87/28/5 90/32/5 88/31/5
f 91/30/6 92/28/6 93/25/6
f 91/30/6 94/29/6 92/28/6
f 95/22/7 96/21/7 97/24/7
f 95/22/7 98/23/7 96/21/7
f 99/27/3 100/34/3 101/33/3
f 99/27/3 102/26/3 100/34/3
f 103/25/8 104/26/8 105/27/8
f 103/25/8 106/28/8 104/26/8
f 557/239/184 558/240/185 559/241/185
f 557/239/184 559/241/185 560/242/186
f 561/243/187 557/239/184 560/242/186
f 561/243/187 560/242/186 562/244/188
f 563/245/189 561/243/187 562/244/188
f 563/245/189 562/244/188 564/246/190
f 565/247/191 563/245/189 564/246/190
f 565/247/191 564/246/190 566/248/192
f 567/249/193 565/247/191 566/248/192
f 567/249/193 566/248/192 568/250/194
f 569/251/195 567/249/193 568/250/194
f 569/251/195 568/250/194 570/252/196
f 571/253/197 569/251/195 570/252/196
f 571/253/197 570/252/196 572/254/198
f 573/255/199 571/253/197 572/254/198
f 573/255/199 572/254/198 574/256/199
f 575/257/200 576/258/200 577/259/200
f 575/257/200 578/260/200 576/258/200
f 579/261/200 578/260/200 575/257/200
f 579/261/200 575/257/200 580/262/200
f 581/263/201 582/264/201 583/265/201
f 581/263/201 584/266/201 582/264/201
f 585/260/202 586/259/202 587/258/202
f 585/260/202 588/257/202 586/259/202
f 589/262/202 588/257/202 585/260/202
f 589/262/202 585/260/202 590/261/202
f 591/263/203 592/264/203 593/266/203
f 591/263/203 594/265/203 592/264/203
f 595/267/204 596/268/204 597/269/204
f 595/267/204 598/270/204 596/268/204
f 599/271/205 600/272/205 601/271/205
f 599/271/205 602/272/205 600/272/205
f 603/273/206 604/266/206 605/274/206
f 603/273/206 606/263/206 604/266/206
f 607/275/207 608/276/207 609/277/207
f 607/275/207 610/278/207 608/276/207
f 611/277/208 612/279/208 613/275/208
f 611/277/208 614/280/208 612/279/208
f 951/400/416 952/401/416 953/402/416
f 954/401/417 955/400/417 956/402/417
f 957/403/204 958/404/204 959/405/204
f 957/403/204 960/406/204 958/404/204
f 957/403/204 961/407/204 960/406/204
f 962/408/204 961/407/204 957/403/204
f 962/408/204 957/403/204 963/409/204
f 962/408/204 963/409/204 964/410/204
f 965/411/418 966/412/418 967/413/418
f 965/411/418 968/414/418 966/412/418
f 969/415/419 970/414/419 971/411/419
f 969/415/419 972/416/419 970/414/419
f 973/417/6 974/416/6 975/415/6
f 973/417/6 976/418/6 974/416/6
f 977/419/420 978/420/420 979/421/420
f 977/419/420 980/422/420 978/420/420
f 981/423/421 982/422/421 983/419/421
f 981/423/421 984/424/421 982/422/421
f 985/413/3 986/424/3 987/423/3
f 985/413/3 988/412/3 986/424/3
f 989/411/418 990/412/418 991/413/418
f 989/411/418 992/414/418 990/412/418
f 993/415/419 994/414/419 995/411/419
f 993/415/419 996/416/419 994/414/419
f 997/417/6 998/416/6 999/415/6
f 997/417/6 1000/418/6 998/416/6
f 1001/419/420 1002/420/420 1003/421/420
f 1001/419/420 1004/422/420 1002/420/420
f 1005/423/421 1006/422/421 1007/419/421
f 1005/423/421 1008/424/421 1006/422/421
f 1009/413/3 1010/424/3 1011/423/3
f 1009/413/3 1012/412/3 1010/424/3
f 1013/425/422 1014/426/423 1015/427/424
f 1013/425/422 1016/428/423 1014/426/423
f 1013/425/422 1017/429/424 1016/428/423
f 1018/430/424 1017/429/424 1013/425/422
f 1013/425/422 1019/431/424 1018/430/424
f 1020/432/205 1021/433/205 1022/434/205
f 1020/432/205 1023/435/205 1021/433/205
f 1023/435/205 1020/432/205 1024/436/205
f 1024/436/205 1020/432/205 1025/437/205
f 1026/432/204 1027/436/204 1028/437/204
f 1026/432/204 1029/435/204 1027/436/204
f 1026/432/204 1030/433/204 1029/435/204
f 1026/432/204 1031/434/204 1030/433/204
f 1032/438/204 1033/439/204 1034/440/204
f 1032/438/204 1035/441/204 1033/439/204
f 1032/438/204 1036/442/204 1035/441/204
f 1036/442/204 1037/443/204 1035/441/204
f 1038/444/425 1039/445/425 1040/446/425
f 1038/444/425 1041/447/425 1039/445/425
f 1038/444/425 1042/448/425 1041/447/425
f 1042/448/425 1038/444/425 1043/449/425
f 1044/450/426 1045/451/426 1046/452/426
f 1044/450/426 1047/453/426 1045/451/426
f 1048/454/427 1049/455/427 1050/456/427
f 1048/454/427 1050/456/427 1051/457/427
f 1052/458/427 1051/457/427 1050/456/427
f 1052/458/427 1053/459/427 1051/457/427
f 1052/458/427 1054/460/427 1053/459/427
f 1052/458/427 1055/461/427 1054/460/427
f 1056/462/427 1052/458/427 1050/456/427
f 1056/462/427 1050/456/427 1057/463/427
f 1058/464/428 1059/465/428 1060/466/428
f 1058/464/428 1061/467/428 1059/465/428
f 1062/468/429 1063/469/429 1064/470/429
f 1062/468/429 1065/471/429 1063/469/429
f 1066/472/430 1067/471/430 1068/473/430
f 1066/472/430 1069/469/430 1067/471/430
f 1070/464/428 1071/465/428 1072/466/428
f 1070/464/428 1073/467/428 1071/465/428
f 1074/464/428 1075/465/428 1076/466/428
f 1074/464/428 1077/467/428 1075/465/428
f 1078/474/428 1079/475/428 1080/476/428
f 1078/474/428 1081/477/428 1079/475/428
f 1082/478/428 1083/475/428 1084/479/428
f 1082/478/428 1085/477/428 1083/475/428
f 1086/480/428 1087/475/428 1088/481/428
f 1086/480/428 1089/477/428 1087/475/428
f 1090/482/431 1091/483/431 1092/484/431
f 1090/482/431 1093/485/431 1091/483/431
f 1094/486/432 1095/487/432 1096/488/432
f 1094/486/432 1097/489/432 1095/487/432
f 1098/490/433 1099/491/433 1100/492/434
f 1098/490/433 1101/493/435 1099/491/433
f 1102/494/436 1103/401/436 1104/400/436
f 1102/494/436 1105/495/436 1103/401/436
f 1106/483/437 1107/400/437 1108/401/437
f 1106/483/437 1109/484/437 1107/400/437
f 1110/496/438 1111/497/438 1112/498/439
f 1110/496/438 1113/499/440 1111/497/438
f 1114/488/441 1115/484/441 1116/483/441
f 1114/488/441 1117/487/441 1115/484/441
f 1118/493/442 1119/498/442 1120/491/443
f 1118/493/442 1121/496/444 1119/498/442
f 1122/484/445 1123/495/445 1124/494/445
f 1122/484/445 1125/483/445 1123/495/445
f 1126/500/446 1127/492/446 1128/501/447
f 1126/500/446 1129/490/448 1127/492/446
f 1130/502/449 1131/503/449 1132/504/449
f 1130/502/449 1133/505/449 1131/503/449
f 1134/506/450 1135/507/450 1136/508/450
f 1134/506/450 1137/509/450 1135/507/450
f 1138/510/205 1139/511/205 1140/512/205
f 1138/510/205 1141/513/205 1139/511/205
f 1142/470/427 1143/473/427 1144/472/427
f 1142/470/427 1145/468/427 1143/473/427
f 1146/513/204 1147/512/204 1148/511/204
f 1146/513/204 1149/510/204 1147/512/204
f 1150/510/205 1151/511/205 1152/512/205
f 1150/510/205 1153/513/205 1151/511/205
f 1154/468/427 1155/472/427 1156/470/427
f 1154/468/427 1157/473/427 1155/472/427
f 1158/513/204 1159/512/204 1160/511/204
f 1158/513/204 1161/510/204 1159/512/204
f 1162/514/451 1163/515/451 1164/516/451
f 1162/514/451 1165/517/451 1163/515/451
f 1166/518/452 1167/519/452 1168/520/452
f 1166/518/452 1169/521/452 1167/519/452
f 1170/522/453 1171/523/453 1172/524/453
f 1170/522/453 1173/525/453 1171/523/453
f 1174/526/454 1175/509/454 1176/506/454
f 1174/526/454 1177/527/454 1175/509/454
f 1178/493/427 1179/496/427 1180/498/427
f 1178/493/427 1180/498/427 1181/491/427
f 1182/528/427 1178/493/427 1181/491/427
f 1182/528/427 1181/491/427 1183/492/427
f 1184/529/455 1185/505/455 1186/502/455
f 1184/529/455 1187/530/455 1185/505/455
f 1188/531/456 1189/527/456 1190/526/456
f 1188/531/456 1191/532/456 1189/527/456
f 1192/532/457 1193/530/457 1194/529/457
f 1192/532/457 1195/531/457 1193/530/457
f 1196/521/458 1197/532/458 1198/531/458
f 1196/521/458 1198/531/458 1199/533/458
f 1196/521/458 1199/533/458 1200/534/458
f 1200/534/458 1201/518/458 1196/521/458
f 1202/534/459 1203/521/459 1204/518/459
f 1205/533/459 1203/521/459 1202/534/459
f 1206/531/459 1203/521/459 1205/533/459
f 1206/531/459 1207/532/459 1203/521/459
f 1208/535/460 1209/450/460 1210/452/460
f 1208/535/460 1211/536/460 1209/450/460
f 1212/528/461 1213/536/461 1214/535/461
f 1212/528/461 1215/492/461 1213/536/461
f 1216/444/462 1217/448/462 1218/449/462
f 1216/444/462 1219/447/462 1217/448/462
f 1220/446/462 1219/447/462 1216/444/462
f 1220/446/462 1221/445/462 1219/447/462
f 1222/537/427 1223/538/427 1224/539/427
f 1222/537/427 1225/540/427 1223/538/427
f 1226/541/204 1227/431/204 1228/542/204
f 1226/541/204 1229/425/204 1227/431/204
f 1230/542/463 1231/543/464 1232/541/205
f 1230/542/463 1233/425/464 1231/543/464
f 1230/542/463 1234/431/205 1233/425/464
f 1235/462/427 1236/456/427 1237/463/427
f 1235/462/427 1238/458/427 1236/456/427
f 1239/425/465 1240/430/465 1241/431/465
f 1239/425/465 1242/429/465 1240/430/465
f 1239/425/465 1243/428/465 1242/429/465
f 1244/427/465 1243/428/465 1239/425/465
f 1244/427/465 1245/426/466 1243/428/465
f 1246/544/467 1247/545/467 1248/546/467
f 1246/544/467 1249/547/467 1247/545/467
f 1250/548/428 1251/475/428 1252/549/428
f 1250/548/428 1253/477/428 1251/475/428
f 1254/513/3 1255/550/3 1256/551/3
f 1254/513/3 1257/510/3 1255/550/3
f 1258/510/6 1259/551/6 1260/550/6
f 1258/510/6 1261/513/6 1259/551/6
f 1262/449/468 1263/552/468 1264/553/468
f 1262/449/468 1265/444/468 1263/552/468
f 1266/514/469 1267/518/469 1268/517/469
f 1266/514/469 1269/521/469 1267/518/469
f 1270/520/6 1271/516/6 1272/515/6
f 1270/520/6 1273/519/6 1271/516/6
f 1274/554/205 1275/552/205 1276/555/205
f 1274/554/205 1277/553/205 1275/552/205
f 1278/556/204 1279/517/204 1280/557/204
f 1278/556/204 1281/514/204 1279/517/204
f 1282/464/428 1283/465/428 1284/466/428
f 1282/464/428 1285/467/428 1283/465/428
f 1286/513/3 1287/558/3 1288/559/3
f 1286/513/3 1289/510/3 1287/558/3
f 1290/510/6 1291/559/6 1292/558/6
f 1290/510/6 1293/513/6 1291/559/6
f 1294/560/3 1295/561/3 1296/562/3
f 1294/560/3 1297/563/3 1295/561/3
f 1298/563/6 1299/562/6 1300/561/6
f 1298/563/6 1301/560/6 1299/562/6
f 1302/564/428 1303/565/428 1304/566/428
f 1302/564/428 1305/567/428 1303/565/428
f 1306/568/3 1307/569/3 1308/570/3
f 1306/568/3 1309/571/3 1307/569/3
f 1310/571/6 1311/570/6 1312/569/6
f 1310/571/6 1313/568/6 1311/570/6
f 1314/468/429 1315/469/429 1316/470/429
f 1314/468/429 1317/471/429 1315/469/429
f 1318/572/205 1319/573/205 1320/574/205
f 1318/572/205 1321/575/205 1319/573/205
f 1321/575/205 1318/572/205 1322/576/205
f 1323/575/204 1324/574/204 1325/573/204
f 1323/575/204 1326/572/204 1324/574/204
f 1327/576/204 1326/572/204 1323/575/204
f 1328/469/430 1329/473/430 1330/472/430
f 1328/469/430 1331/471/430 1329/473/430
f 1332/577/470 1333/578/470 1334/579/470
f 1332/577/470 1335/580/470 1333/578/470
f 1336/439/205 1337/438/205 1338/440/205
f 1337/438/205 1336/439/205 1339/441/205
f 1337/438/205 1339/441/205 1340/442/205
f 1341/443/205 1340/442/205 1339/441/205
f 1342/581/427 1343/580/427 1344/577/427
f 1342/581/427 1345/582/427 1343/580/427
f 1346/578/427 1347/468/427 1348/579/427
f 1346/578/427 1349/470/427 1347/468/427
f 1350/583/3 1351/513/3 1352/510/3
f 1350/583/3 1353/584/3 1351/513/3
f 1354/584/6 1355/510/6 1356/513/6
f 1354/584/6 1357/583/6 1355/510/6
f 1358/585/471 1359/566/471 1360/565/471
f 1358/585/471 1361/586/471 1359/566/471
f 1362/585/467 1363/587/467 1364/586/467
f 1362/585/467 1365/588/467 1363/587/467
f 1366/566/427 1367/468/427 1368/565/427
f 1366/566/427 1369/470/427 1367/468/427
f 1370/572/205 1371/573/205 1372/574/205
f 1370/572/205 1373/575/205 1371/573/205
f 1373/575/205 1370/572/205 1374/576/205
f 1375/575/204 1376/574/204 1377/573/204
f 1375/575/204 1378/572/204 1376/574/204
f 1378/572/204 1375/575/204 1379/576/204
f 1380/589/472 1381/590/473 1382/591/473
f 1380/589/472 1382/591/473 1383/592/474
f 1384/593/475 1380/589/472 1383/592/474
f 1384/593/475 1383/592/474 1385/594/476
f 1386/595/477 1384/593/475 1385/594/476
f 1386/595/477 1385/594/476 1387/596/478
f 1387/596/478 1388/597/479 1386/595/477
f 1387/596/478 1389/598/479 1388/597/479
f 1388/597/479 1389/598/479 1390/599/480
f 1388/597/479 1390/599/480 1391/600/480
f 1392/601/481 1391/600/480 1390/599/480
f 1392/601/481 1390/599/480 1393/602/482
f 1394/603/483 1392/601/481 1393/602/482
f 1394/603/483 1393/602/482 1395/604/484
f 1396/605/485 1394/603/483 1395/604/484
f 1396/605/485 1395/604/484 1397/606/486
f 1398/607/487 1396/605/485 1397/606/486
f 1398/607/487 1397/606/486 1399/608/488
f 1400/609/489 1398/607/487 1399/608/488
f 1400/609/489 1399/608/488 1401/610/425
f 1402/611/490 1400/609/489 1401/610/425
f 1402/611/490 1401/610/425 1403/612/491
f 1404/613/492 1402/611/490 1403/612/491
f 1404/613/492 1403/612/491 1405/614/493
f 1406/615/494 1404/613/492 1405/614/493
f 1406/615/494 1405/614/493 1407/616/487
f 1408/617/495 1406/615/494 1407/616/487
f 1408/617/495 1407/616/487 1409/618/496
f 1410/619/468 1408/617/495 1409/618/496
f 1410/619/468 1409/618/496 1411/620/497
f 1412/621/498 1410/619/468 1411/620/497
f 1412/621/498 1411/620/497 1413/622/499
f 1413/622/499 1414/623/500 1412/621/498
f 1413/622/499 1415/624/501 1414/623/500
f 1416/625/502 1414/623/500 1415/624/501
f 1416/625/502 1415/624/501 1417/626/503
f 1418/627/504 1416/625/502 1417/626/503
f 1418/627/504 1417/626/503 1419/628/505
f 1420/629/506 1418/627/504 1419/628/505
f 1420/629/506 1419/628/505 1421/630/507
f 1422/631/508 1420/629/506 1421/630/507
f 1422/631/508 1421/630/507 1423/632/509
f 1424/633/510 1422/631/508 1423/632/509
f 1424/633/510 1423/632/509 1425/634/511
f 1426/635/512 1424/633/510 1425/634/511
f 1426/635/512 1425/634/511 1427/636/513
f 1428/637/514 1426/635/512 1427/636/513
f 1428/637/514 1427/636/513 1429/638/515
f 1430/639/516 1428/637/514 1429/638/515
f 1430/639/516 1429/638/515 1431/640/517
f 1432/641/518 1430/639/516 1431/640/517
f 1432/641/518 1431/640/517 1433/642/519
f 1434/643/520 1432/641/518 1433/642/519
f 1434/643/520 1433/642/519 1435/644/521
f 1436/645/522 1434/643/520 1435/644/521
f 1436/645/522 1435/644/521 1437/646/523
f 1438/410/524 1436/645/522 1437/646/523
f 1438/410/524 1437/646/523 1439/408/524
f 1440/647/427 1441/648/427 1442/649/427
f 1440/647/427 1442/649/427 1443/650/427
f 1444/651/427 1440/647/427 1443/650/427
f 1445/652/427 1440/647/427 1444/651/427
f 1446/653/427 1440/647/427 1445/652/427
f 1447/654/427 1440/647/427 1446/653/427
f 1448/655/427 1440/647/427 1447/654/427
f 1449/656/427 1440/647/427 1448/655/427
f 1450/657/427 1440/647/427 1449/656/427
f 1451/658/427 1440/647/427 1450/657/427
f 1452/659/427 1440/647/427 1451/658/427
f 1453/660/427 1440/647/427 1452/659/427
f 1454/661/427 1440/647/427 1453/660/427
f 1440/647/427 1454/661/427 1455/662/427
f 1440/647/427 1455/662/427 1456/663/427
f 1456/663/427 1455/662/427 1457/664/427
f 1456/663/427 1457/664/427 1458/665/427
f 1458/665/427 1457/664/427 1459/666/427
f 1458/665/427 1459/666/427 1460/667/427
f 1460/667/427 1459/666/427 1461/668/427
f 1460/667/427 1461/668/427 1462/669/427
f 1462/669/427 1461/668/427 1463/670/427
f 1463/670/427 1461/668/427 1464/671/427
f 1463/670/427 1464/671/427 1465/672/427
f 1465/672/427 1464/671/427 1466/673/427
f 1465/672/427 1466/673/427 1467/674/427
f 1467/674/427 1466/673/427 1468/675/427
f 1467/674/427 1468/675/427 1469/676/427
f 1469/676/427 1468/675/427 1470/677/427
f 1469/676/427 1470/677/427 1471/678/427
f 1472/679/427 1471/678/427 1470/677/427
f 1472/679/427 1470/677/427 1473/680/427
f 1474/681/205 1475/682/205 1476/683/525
f 1474/681/205 1476/683/525 1477/684/525
f 1477/684/525 1476/683/525 1478/685/525
f 1478/685/525 1476/683/525 1479/686/525
f 1478/685/525 1479/686/525 1480/687/205
f 1481/688/526 1482/689/527 1483/690/526
f 1481/688/526 1484/691/528 1482/689/527
f 1484/691/528 1485/692/529 1482/689/527
f 1486/693/530 1482/689/527 1485/692/529
f 1487/690/531 1482/689/527 1486/693/530
f 1487/690/531 1486/693/530 1488/694/531
f 1489/690/531 1488/694/531 1486/693/530
f 1489/690/531 1486/693/530 1490/689/532
f 1484/691/528 1491/695/533 1485/692/529
f 1492/696/534 1485/692/529 1491/695/533
f 1492/696/534 1493/697/535 1485/692/529
f 1486/693/530 1485/692/529 1493/697/535
f 1490/689/532 1486/693/530 1493/697/535
f 1490/689/532 1493/697/535 1494/692/536
f 1495/691/537 1490/689/532 1494/692/536
f 1496/688/538 1490/689/532 1495/691/537
f 1496/688/538 1497/690/538 1490/689/532
f 1484/691/528 1492/696/534 1491/695/533
f 1484/691/528 1498/698/539 1492/696/534
f 1498/698/539 1499/695/540 1492/696/534
f 1492/696/534 1499/695/540 1494/692/536
f 1492/696/534 1494/692/536 1493/697/535
f 1500/699/541 1498/698/539 1484/691/528
f 1500/699/541 1495/691/537 1498/698/539
f 1498/698/539 1495/691/537 1499/695/540
f 1495/691/537 1494/692/536 1499/695/540
f 1500/699/541 1484/691/528 1501/688/541
f 1500/699/541 1502/688/541 1495/691/537
f 1503/19/204 1504/20/204 1505/17/204
f 1503/19/204 1506/18/204 1504/20/204
f 1507/19/204 1508/20/204 1509/17/204
f 1507/19/204 1510/18/204 1508/20/204
f 1511/700/427 1512/701/427 1513/702/427
f 1511/700/427 1514/703/427 1512/701/427
f 1511/700/427 1515/704/427 1514/703/427
f 1511/700/427 1516/705/427 1515/704/427
f 1511/700/427 1517/706/427 1516/705/427
f 1511/700/427 1513/702/427 1517/706/427
f 1518/700/427 1519/701/427 1520/702/427
f 1518/700/427 1521/703/427 1519/701/427
f 1518/700/427 1522/704/427 1521/703/427
f 1518/700/427 1523/705/427 1522/704/427
f 1518/700/427 1524/706/427 1523/705/427
f 1518/700/427 1520/702/427 1524/706/427
f 1525/707/542 1526/708/543 1527/709/544
f 1528/710/545 1526/708/543 1525/707/542
f 1528/710/545 1529/710/546 1526/708/543
f 1529/710/546 1528/710/545 1530/711/547
f 1529/710/546 1530/711/547 1531/711/548
f 1532/712/549 1531/711/548 1530/711/547
f 1532/712/549 1533/713/550 1531/711/548
f 1525/707/542 1527/709/544 1534/714/551
f 1535/715/552 1525/707/542 1534/714/551
f 1536/714/553 1525/707/542 1535/715/552
f 1536/714/553 1528/710/545 1525/707/542
f 1537/716/554 1528/710/545 1536/714/553
f 1537/716/554 1530/711/547 1528/710/545
f 1538/717/555 1530/711/547 1537/716/554
f 1538/717/555 1532/712/549 1530/711/547
f 1539/718/556 1534/714/551 1527/709/544
f 1539/718/556 1540/716/557 1534/714/551
f 1540/716/557 1541/719/558 1534/714/551
f 1535/715/552 1534/714/551 1541/719/558
f 1542/720/559 1535/715/552 1541/719/558
f 1543/721/560 1535/715/552 1542/720/559
f 1543/721/560 1536/714/553 1535/715/552
f 1544/722/561 1536/714/553 1543/721/560
f 1544/722/561 1537/716/554 1536/714/553
f 1545/723/562 1537/716/554 1544/722/561
f 1545/723/562 1538/717/555 1537/716/554
f 1540/716/557 1539/718/556 1533/713/550
f 1540/716/557 1533/713/550 1532/712/549
f 1546/724/563 1540/716/557 1532/712/549
f 1540/716/557 1546/724/563 1541/719/558
f 1546/724/563 1547/725/564 1541/719/558
f 1542/720/559 1541/719/558 1547/725/564
f 1548/726/565 1542/720/559 1547/725/564
f 1549/721/566 1542/720/559 1548/726/565
f 1549/721/566 1543/721/560 1542/720/559
f 1550/727/567 1543/721/560 1549/721/566
f 1550/727/567 1544/722/561 1543/721/560
f 1551/728/568 1544/722/561 1550/727/567
f 1551/728/568 1545/723/562 1544/722/561
f 1546/724/563 1532/712/549 1538/717/555
f 1552/729/569 1546/724/563 1538/717/555
f 1546/724/563 1552/729/569 1547/725/564
f 1552/729/569 1553/730/570 1547/725/564
f 1548/726/565 1547/725/564 1553/730/570
f 1554/726/571 1548/726/565 1553/730/570
f 1555/731/572 1548/726/565 1554/726/571
f 1555/731/572 1549/721/566 1548/726/565
f 1556/732/573 1549/721/566 1555/731/572
f 1556/732/573 1550/727/567 1549/721/566
f 1557/733/574 1550/727/567 1556/732/573
f 1557/733/574 1551/728/568 1550/727/567
f 1552/729/569 1538/717/555 1545/723/562
f 1558/734/575 1552/729/569 1545/723/562
f 1552/729/569 1558/734/575 1553/730/570
f 1559/735/576 1553/730/570 1558/734/575
f 1554/726/571 1553/730/570 1559/735/576
f 1560/736/577 1554/726/571 1559/735/576
f 1560/736/577 1557/733/574 1554/726/571
f 1556/732/573 1554/726/571 1557/733/574
f 1556/732/573 1555/731/572 1554/726/571
f 1558/734/575 1545/723/562 1551/728/568
f 1560/736/577 1558/734/575 1551/728/568
f 1559/735/576 1558/734/575 1560/736/577
f 1560/736/577 1551/728/568 1557/733/574
f 1561/737/578 1562/738/579 1563/739/580
f 1562/738/579 1564/740/581 1563/739/580
f 1563/739/580 1564/740/581 1565/741/582
f 1563/739/580 1565/741/582 1566/742/583
f 1567/741/584 1563/739/580 1566/742/583
f 1561/737/578 1563/739/580 1567/741/584
f 1568/718/585 1561/737/578 1567/741/584
f 1568/718/585 1567/741/584 1569/716/586
f 1570/743/587 1568/718/585 1569/716/586
f 1562/738/579 1571/740/588 1564/740/581
f 1571/740/588 1572/711/589 1564/740/581
f 1564/740/581 1572/711/589 1573/716/590
f 1564/740/581 1573/716/590 1565/741/582
f 1565/741/582 1573/716/590 1574/744/591
f 1565/741/582 1574/744/591 1575/727/592
f 1566/742/583 1565/741/582 1575/727/592
f 1566/742/583 1575/727/592 1576/745/593
f 1577/746/594 1566/742/583 1576/745/593
f 1567/741/584 1566/742/583 1577/746/594
f 1569/716/586 1567/741/584 1577/746/594
f 1571/740/588 1578/711/595 1572/711/589
f 1578/711/595 1579/747/596 1572/711/589
f 1572/711/589 1579/747/596 1580/748/597
f 1572/711/589 1580/748/597 1573/716/590
f 1573/716/590 1580/748/597 1581/749/598
f 1573/716/590 1581/749/598 1574/744/591
f 1574/744/591 1581/749/598 1582/726/599
f 1574/744/591 1582/726/599 1583/721/600
f 1575/727/592 1574/744/591 1583/721/600
f 1575/727/592 1583/721/600 1584/727/601
f 1576/745/593 1575/727/592 1584/727/601
f 1578/711/595 1570/743/587 1579/747/596
f 1570/743/587 1569/716/586 1579/747/596
f 1579/747/596 1569/716/586 1585/724/602
f 1579/747/596 1585/724/602 1580/748/597
f 1580/748/597 1585/724/602 1586/750/603
f 1580/748/597 1586/750/603 1581/749/598
f 1581/749/598 1586/750/603 1587/730/604
f 1581/749/598 1587/730/604 1582/726/599
f 1582/726/599 1587/730/604 1588/736/605
f 1582/726/599 1588/736/605 1589/751/606
f 1583/721/600 1582/726/599 1589/751/606
f 1583/721/600 1589/751/606 1590/732/607
f 1584/727/601 1583/721/600 1590/732/607
f 1569/716/586 1577/746/594 1585/724/602
f 1585/724/602 1577/746/594 1591/752/608
f 1585/724/602 1591/752/608 1586/750/603
f 1586/750/603 1591/752/608 1592/734/609
f 1586/750/603 1592/734/609 1587/730/604
f 1587/730/604 1592/734/609 1593/753/610
f 1587/730/604 1593/753/610 1588/736/605
f 1594/754/611 1588/736/605 1593/753/610
f 1594/754/611 1589/751/606 1588/736/605
f 1594/754/611 1590/732/607 1589/751/606
f 1594/754/611 1595/755/612 1590/732/607
f 1584/727/601 1590/732/607 1595/755/612
f 1577/746/594 1576/745/593 1591/752/608
f 1591/752/608 1576/745/593 1596/728/613
f 1591/752/608 1596/728/613 1592/734/609
f 1592/734/609 1596/728/613 1594/754/611
f 1592/734/609 1594/754/611 1593/753/610
f 1576/745/593 1584/727/601 1596/728/613
f 1596/728/613 1584/727/601 1595/755/612
f 1596/728/613 1595/755/612 1594/754/611
f 1597/756/578 1598/757/579 1599/758/580
f 1598/757/579 1600/759/581 1599/758/580
f 1599/758/580 1600/759/581 1601/760/614
f 1599/758/580 1601/760/614 1602/761/615
f 1603/760/584 1599/758/580 1602/761/615
f 1597/756/578 1599/758/580 1603/760/584
f 1604/737/585 1597/756/578 1603/760/584
f 1604/737/585 1603/760/584 1605/741/586
f 1606/713/587 1604/737/585 1605/741/586
f 1598/757/579 1607/759/588 1600/759/581
f 1607/759/588 1608/740/589 1600/759/581
f 1600/759/581 1608/740/589 1609/741/616
f 1600/759/581 1609/741/616 1601/760/614
f 1601/760/614 1609/741/616 1610/762/617
f 1601/760/614 1610/762/617 1611/727/618
f 1602/761/615 1601/760/614 1611/727/618
f 1602/761/615 1611/727/618 1612/763/619
f 1613/764/620 1602/761/615 1612/763/619
f 1603/760/584 1602/761/615 1613/764/620
f 1605/741/586 1603/760/584 1613/764/620
f 1607/759/588 1614/740/595 1608/740/589
f 1614/740/595 1615/712/596 1608/740/589
f 1608/740/589 1615/712/596 1616/717/621
f 1608/740/589 1616/717/621 1609/741/616
f 1609/741/616 1616/717/621 1617/765/622
f 1609/741/616 1617/765/622 1610/762/617
f 1610/762/617 1617/765/622 1618/726/623
f 1610/762/617 1618/726/623 1619/721/624
f 1611/727/618 1610/762/617 1619/721/624
f 1611/727/618 1619/721/624 1620/727/625
f 1612/763/619 1611/727/618 1620/727/625
f 1614/740/595 1606/713/587 1615/712/596
f 1606/713/587 1605/741/586 1615/712/596
f 1615/712/596 1605/741/586 1621/746/626
f 1615/712/596 1621/746/626 1616/717/621
f 1616/717/621 1621/746/626 1622/766/627
f 1616/717/621 1622/766/627 1617/765/622
f 1617/765/622 1622/766/627 1623/730/628
f 1617/765/622 1623/730/628 1618/726/623
f 1618/726/623 1623/730/628 1624/753/629
f 1618/726/623 1624/753/629 1625/767/630
f 1619/721/624 1618/726/623 1625/767/630
f 1619/721/624 1625/767/630 1626/755/631
f 1620/727/625 1619/721/624 1626/755/631
f 1605/741/586 1613/764/620 1621/746/626
f 1621/746/626 1613/764/620 1627/768/632
f 1621/746/626 1627/768/632 1622/766/627
f 1622/766/627 1627/768/632 1628/734/633
f 1622/766/627 1628/734/633 1623/730/628
f 1623/730/628 1628/734/633 1629/769/634
f 1623/730/628 1629/769/634 1624/753/629
f 1630/728/635 1624/753/629 1629/769/634
f 1630/728/635 1625/767/630 1624/753/629
f 1630/728/635 1626/755/631 1625/767/630
f 1630/728/635 1631/770/636 1626/755/631
f 1620/727/625 1626/755/631 1631/770/636
f 1613/764/620 1612/763/619 1627/768/632
f 1627/768/632 1612/763/619 1632/728/637
f 1627/768/632 1632/728/637 1628/734/633
f 1628/734/633 1632/728/637 1630/728/635
f 1628/734/633 1630/728/635 1629/769/634
f 1612/763/619 1620/727/625 1632/728/637
f 1632/728/637 1620/727/625 1631/770/636
f 1632/728/637 1631/770/636 1630/728/635
# 658 triangles in group

g surface
usemtl GFX
f 107/13/6 108/11/6 109/10/6
f 107/13/6 110/16/6 108/11/6
f 111/11/6 112/13/6 113/10/6
f 111/11/6 114/16/6 112/13/6
f 115/13/6 114/16/6 111/11/6
f 115/13/6 111/11/6 116/10/6
f 117/39/3 118/40/3 119/40/3
f 117/39/3 120/39/3 118/40/3
f 121/40/3 120/39/3 117/39/3
f 121/40/3 122/40/3 120/39/3
f 123/39/2 124/40/2 125/40/2
f 123/39/2 126/41/2 124/40/2
f 123/39/2 127/42/2 126/41/2
f 128/40/2 127/42/2 123/39/2
f 128/40/2 129/41/2 127/42/2
f 128/40/2 130/40/2 129/41/2
f 131/43/11 132/43/11 133/44/11
f 131/43/11 133/44/11 134/44/11
f 134/44/11 133/44/11 135/43/11
f 134/44/11 135/43/11 136/43/11
f 137/41/3 138/43/3 139/44/3
f 137/41/3 139/44/3 140/42/3
f 141/43/3 140/42/3 139/44/3
f 141/43/3 142/41/3 140/42/3
f 143/42/1 144/41/1 145/41/1
f 143/42/1 146/42/1 144/41/1
f 147/41/1 146/42/1 143/42/1
f 147/41/1 143/42/1 148/41/1
f 149/39/1 150/41/1 151/40/1
f 149/39/1 152/42/1 150/41/1
f 153/41/1 152/42/1 149/39/1
f 153/41/1 149/39/1 154/40/1
f 155/43/12 156/41/12 157/42/12
f 155/43/12 157/42/12 158/44/12
f 158/44/12 157/42/12 159/41/12
f 158/44/12 159/41/12 160/43/12
f 161/11/6 162/13/6 163/10/6
f 161/11/6 164/16/6 162/13/6
f 165/45/2 166/46/2 167/46/2
f 168/47/2 166/46/2 165/45/2
f 165/45/2 169/48/2 168/47/2
f 170/49/2 169/48/2 165/45/2
f 171/50/2 170/49/2 165/45/2
f 165/45/2 172/51/2 171/50/2
f 173/52/2 172/51/2 165/45/2
f 174/53/2 173/52/2 165/45/2
f 165/45/2 175/54/2 174/53/2
f 165/45/2 176/55/2 175/54/2
f 177/56/2 176/55/2 165/45/2
f 178/57/2 177/56/2 165/45/2
f 165/45/2 179/58/2 178/57/2
f 165/45/2 180/59/2 179/58/2
f 180/59/2 181/60/2 179/58/2
f 180/59/2 182/61/2 181/60/2
f 182/61/2 183/62/2 181/60/2
f 182/61/2 184/63/2 183/62/2
f 184/63/2 185/64/2 183/62/2
f 165/45/2 186/45/2 180/59/2
f 184/63/2 187/65/2 185/64/2
f 185/64/2 187/65/2 188/66/2
f 188/66/2 189/67/2 185/64/2
f 188/66/2 190/68/2 189/67/2
f 188/66/2 191/69/2 190/68/2
f 191/69/2 192/70/2 190/68/2
f 190/68/2 192/70/2 193/71/2
f 190/68/2 193/71/2 194/72/2
f 193/71/2 195/73/2 194/72/2
f 193/71/2 196/74/2 195/73/2
f 197/75/2 195/73/2 196/74/2
f 197/75/2 198/76/2 195/73/2
f 199/77/1 200/78/1 201/79/1
f 202/80/1 200/78/1 199/77/1
f 202/80/1 203/81/1 200/78/1
f 204/82/1 203/81/1 202/80/1
f 204/82/1 205/83/1 203/81/1
f 206/84/1 205/83/1 204/82/1
f 207/85/1 205/83/1 206/84/1
f 207/85/1 208/86/1 205/83/1
f 209/87/1 208/86/1 207/85/1
f 210/88/1 208/86/1 209/87/1
f 210/88/1 211/89/1 208/86/1
f 210/88/1 212/90/1 211/89/1
f 210/88/1 213/91/1 212/90/1
f 214/92/1 213/91/1 210/88/1
f 214/92/1 210/88/1 215/93/1
f 214/92/1 215/93/1 216/94/1
f 216/94/1 215/93/1 217/95/1
f 217/95/1 215/93/1 218/96/1
f 217/95/1 218/96/1 219/97/1
f 219/97/1 218/96/1 220/98/1
f 219/97/1 220/98/1 221/99/1
f 219/97/1 221/99/1 222/100/1
f 222/100/1 221/99/1 223/101/1
f 223/101/1 221/99/1 224/102/1
f 224/102/1 221/99/1 225/103/1
f 225/103/1 221/99/1 226/104/1
f 226/104/1 221/99/1 227/105/1
f 227/105/1 221/99/1 228/106/1
f 228/106/1 221/99/1 229/107/1
f 229/107/1 221/99/1 230/108/1
f 230/108/1 221/99/1 231/109/1
f 230/108/1 231/109/1 232/110/1
f 233/111/13 234/57/13 235/57/13
f 233/111/13 236/111/13 234/57/13
f 237/112/14 238/57/14 239/111/14
f 237/112/14 240/113/14 238/57/14
f 241/111/15 242/111/15 243/111/15
f 241/111/15 244/111/15 242/111/15
f 245/112/16 246/111/16 247/112/16
f 245/112/16 248/111/16 246/111/16
f 249/111/17 250/112/17 251/111/17
f 249/111/17 252/112/17 250/112/17
f 253/111/18 254/111/18 255/111/19
f 253/111/18 256/111/20 254/111/18
f 257/111/21 258/57/21 259/57/21
f 257/111/21 260/111/21 258/57/21
f 261/57/22 262/112/22 263/111/22
f 261/57/22 264/113/22 262/112/22
f 265/114/23 266/115/23 267/116/23
f 265/114/23 268/117/23 266/115/23
f 269/118/24 270/116/24 271/119/24
f 269/118/24 272/114/24 270/116/24
f 273/120/25 274/119/25 275/121/25
f 273/120/25 276/118/25 274/119/25
f 277/122/6 278/121/6 279/123/6
f 277/122/6 280/120/6 278/121/6
f 281/117/26 282/124/26 283/115/26
f 281/117/26 284/125/26 282/124/26
f 285/118/23 286/116/23 287/119/23
f 285/118/23 288/114/23 286/116/23
f 289/120/24 290/119/24 291/121/24
f 289/120/24 292/118/24 290/119/24
f 293/122/25 294/121/25 295/123/25
f 293/122/25 296/120/25 294/121/25
f 297/117/6 298/124/6 299/115/6
f 297/117/6 300/125/6 298/124/6
f 301/114/26 302/115/26 303/116/26
f 301/114/26 304/117/26 302/115/26
f 305/118/23 306/116/23 307/119/23
f 305/118/23 308/114/23 306/116/23
f 309/120/24 310/119/24 311/121/24
f 309/120/24 312/118/24 310/119/24
f 313/122/25 314/121/25 315/123/25
f 313/122/25 316/120/25 314/121/25
f 317/117/6 318/124/6 319/115/6
f 317/117/6 320/125/6 318/124/6
f 321/114/26 322/115/26 323/116/26
f 321/114/26 324/117/26 322/115/26
f 325/126/27 326/127/28 327/128/27
f 325/126/27 328/129/29 326/127/28
f 328/129/29 329/130/30 326/127/28
f 328/129/29 330/131/31 329/130/30
f 330/131/31 331/132/32 329/130/30
f 330/131/31 332/133/33 331/132/32
f 332/133/33 333/134/34 331/132/32
f 332/133/33 334/135/35 333/134/34
f 334/135/35 335/136/36 333/134/34
f 334/135/35 336/137/37 335/136/36
f 336/137/37 337/138/38 335/136/36
f 336/137/37 338/139/39 337/138/38
f 338/139/39 339/140/40 337/138/38
f 338/139/39 340/141/41 339/140/40
f 340/141/41 341/142/42 339/140/40
f 340/141/41 342/143/43 341/142/42
f 342/143/43 343/144/44 341/142/42
f 342/143/43 344/145/45 343/144/44
f 344/145/45 345/146/46 343/144/44
f 344/145/45 346/147/47 345/146/46
f 346/147/47 347/148/48 345/146/46
f 346/147/47 348/149/49 347/148/48
f 348/149/49 349/150/50 347/148/48
f 348/149/49 350/151/50 349/150/50
f 351/126/51 352/127/44 353/128/51
f 351/126/51 354/129/45 352/127/44
f 354/129/45 355/130/46 352/127/44
f 354/129/45 356/131/47 355/130/46
f 356/131/47 357/132/48 355/130/46
f 356/131/47 358/133/49 357/132/48
f 358/133/49 359/134/52 357/132/48
f 358/133/49 360/135/53 359/134/52
f 360/135/53 361/136/28 359/134/52
f 360/135/53 362/137/29 361/136/28
f 362/137/29 363/138/30 361/136/28
f 362/137/29 364/139/31 363/138/30
f 364/139/31 365/140/32 363/138/30
f 364/139/31 366/141/33 365/140/32
f 366/141/33 367/142/34 365/140/32
f 366/141/33 368/143/35 367/142/34
f 368/143/35 369/144/36 367/142/34
f 368/143/35 370/145/37 369/144/36
f 370/145/37 371/146/38 369/144/36
f 370/145/37 372/147/39 371/146/38
f 372/147/39 373/148/40 371/146/38
f 372/147/39 374/149/41 373/148/40
f 374/149/41 375/150/54 373/148/40
f 374/149/41 376/151/54 375/150/54
f 377/152/55 378/101/56 379/153/57
f 377/152/55 380/100/58 378/101/56
f 381/154/59 380/100/58 377/152/55
f 381/154/59 382/97/60 380/100/58
f 383/155/61 382/97/60 381/154/59
f 383/155/61 384/95/62 382/97/60
f 385/156/63 384/95/62 383/155/61
f 385/156/63 386/94/64 384/95/62
f 386/94/64 385/156/63 387/157/64
f 386/94/64 387/157/64 388/92/65
f 388/92/65 387/157/64 389/158/66
f 388/92/65 389/158/66 390/91/67
f 390/91/67 389/158/66 391/159/68
f 390/91/67 391/159/68 392/90/69
f 392/90/69 391/159/68 393/160/70
f 392/90/69 393/160/70 394/89/71
f 394/89/71 393/160/70 395/161/72
f 394/89/71 395/161/72 396/86/73
f 396/86/73 395/161/72 397/162/74
f 396/86/73 397/162/74 398/83/75
f 398/83/75 397/162/74 399/163/76
f 398/83/75 399/163/76 400/81/77
f 400/81/77 399/163/76 401/164/78
f 400/81/77 401/164/78 402/78/79
f 403/165/80 402/78/79 401/164/78
f 403/165/80 404/79/81 402/78/79
f 405/166/82 404/79/81 403/165/80
f 405/166/82 406/77/83 404/79/81
f 407/167/84 406/77/83 405/166/82
f 407/167/84 408/80/85 406/77/83
f 409/168/86 408/80/85 407/167/84
f 409/168/86 410/82/87 408/80/85
f 411/169/88 410/82/87 409/168/86
f 411/169/88 412/84/89 410/82/87
f 413/170/90 412/84/89 411/169/88
f 413/170/90 414/85/91 412/84/89
f 415/171/92 414/85/91 413/170/90
f 415/171/92 416/87/93 414/85/91
f 417/172/94 416/87/93 415/171/92
f 417/172/94 418/88/95 416/87/93
f 419/173/96 418/88/95 417/172/94
f 419/173/96 420/93/97 418/88/95
f 421/174/98 420/93/97 419/173/96
f 421/174/98 422/96/99 420/93/97
f 422/96/99 421/174/98 423/175/100
f 422/96/99 423/175/100 424/98/101
f 424/98/101 423/175/100 425/176/102
f 424/98/101 425/176/102 426/99/103
f 426/99/103 425/176/102 427/177/104
f 426/99/103 427/177/104 428/109/105
f 429/178/106 428/109/105 427/177/104
f 429/178/106 430/110/107 428/109/105
f 431/179/108 430/110/107 429/178/106
f 431/179/108 432/108/109 430/110/107
f 433/180/110 432/108/109 431/179/108
f 433/180/110 434/107/111 432/108/109
f 435/181/112 434/107/111 433/180/110
f 435/181/112 436/106/113 434/107/111
f 437/182/114 436/106/113 435/181/112
f 437/182/114 438/105/115 436/106/113
f 439/183/116 438/105/115 437/182/114
f 439/183/116 440/104/117 438/105/115
f 441/184/118 440/104/117 439/183/116
f 441/184/118 442/103/119 440/104/117
f 443/185/120 442/103/119 441/184/118
f 443/185/120 444/102/121 442/103/119
f 379/153/57 444/102/121 443/185/120
f 379/153/57 378/101/56 444/102/121
f 445/186/122 446/152/123 447/153/122
f 445/186/122 448/187/124 446/152/123
f 448/187/124 449/154/125 446/152/123
f 448/187/124 450/188/126 449/154/125
f 450/188/126 451/155/127 449/154/125
f 450/188/126 452/189/128 451/155/127
f 452/189/128 453/156/129 451/155/127
f 454/185/130 445/186/122 447/153/122
f 454/185/130 455/190/131 445/186/122
f 456/191/132 455/190/131 454/185/130
f 456/191/132 454/185/130 457/184/133
f 458/192/134 456/191/132 457/184/133
f 458/192/134 457/184/133 459/183/134
f 460/182/135 458/192/134 459/183/134
f 460/182/135 461/193/136 458/192/134
f 462/194/137 461/193/136 460/182/135
f 462/194/137 460/182/135 463/181/138
f 464/195/139 462/194/137 463/181/138
f 464/195/139 463/181/138 465/180/140
f 466/179/141 464/195/139 465/180/140
f 466/179/141 467/196/142 464/195/139
f 468/178/143 467/196/142 466/179/141
f 468/178/143 469/197/144 467/196/142
f 470/177/145 469/197/144 468/178/143
f 470/177/145 471/198/146 469/197/144
f 472/199/147 471/198/146 470/177/145
f 472/199/147 470/177/145 473/176/147
f 474/175/148 472/199/147 473/176/147
f 474/175/148 475/200/149 472/199/147
f 476/174/150 475/200/149 474/175/148
f 476/174/150 477/201/151 475/200/149
f 478/202/152 477/201/151 476/174/150
f 478/202/152 476/174/150 479/173/153
f 480/203/154 478/202/152 479/173/153
f 480/203/154 479/173/153 481/172/155
f 482/204/156 480/203/154 481/172/155
f 482/204/156 481/172/155 483/171/156
f 484/170/157 482/204/156 483/171/156
f 484/170/157 485/205/157 482/204/156
f 486/206/158 485/205/157 484/170/157
f 486/206/158 484/170/157 487/169/159
f 488/207/160 486/206/158 487/169/159
f 488/207/160 487/169/159 489/168/160
f 490/167/161 488/207/160 489/168/160
f 490/167/161 491/208/161 488/207/160
f 492/209/162 491/208/161 490/167/161
f 492/209/162 490/167/161 493/166/163
f 494/210/164 492/209/162 493/166/163
f 494/210/164 493/166/163 495/165/165
f 496/211/166 494/210/164 495/165/165
f 496/211/166 495/165/165 497/164/167
f 498/212/168 496/211/166 497/164/167
f 498/212/168 497/164/167 499/163/169
f 500/213/170 498/212/168 499/163/169
f 500/213/170 499/163/169 501/162/171
f 502/214/172 500/213/170 501/162/171
f 502/214/172 501/162/171 503/161/173
f 504/215/174 502/214/172 503/161/173
f 504/215/174 503/161/173 505/160/174
f 506/159/175 504/215/174 505/160/174
f 506/159/175 507/216/176 504/215/174
f 508/217/177 507/216/176 506/159/175
f 508/217/177 506/159/175 509/158/178
f 510/218/179 508/217/177 509/158/178
f 510/218/179 509/158/178 511/157/180
f 512/219/181 510/218/179 511/157/180
f 512/219/181 511/157/180 453/156/129
f 452/189/128 512/219/181 453/156/129
f 513/220/182 514/221/182 515/222/182
f 514/221/182 516/223/182 515/222/182
f 516/223/182 517/224/182 515/222/182
f 517/224/182 518/225/182 515/222/182
f 518/225/182 513/220/182 515/222/182
f 519/220/182 520/221/182 521/222/182
f 520/221/182 522/223/182 521/222/182
f 522/223/182 523/224/182 521/222/182
f 523/224/182 524/225/182 521/222/182
f 524/225/182 519/220/182 521/222/182
f 525/220/182 526/221/182 527/222/182
f 526/221/182 528/223/182 527/222/182
f 528/223/182 529/224/182 527/222/182
f 529/224/182 530/225/182 527/222/182
f 530/225/182 525/220/182 527/222/182
f 531/226/183 532/227/183 533/228/183
f 532/227/183 534/229/183 533/228/183
f 534/229/183 535/230/183 533/228/183
f 535/230/183 536/231/183 533/228/183
f 536/231/183 537/232/183 533/228/183
f 537/232/183 538/233/183 533/228/183
f 538/233/183 539/234/183 533/228/183
f 539/234/183 540/235/183 533/228/183
f 540/235/183 541/236/183 533/228/183
f 541/236/183 542/237/183 533/228/183
f 542/237/183 543/238/183 533/228/183
f 543/238/183 531/226/183 533/228/183
f 544/226/183 545/227/183 546/228/183
f 545/227/183 547/229/183 546/228/183
f 547/229/183 548/230/183 546/228/183
f 548/230/183 549/231/183 546/228/183
f 549/231/183 550/232/183 546/228/183
f 550/232/183 551/233/183 546/228/183
f 551/233/183 552/234/183 546/228/183
f 552/234/183 553/235/183 546/228/183
f 553/235/183 554/236/183 546/228/183
f 554/236/183 555/237/183 546/228/183
f 555/237/183 556/238/183 546/228/183
f 556/238/183 544/226/183 546/228/183
f 615/281/209 616/282/209 617/283/209
f 616/282/209 618/281/209 619/283/209
f 620/284/204 621/285/204 622/286/204
f 620/284/204 623/287/204 621/285/204
f 620/284/204 624/288/210 623/287/204
f 620/284/204 625/289/210 624/288/210
f 624/288/210 625/289/210 626/290/211
f 624/288/210 626/290/211 627/291/212
f 627/291/212 626/290/211 628/292/213
f 627/291/212 628/292/213 629/293/214
f 630/294/215 629/293/214 628/292/213
f 630/294/215 631/295/216 629/293/214
f 632/296/217 631/295/216 630/294/215
f 632/296/217 633/297/218 631/295/216
f 633/297/218 632/296/217 634/298/219
f 633/297/218 634/298/219 635/299/220
f 636/300/221 635/299/220 634/298/219
f 636/300/221 637/301/222 635/299/220
f 638/302/223 637/301/222 636/300/221
f 638/302/223 639/303/223 637/301/222
f 640/304/224 641/282/225 642/281/224
f 643/305/224 641/282/225 640/304/224
f 644/306/224 641/282/225 643/305/224
f 645/307/226 641/282/225 644/306/224
f 646/308/227 641/282/225 645/307/226
f 647/309/225 641/282/225 646/308/227
f 648/310/228 641/282/225 647/309/225
f 649/311/228 641/282/225 648/310/228
f 650/312/228 641/282/225 649/311/228
f 651/313/228 641/282/225 650/312/228
f 652/314/228 641/282/225 651/313/228
f 652/314/228 653/313/228 641/282/225
f 641/282/225 653/313/228 654/312/228
f 641/282/225 654/312/228 655/311/228
f 641/282/225 655/311/228 656/310/228
f 641/282/225 656/310/228 657/309/225
f 641/282/225 657/309/225 658/308/225
f 641/282/225 658/308/225 659/307/229
f 641/282/225 659/307/229 660/306/229
f 641/282/225 660/306/229 661/305/229
f 641/282/225 661/305/229 662/304/230
f 641/282/225 662/304/230 663/281/230
f 647/309/225 646/308/227 664/315/225
f 647/309/225 664/315/225 665/316/225
f 665/316/225 664/315/225 666/317/225
f 665/316/225 666/317/225 667/318/225
f 658/308/225 657/309/225 668/316/225
f 658/308/225 668/316/225 669/315/227
f 669/315/227 668/316/225 670/318/225
f 669/315/227 670/318/225 671/317/227
f 672/319/231 673/320/231 674/321/231
f 672/319/231 675/322/231 673/320/231
f 672/319/231 676/323/231 675/322/231
f 672/319/231 677/324/231 676/323/231
f 672/319/231 678/325/231 677/324/231
f 672/319/231 679/326/231 678/325/231
f 672/319/231 680/327/231 679/326/231
f 679/326/231 680/327/231 681/328/232
f 679/326/231 681/328/232 682/329/233
f 682/329/233 681/328/232 683/330/233
f 682/329/233 683/330/233 684/331/233
f 672/319/231 685/332/232 680/327/231
f 672/319/231 686/333/231 685/332/232
f 672/319/231 687/334/234 686/333/231
f 672/319/231 688/335/231 687/334/234
f 672/319/231 689/336/231 688/335/231
f 672/319/231 690/335/231 689/336/231
f 672/319/231 691/334/233 690/335/231
f 672/319/231 692/333/231 691/334/233
f 672/319/231 693/332/235 692/333/231
f 672/319/231 694/327/231 693/332/235
f 672/319/231 695/326/231 694/327/231
f 694/327/231 695/326/231 696/329/235
f 694/327/231 696/329/235 697/328/236
f 697/328/236 696/329/235 698/331/237
f 697/328/236 698/331/237 699/330/236
f 672/319/231 700/325/231 695/326/231
f 672/319/231 701/324/231 700/325/231
f 672/319/231 702/323/231 701/324/231
f 672/319/231 703/322/231 702/323/231
f 672/319/231 704/320/231 703/322/231
f 672/319/231 705/321/231 704/320/231
f 706/337/238 707/338/239 708/339/240
f 706/337/238 709/340/241 707/338/239
f 710/341/242 709/340/241 706/337/238
f 710/341/242 711/342/242 709/340/241
f 710/341/242 712/340/243 711/342/242
f 710/341/242 713/337/244 712/340/243
f 713/337/244 714/338/245 712/340/243
f 713/337/244 715/339/246 714/338/245
f 716/343/247 717/321/248 718/320/249
f 716/343/247 718/320/249 719/344/250
f 719/344/250 718/320/249 720/322/251
f 719/344/250 720/322/251 721/345/252
f 721/345/252 720/322/251 722/323/253
f 721/345/252 722/323/253 723/346/254
f 722/323/253 724/347/255 723/346/254
f 722/323/253 725/324/256 724/347/255
f 725/324/256 726/348/257 724/347/255
f 725/324/256 727/325/257 726/348/257
f 726/348/257 727/325/257 728/326/258
f 726/348/257 728/326/258 729/349/258
f 728/326/258 730/350/259 729/349/258
f 728/326/258 731/329/260 730/350/259
f 731/329/260 732/351/261 730/350/259
f 731/329/260 733/331/262 732/351/261
f 733/331/262 734/352/263 732/351/261
f 733/331/262 735/330/264 734/352/263
f 735/330/264 736/353/265 734/352/263
f 735/330/264 737/328/266 736/353/265
f 737/328/266 738/354/267 736/353/265
f 737/328/266 739/327/268 738/354/267
f 738/354/267 739/327/268 740/332/269
f 738/354/267 740/332/269 741/355/270
f 740/332/269 742/356/271 741/355/270
f 740/332/269 743/333/272 742/356/271
f 743/333/272 744/357/273 742/356/271
f 743/333/272 745/334/273 744/357/273
f 744/357/273 745/334/273 746/335/274
f 744/357/273 746/335/274 747/358/275
f 747/358/275 746/335/274 748/336/276
f 747/358/275 748/336/276 749/359/277
f 750/358/278 749/359/277 748/336/276
f 750/358/278 748/336/276 751/335/279
f 752/357/280 750/358/278 751/335/279
f 752/357/280 751/335/279 753/334/280
f 754/333/281 752/357/280 753/334/280
f 754/333/281 755/356/282 752/357/280
f 756/332/283 755/356/282 754/333/281
f 756/332/283 757/355/284 755/356/282
f 758/354/285 757/355/284 756/332/283
f 758/354/285 756/332/283 759/327/286
f 759/327/286 760/353/287 758/354/285
f 759/327/286 761/328/288 760/353/287
f 761/328/288 762/352/289 760/353/287
f 761/328/288 763/330/290 762/352/289
f 763/330/290 764/351/291 762/352/289
f 763/330/290 765/331/292 764/351/291
f 766/329/293 764/351/291 765/331/292
f 766/329/293 767/350/294 764/351/291
f 768/326/295 767/350/294 766/329/293
f 768/326/295 769/349/295 767/350/294
f 770/348/296 769/349/295 768/326/295
f 770/348/296 768/326/295 771/325/296
f 772/324/297 770/348/296 771/325/296
f 772/324/297 773/347/298 770/348/296
f 774/323/299 773/347/298 772/324/297
f 774/323/299 775/346/300 773/347/298
f 776/345/301 775/346/300 774/323/299
f 776/345/301 774/323/299 777/322/302
f 778/344/303 776/345/301 777/322/302
f 778/344/303 777/322/302 779/320/304
f 780/343/305 778/344/303 779/320/304
f 780/343/305 779/320/304 781/321/306
f 782/300/307 783/303/308 784/302/308
f 782/300/307 785/301/309 783/303/308
f 786/298/310 785/301/309 782/300/307
f 786/298/310 787/299/310 785/301/309
f 788/297/311 787/299/310 786/298/310
f 788/297/311 786/298/310 789/296/312
f 789/296/312 790/295/313 788/297/311
f 789/296/312 791/294/314 790/295/313
f 791/294/314 792/293/315 790/295/313
f 791/294/314 793/292/316 792/293/315
f 794/291/317 792/293/315 793/292/316
f 794/291/317 793/292/316 795/290/318
f 796/288/319 794/291/317 795/290/318
f 796/288/319 795/290/318 797/289/319
f 798/284/205 796/288/319 797/289/319
f 798/284/205 799/287/205 796/288/319
f 798/284/205 800/285/205 799/287/205
f 798/284/205 801/286/205 800/285/205
f 802/360/320 803/361/321 804/362/321
f 802/360/320 805/363/322 803/361/321
f 805/363/322 802/360/320 806/364/323
f 805/363/322 806/364/323 807/365/324
f 807/365/324 806/364/323 808/366/325
f 807/365/324 808/366/325 809/367/326
f 809/367/326 808/366/325 810/368/327
f 809/367/326 810/368/327 811/369/328
f 811/369/328 810/368/327 812/370/329
f 811/369/328 812/370/329 813/371/330
f 813/371/330 812/370/329 814/372/331
f 813/371/330 814/372/331 815/373/332
f 815/373/332 814/372/331 816/374/333
f 815/373/332 816/374/333 817/375/334
f 817/375/334 816/374/333 818/376/335
f 817/375/334 818/376/335 819/377/335
f 820/375/336 819/377/335 818/376/335
f 820/375/336 818/376/335 821/374/337
f 822/373/338 820/375/336 821/374/337
f 822/373/338 821/374/337 823/372/338
f 822/373/338 823/372/338 824/370/339
f 822/373/338 824/370/339 825/371/340
f 825/371/340 824/370/339 826/368/341
f 825/371/340 826/368/341 827/369/341
f 828/367/342 827/369/341 826/368/341
f 828/367/342 826/368/341 829/366/343
f 828/367/342 829/366/343 830/364/344
f 828/367/342 830/364/344 831/365/345
f 831/365/345 830/364/344 832/360/346
f 831/365/345 832/360/346 833/363/347
f 834/362/348 833/363/347 832/360/346
f 834/362/348 835/361/348 833/363/347
f 836/378/349 837/379/349 838/380/349
f 836/378/349 839/381/349 837/379/349
f 836/378/349 840/379/349 839/381/349
f 836/378/349 841/380/349 840/379/349
f 842/338/350 843/340/350 844/342/350
f 842/338/350 844/342/350 845/382/350
f 846/338/350 845/382/350 844/342/350
f 846/338/350 844/342/350 847/340/350
f 848/337/231 849/383/231 850/384/231
f 848/337/231 850/384/231 851/341/231
f 852/337/231 851/341/231 850/384/231
f 852/337/231 850/384/231 853/383/231
f 854/274/351 855/263/351 856/273/351
f 854/274/351 857/266/351 855/263/351
f 858/385/352 859/386/353 860/386/354
f 861/387/355 860/386/354 859/386/353
f 861/387/355 862/387/355 860/386/354
f 863/385/356 864/386/357 865/386/358
f 866/387/359 865/386/358 864/386/357
f 866/387/359 867/387/359 865/386/358
f 868/385/360 869/388/361 870/388/362
f 871/389/363 870/388/362 869/388/361
f 871/389/363 872/389/363 870/388/362
f 873/385/364 874/388/365 875/388/366
f 876/389/367 875/388/366 874/388/365
f 876/389/367 877/389/367 875/388/366
f 878/390/368 879/390/368 880/390/368
f 878/390/368 881/391/368 879/390/368
f 878/390/368 882/391/368 881/391/368
f 878/390/368 883/391/368 882/391/368
f 884/390/368 883/391/368 878/390/368
f 884/390/368 885/391/368 883/391/368
f 884/390/368 886/391/368 885/391/368
f 884/390/368 887/390/368 886/391/368
f 888/387/369 889/386/370 890/387/369
f 888/387/369 891/386/371 889/386/370
f 892/385/372 889/386/370 891/386/371
f 892/385/372 893/385/373 889/386/370
f 892/385/372 894/392/374 893/385/373
f 892/385/372 895/392/375 894/392/374
f 896/389/369 891/386/371 888/387/369
f 896/389/369 897/388/376 891/386/371
f 897/388/376 892/385/372 891/386/371
f 897/388/376 898/385/377 892/385/372
f 899/392/378 892/385/372 898/385/377
f 899/392/378 900/392/379 892/385/372
f 901/392/380 902/392/381 903/385/382
f 901/392/380 903/385/382 904/385/383
f 905/386/384 904/385/383 903/385/382
f 905/386/384 906/386/385 904/385/383
f 907/387/386 906/386/385 905/386/384
f 907/387/386 905/386/384 908/387/386
f 908/387/386 905/386/384 909/388/387
f 908/387/386 909/388/387 910/389/386
f 911/385/388 905/386/384 903/385/382
f 911/385/388 909/388/387 905/386/384
f 903/385/382 912/392/389 911/385/388
f 903/385/382 913/392/390 912/392/389
f 914/392/391 915/392/391 916/385/392
f 914/392/391 916/385/392 917/385/392
f 916/385/392 918/386/393 917/385/392
f 916/385/392 919/386/394 918/386/393
f 920/387/395 918/386/393 919/386/394
f 920/387/395 919/386/394 921/387/395
f 922/385/396 923/392/397 924/392/397
f 922/385/396 924/392/397 925/385/398
f 925/385/398 926/386/399 922/385/396
f 925/385/398 927/386/400 926/386/399
f 928/387/401 926/386/399 927/386/400
f 928/387/401 927/386/400 929/387/401
f 930/393/402 931/394/403 932/393/404
f 930/393/402 933/394/405 931/394/403
f 934/393/406 933/394/405 930/393/402
f 934/393/406 935/394/407 933/394/405
f 936/393/408 935/394/407 934/393/406
f 936/393/408 937/395/409 935/394/407
f 938/396/410 937/395/409 936/393/408
f 938/396/410 939/395/411 937/395/409
f 940/396/412 939/395/411 938/396/410
f 940/396/412 941/395/413 939/395/411
f 942/396/414 941/395/413 940/396/412
f 942/396/414 943/397/414 941/395/413
f 944/398/415 945/398/415 946/399/415
f 945/398/415 947/399/415 946/399/415
f 947/399/415 948/394/415 946/399/415
f 948/394/415 949/395/415 946/399/415
f 949/395/415 950/399/415 946/399/415
f 950/399/415 944/398/415 946/399/415
f 1633/771/638 1634/772/638 1635/771/638
f 1636/772/639 1637/771/639 1638/771/639
f 1639/773/640 1640/774/640 1641/773/640
f 1642/651/427 1643/650/427 1644/775/427
f 1645/776/641 1646/777/641 1647/778/641
f 1648/776/642 1649/778/642 1650/777/642
f 1651/774/643 1652/773/643 1653/773/643
f 1654/779/644 1655/780/644 1656/779/644
f 1657/781/645 1658/781/645 1659/781/645
f 1660/782/646 1661/783/647 1662/784/648
f 1663/647/427 1664/663/427 1665/785/427
f 1666/779/649 1667/780/649 1668/779/649
f 1669/786/650 1670/787/650 1671/788/650
f 1672/789/651 1673/790/651 1674/791/651
f 1675/789/652 1676/791/652 1677/790/652
f 1678/788/653 1679/787/653 1680/786/653
f 1681/786/650 1682/787/650 1683/788/650
f 1684/789/651 1685/790/651 1686/791/651
f 1687/789/652 1688/791/652 1689/790/652
f 1690/788/653 1691/787/653 1692/786/653
f 1693/786/650 1694/787/650 1695/788/650
f 1696/789/651 1697/790/651 1698/791/651
f 1699/789/652 1700/791/652 1701/790/652
f 1702/788/653 1703/787/653 1704/786/653
f 1705/786/650 1706/787/650 1707/788/650
f 1708/789/651 1709/790/651 1710/791/651
f 1711/789/652 1712/791/652 1713/790/652
f 1714/788/653 1715/787/653 1716/786/653
f 1717/792/654 1718/793/654 1719/794/654
f 1720/793/655 1721/792/655 1722/794/655
f 1723/792/656 1724/794/656 1725/793/656
f 1726/793/657 1727/794/657 1728/792/657
f 1729/795/658 1730/796/658 1731/797/658
f 1732/798/659 1733/799/659 1734/800/659
f 1735/798/660 1736/800/660 1737/799/660
f 1738/795/661 1739/797/661 1740/796/661
f 1741/795/658 1742/796/658 1743/797/658
f 1744/798/659 1745/799/659 1746/800/659
f 1747/798/660 1748/800/660 1749/799/660
f 1750/795/661 1751/797/661 1752/796/661
f 1753/801/662 1754/802/662 1755/803/662
f 1756/801/663 1757/803/663 1758/802/663
f 1759/804/664 1760/805/664 1761/806/664
f 1762/804/665 1763/806/665 1764/805/665
f 1765/807/666 1766/808/666 1767/809/666
f 1768/807/667 1769/809/667 1770/808/667
f 1771/810/668 1772/811/668 1773/812/668
f 1774/810/669 1775/812/669 1776/811/669
f 1777/801/662 1778/802/662 1779/803/662
f 1780/801/663 1781/803/663 1782/802/663
f 1783/804/664 1784/805/664 1785/806/664
f 1786/804/665 1787/806/665 1788/805/665
f 1789/807/666 1790/808/666 1791/809/666
f 1792/807/667 1793/809/667 1794/808/667
f 1795/810/668 1796/811/668 1797/812/668
f 1798/810/669 1799/812/669 1800/811/669
f 1801/801/662 1802/802/662 1803/803/662
f 1804/801/663 1805/803/663 1806/802/663
f 1807/804/664 1808/805/664 1809/806/664
f 1810/804/665 1811/806/665 1812/805/665
f 1813/807/666 1814/808/666 1815/809/666
f 1816/807/667 1817/809/667 1818/808/667
f 1819/810/668 1820/811/668 1821/812/668
f 1822/810/669 1823/812/669 1824/811/669
f 1825/813/427 1826/774/427 1827/774/427
f 1825/813/427 1828/813/427 1826/774/427
f 1829/774/427 1828/813/427 1825/813/427
f 1829/774/427 1825/813/427 1830/774/427
f 1831/814/205 1832/815/205 1833/781/205
f 1831/814/205 1834/816/205 1832/815/205
f 1832/815/205 1834/816/205 1835/817/205
f 1835/817/205 1834/816/205 1836/818/205
f 1836/818/205 1834/816/205 1837/818/205
f 1837/818/205 1834/816/205 1838/813/205
f 1838/813/205 1834/816/205 1839/819/205
f 1838/813/205 1839/819/205 1840/813/205
f 1840/813/205 1839/819/205 1841/820/205
f 1841/820/205 1839/819/205 1842/820/205
f 1842/820/205 1839/819/205 1843/821/205
f 1843/821/205 1839/819/205 1844/822/205
f 1843/821/205 1844/822/205 1845/821/205
f 1845/821/205 1844/822/205 1846/823/205
f 1845/821/205 1846/823/205 1847/821/205
f 1848/822/204 1849/821/204 1850/823/204
f 1848/822/204 1851/821/204 1849/821/204
f 1852/819/204 1851/821/204 1848/822/204
f 1852/819/204 1853/821/204 1851/821/204
f 1852/819/204 1854/820/204 1853/821/204
f 1852/819/204 1855/820/204 1854/820/204
f 1852/819/204 1856/813/204 1855/820/204
f 1857/816/204 1856/813/204 1852/819/204
f 1857/816/204 1858/813/204 1856/813/204
f 1857/816/204 1859/818/204 1858/813/204
f 1857/816/204 1860/817/204 1859/818/204
f 1857/816/204 1861/817/204 1860/817/204
f 1857/816/204 1862/815/204 1861/817/204
f 1857/816/204 1863/781/204 1862/815/204
f 1857/816/204 1864/814/204 1863/781/204
f 1865/824/670 1866/685/670 1867/825/671
f 1865/824/670 1868/684/672 1866/685/670
f 1869/826/427 1870/827/427 1871/827/427
f 1869/826/427 1872/826/427 1870/827/427
f 1873/828/427 1872/826/427 1869/826/427
f 1873/828/427 1869/826/427 1874/828/427
f 1875/829/427 1873/828/427 1874/828/427
f 1875/829/427 1874/828/427 1876/829/427
f 1877/830/673 1878/831/673 1879/831/674
f 1877/830/673 1880/830/675 1878/831/673
f 1881/832/204 1882/831/204 1883/833/204
f 1881/832/204 1884/830/204 1882/831/204
f 1885/834/676 1886/835/676 1887/835/677
f 1885/834/676 1888/834/678 1886/835/676
f 1889/404/679 1890/836/679 1891/837/679
f 1889/404/679 1892/406/679 1890/836/679
f 1892/406/679 1893/838/679 1890/836/679
f 1892/406/679 1894/407/679 1893/838/679
f 1894/407/679 1895/839/679 1893/838/679
f 1894/407/679 1896/408/679 1895/839/679
f 1897/814/680 1898/814/680 1899/781/681
f 1897/814/680 1899/781/681 1900/781/682
f 1899/781/681 1901/781/683 1900/781/682
f 1902/840/684 1903/841/684 1904/840/684
f 1902/840/684 1905/842/684 1903/841/684
f 1903/841/684 1905/842/684 1906/843/684
f 1903/841/684 1906/843/684 1907/840/684
f 1903/841/684 1907/840/684 1908/840/684
f 1902/840/684 1909/843/684 1905/842/684
f 1910/394/684 1911/844/684 1912/394/684
f 1910/394/684 1913/844/684 1911/844/684
f 1910/394/684 1914/844/684 1913/844/684
f 1910/394/684 1915/394/684 1914/844/684
f 1916/394/684 1914/844/684 1915/394/684
f 1916/394/684 1917/845/684 1914/844/684
f 1918/394/684 1919/844/684 1920/394/684
f 1918/394/684 1921/844/684 1919/844/684
f 1918/394/684 1922/844/684 1921/844/684
f 1918/394/684 1923/394/684 1922/844/684
f 1924/394/684 1922/844/684 1923/394/684
f 1924/394/684 1925/845/684 1922/844/684
f 1926/394/684 1927/844/684 1928/394/684
f 1926/394/684 1929/844/684 1927/844/684
f 1926/394/684 1930/844/684 1929/844/684
f 1926/394/684 1931/394/684 1930/844/684
f 1932/394/684 1930/844/684 1931/394/684
f 1932/394/684 1933/845/684 1930/844/684
f 1934/844/684 1935/394/684 1936/845/684
f 1934/844/684 1937/394/684 1935/394/684
f 1938/394/684 1937/394/684 1934/844/684
f 1938/394/684 1934/844/684 1939/844/684
f 1938/394/684 1939/844/684 1940/844/684
f 1938/394/684 1940/844/684 1941/394/684
f 1942/846/427 1943/847/427 1944/848/427
f 1942/846/427 1945/849/427 1943/847/427
f 1945/849/427 1946/848/427 1943/847/427
f 1945/849/427 1947/846/427 1946/848/427
f 1948/848/3 1949/850/3 1950/851/3
f 1948/848/3 1951/847/3 1949/850/3
f 1951/847/3 1952/851/3 1949/850/3
f 1951/847/3 1953/848/3 1952/851/3
f 1954/852/684 1955/853/684 1956/854/684
f 1954/852/684 1957/855/684 1955/853/684
f 1958/856/684 1959/857/684 1960/858/684
f 1958/856/684 1961/859/684 1959/857/684
f 1959/857/684 1961/859/684 1962/856/684
f 1959/857/684 1962/856/684 1963/858/684
f 1964/858/3 1965/860/3 1966/861/3
f 1964/858/3 1966/861/3 1967/857/3
f 1967/857/3 1966/861/3 1968/860/3
f 1967/857/3 1968/860/3 1969/858/3
f 1970/857/427 1971/856/427 1972/858/427
f 1970/857/427 1973/859/427 1971/856/427
f 1974/856/427 1973/859/427 1970/857/427
f 1974/856/427 1970/857/427 1975/858/427
f 1976/861/6 1977/858/6 1978/860/6
f 1976/861/6 1979/857/6 1977/858/6
f 1980/860/6 1979/857/6 1976/861/6
f 1980/860/6 1981/858/6 1979/857/6
f 1982/862/684 1983/863/684 1984/843/684
f 1985/862/684 1983/863/684 1982/862/684
f 1985/862/684 1986/864/684 1983/863/684
f 1985/862/684 1987/864/684 1986/864/684
f 1987/864/684 1985/862/684 1988/864/684
f 1988/864/684 1985/862/684 1989/842/684
f 1989/842/684 1985/862/684 1990/842/684
f 1990/842/684 1985/862/684 1991/842/684
f 1992/865/684 1985/862/684 1982/862/684
f 1992/865/684 1993/865/684 1985/862/684
f 1985/862/684 1993/865/684 1994/866/684
f 1985/862/684 1994/866/684 1995/866/684
f 1996/866/684 1985/862/684 1995/866/684
f 1997/867/684 1985/862/684 1996/866/684
f 1998/867/684 1985/862/684 1997/867/684
f 1991/842/684 1985/862/684 1998/867/684
f 1992/865/684 1982/862/684 1999/862/684
f 2000/865/684 1992/865/684 1999/862/684
f 2000/865/684 1999/862/684 2001/840/684
f 2002/868/684 2000/865/684 2001/840/684
f 2003/865/684 2000/865/684 2002/868/684
f 2003/865/684 2002/868/684 2004/868/684
f 2005/869/684 2003/865/684 2004/868/684
f 2006/869/684 2005/869/684 2004/868/684
f 2006/869/684 2004/868/684 2007/870/684
f 2008/870/684 2006/869/684 2007/870/684
f 2009/871/684 2006/869/684 2008/870/684
f 2009/871/684 2008/870/684 2010/872/684
f 2011/871/684 2009/871/684 2010/872/684
f 2011/871/684 2010/872/684 2012/872/684
f 2013/873/684 2011/871/684 2012/872/684
f 2013/873/684 2014/874/684 2011/871/684
f 2015/875/6 2016/855/6 2017/876/6
f 2015/875/6 2018/853/6 2016/855/6
f 2019/853/427 2020/852/427 2021/854/427
f 2019/853/427 2022/855/427 2020/852/427
f 2022/855/427 2023/854/427 2020/852/427
f 2022/855/427 2024/853/427 2023/854/427
f 2025/877/3 2026/854/3 2027/878/3
f 2025/877/3 2028/852/3 2026/854/3
f 2029/774/685 2030/813/686 2031/813/687
f 2029/774/685 2031/813/687 2032/773/688
f 2031/813/687 2033/879/3 2032/773/688
f 2031/813/687 2034/880/3 2033/879/3
f 2035/841/684 2036/843/684 2037/840/684
f 2035/841/684 2038/842/684 2036/843/684
f 2039/840/684 2038/842/684 2035/841/684
f 2039/840/684 2040/843/684 2038/842/684
f 2041/881/3 2042/882/3 2043/883/3
f 2041/881/3 2044/884/3 2042/882/3
f 2045/882/3 2044/884/3 2041/881/3
f 2045/882/3 2041/881/3 2046/883/3
f 2047/881/6 2048/882/6 2049/883/6
f 2047/881/6 2050/884/6 2048/882/6
f 2051/882/6 2050/884/6 2047/881/6
f 2051/882/6 2047/881/6 2052/883/6
f 2053/885/684 2054/870/684 2055/869/684
f 2053/885/684 2055/869/684 2056/886/684
f 2057/870/684 2053/885/684 2056/886/684
f 2057/870/684 2056/886/684 2058/869/684
f 2059/887/684 2060/888/684 2061/889/684
f 2059/887/684 2062/864/684 2060/888/684
f 2060/888/684 2062/864/684 2063/887/684
f 2060/888/684 2063/887/684 2064/889/684
f 2065/890/6 2066/891/6 2067/892/6
f 2065/890/6 2068/893/6 2066/891/6
f 2068/893/6 2069/892/6 2066/891/6
f 2068/893/6 2070/890/6 2069/892/6
f 2071/893/3 2072/890/3 2073/892/3
f 2071/893/3 2073/892/3 2074/891/3
f 2075/890/3 2071/893/3 2074/891/3
f 2075/890/3 2074/891/3 2076/892/3
f 2077/894/3 2078/895/3 2079/896/3
f 2077/894/3 2079/896/3 2080/897/3
f 2080/897/3 2079/896/3 2081/895/3
f 2080/897/3 2081/895/3 2082/894/3
f 2083/894/684 2084/898/684 2085/899/684
f 2083/894/684 2086/897/684 2084/898/684
f 2086/897/684 2087/899/684 2084/898/684
f 2086/897/684 2088/894/684 2087/899/684
f 2089/900/427 2090/901/427 2091/902/427
f 2089/900/427 2092/903/427 2090/901/427
f 2093/902/427 2092/903/427 2089/900/427
f 2093/902/427 2094/901/427 2092/903/427
f 2095/903/689 2096/901/689 2097/901/689
f 2095/903/689 2098/903/689 2096/901/689
f 2099/901/689 2098/903/689 2095/903/689
f 2099/901/689 2100/901/689 2098/903/689
f 2101/903/3 2102/904/3 2103/901/3
f 2101/903/3 2104/905/3 2102/904/3
f 2105/901/3 2104/905/3 2101/903/3
f 2105/901/3 2106/904/3 2104/905/3
f 2107/906/690 2108/907/690 2109/908/690
f 2107/906/690 2110/886/690 2108/907/690
f 2111/908/690 2110/886/690 2107/906/690
f 2111/908/690 2112/907/690 2110/886/690
f 2113/886/6 2114/826/6 2115/907/6
f 2113/886/6 2116/909/6 2114/826/6
f 2114/826/6 2116/909/6 2117/909/6
f 2114/826/6 2117/909/6 2118/826/6
f 2119/907/6 2116/909/6 2113/886/6
f 2119/907/6 2120/826/6 2116/909/6
f 2116/909/6 2120/826/6 2121/826/6
f 2116/909/6 2121/826/6 2117/909/6
f 2122/910/691 2123/911/691 2124/912/691
f 2122/910/691 2125/913/691 2123/911/691
f 2125/913/691 2126/912/691 2123/911/691
f 2125/913/691 2127/910/691 2126/912/691
f 2128/911/427 2129/914/427 2130/912/427
f 2128/911/427 2131/915/427 2129/914/427
f 2129/914/427 2131/915/427 2132/916/427
f 2129/914/427 2132/916/427 2133/917/427
f 2134/914/427 2131/915/427 2128/911/427
f 2131/915/427 2134/914/427 2135/917/427
f 2131/915/427 2135/917/427 2132/916/427
f 2134/914/427 2128/911/427 2136/912/427
f 2137/899/3 2138/918/3 2139/919/3
f 2137/899/3 2140/898/3 2138/918/3
f 2140/898/3 2141/919/3 2138/918/3
f 2140/898/3 2142/899/3 2141/919/3
f 2143/919/692 2144/916/692 2145/917/692
f 2143/919/692 2146/918/692 2144/916/692
f 2146/918/692 2147/917/692 2144/916/692
f 2146/918/692 2148/919/692 2147/917/692
f 2149/920/204 2150/921/204 2151/921/204
f 2149/920/204 2152/920/204 2150/921/204
f 2153/922/693 2154/923/693 2155/924/693
f 2153/922/693 2156/925/693 2154/923/693
f 2157/924/3 2158/925/3 2159/922/3
f 2157/924/3 2160/923/3 2158/925/3
f 2161/926/427 2162/924/427 2163/922/427
f 2161/926/427 2164/927/427 2162/924/427
f 2165/928/6 2166/929/6 2167/930/6
f 2165/928/6 2168/931/6 2166/929/6
f 2169/932/6 2168/931/6 2165/928/6
f 2169/932/6 2170/933/6 2168/931/6
f 2171/930/3 2172/929/3 2173/931/3
f 2171/930/3 2173/931/3 2174/928/3
f 2174/928/3 2173/931/3 2175/933/3
f 2174/928/3 2175/933/3 2176/932/3
f 2177/934/427 2178/935/427 2179/936/427
f 2177/934/427 2180/937/427 2178/935/427
f 2181/938/694 2182/937/694 2183/939/694
f 2181/938/694 2184/938/694 2182/937/694
f 2185/939/695 2186/934/695 2187/940/695
f 2185/939/695 2188/937/695 2186/934/695
f 2189/941/696 2190/940/696 2191/934/696
f 2189/941/696 2192/941/696 2190/940/696
f 2193/938/205 2194/940/205 2195/941/205
f 2193/938/205 2196/939/205 2194/940/205
f 2197/942/697 2198/943/697 2199/944/697
f 2197/942/697 2200/942/697 2198/943/697
f 2201/945/698 2202/946/698 2203/947/698
f 2201/945/698 2204/945/698 2202/946/698
f 2205/944/205 2206/948/205 2207/949/205
f 2205/944/205 2208/946/205 2206/948/205
f 2209/947/699 2210/944/699 2211/943/699
f 2209/947/699 2212/946/699 2210/944/699
f 2213/945/427 2214/943/427 2215/942/427
f 2213/945/427 2216/947/427 2214/943/427
f 2217/950/205 2218/951/205 2219/952/205
f 2217/950/205 2220/953/205 2218/951/205
f 2221/953/204 2222/952/204 2223/951/204
f 2221/953/204 2224/950/204 2222/952/204
f 2225/855/6 2226/875/6 2227/853/6
f 2225/855/6 2228/876/6 2226/875/6
f 2229/854/684 2230/855/684 2231/853/684
f 2229/854/684 2232/852/684 2230/855/684
f 2233/854/3 2234/877/3 2235/852/3
f 2233/854/3 2236/878/3 2234/877/3
f 2237/954/427 2238/955/427 2239/956/427
f 2237/954/427 2240/957/427 2238/955/427
f 2240/957/427 2241/958/427 2238/955/427
f 2240/957/427 2242/959/427 2241/958/427
f 2243/960/427 2241/958/427 2242/959/427
f 2243/960/427 2244/955/427 2241/958/427
f 2244/955/427 2243/960/427 2245/961/427
f 2244/955/427 2245/961/427 2246/956/427
f 2247/962/6 2248/963/6 2249/964/6
f 2247/962/6 2250/965/6 2248/963/6
f 2251/964/6 2250/965/6 2247/962/6
f 2251/964/6 2252/963/6 2250/965/6
f 2253/966/205 2254/967/205 2255/968/205
f 2253/966/205 2256/969/205 2254/967/205
f 2257/970/6 2258/971/6 2259/112/6
f 2257/970/6 2260/972/6 2258/971/6
f 2261/967/204 2262/966/204 2263/968/204
f 2261/967/204 2264/969/204 2262/966/204
f 2265/973/3 2266/974/3 2267/973/3
f 2265/973/3 2268/974/3 2266/974/3
f 2269/973/3 2266/974/3 2268/974/3
f 2269/973/3 2270/973/3 2266/974/3
f 2271/969/204 2272/968/204 2273/967/204
f 2271/969/204 2274/966/204 2272/968/204
f 2275/112/6 2276/972/6 2277/970/6
f 2275/112/6 2278/971/6 2276/972/6
f 2275/112/6 2279/971/700 2278/971/6
f 2280/967/205 2281/966/205 2282/969/205
f 2280/967/205 2283/968/205 2281/966/205
f 2284/975/205 2285/976/205 2286/977/205
f 2284/975/205 2287/844/205 2285/976/205
f 2288/844/204 2289/977/204 2290/976/204
f 2288/844/204 2291/975/204 2289/977/204
f 2292/978/684 2293/979/684 2294/980/684
f 2292/978/684 2295/981/684 2293/979/684
f 2296/981/701 2297/982/701 2298/979/701
f 2296/981/701 2299/983/701 2297/982/701
f 2300/984/427 2301/985/427 2302/986/427
f 2300/984/427 2303/987/427 2301/985/427
f 2304/985/3 2305/980/3 2306/986/3
f 2304/985/3 2307/978/3 2305/980/3
f 2308/988/702 2309/989/702 2310/990/702
f 2308/988/702 2311/991/702 2309/989/702
f 2312/988/427 2313/989/427 2314/990/427
f 2312/988/427 2315/991/427 2313/989/427
f 2316/988/703 2317/989/703 2318/990/703
f 2316/988/703 2319/991/703 2317/989/703
f 2320/988/704 2321/989/704 2322/990/704
f 2320/988/704 2323/991/704 2321/989/704
f 2324/988/702 2325/989/702 2326/990/702
f 2324/988/702 2327/991/702 2325/989/702
f 2328/988/427 2329/989/427 2330/990/427
f 2328/988/427 2331/991/427 2329/989/427
f 2332/988/703 2333/989/703 2334/990/703
f 2332/988/703 2335/991/703 2333/989/703
f 2336/988/704 2337/989/704 2338/990/704
f 2336/988/704 2339/991/704 2337/989/704
f 2340/988/702 2341/989/702 2342/990/702
f 2340/988/702 2343/991/702 2341/989/702
f 2344/988/427 2345/989/427 2346/990/427
f 2344/988/427 2347/991/427 2345/989/427
f 2348/988/703 2349/989/703 2350/990/703
f 2348/988/703 2351/991/703 2349/989/703
f 2352/988/704 2353/989/704 2354/990/704
f 2352/988/704 2355/991/704 2353/989/704
f 2356/988/702 2357/989/702 2358/990/702
f 2356/988/702 2359/991/702 2357/989/702
f 2360/988/427 2361/989/427 2362/990/427
f 2360/988/427 2363/991/427 2361/989/427
f 2364/988/703 2365/989/703 2366/990/703
f 2364/988/703 2367/991/703 2365/989/703
f 2368/988/704 2369/989/704 2370/990/704
f 2368/988/704 2371/991/704 2369/989/704
f 2372/988/702 2373/989/702 2374/990/702
f 2372/988/702 2375/991/702 2373/989/702
f 2376/988/427 2377/989/427 2378/990/427
f 2376/988/427 2379/991/427 2377/989/427
f 2380/988/703 2381/989/703 2382/990/703
f 2380/988/703 2383/991/703 2381/989/703
f 2384/988/704 2385/989/704 2386/990/704
f 2384/988/704 2387/991/704 2385/989/704
f 2388/988/702 2389/989/702 2390/990/702
f 2388/988/702 2391/991/702 2389/989/702
f 2392/988/427 2393/989/427 2394/990/427
f 2392/988/427 2395/991/427 2393/989/427
f 2396/988/703 2397/989/703 2398/990/703
f 2396/988/703 2399/991/703 2397/989/703
f 2400/988/704 2401/989/704 2402/990/704
f 2400/988/704 2403/991/704 2401/989/704
f 2404/988/702 2405/989/702 2406/990/702
f 2404/988/702 2407/991/702 2405/989/702
f 2408/988/427 2409/989/427 2410/990/427
f 2408/988/427 2411/991/427 2409/989/427
f 2412/988/703 2413/989/703 2414/990/703
f 2412/988/703 2415/991/703 2413/989/703
f 2416/988/704 2417/989/704 2418/990/704
f 2416/988/704 2419/991/704 2417/989/704
f 2420/988/702 2421/989/702 2422/990/702
f 2420/988/702 2423/991/702 2421/989/702
f 2424/988/427 2425/989/427 2426/990/427
f 2424/988/427 2427/991/427 2425/989/427
f 2428/988/703 2429/989/703 2430/990/703
f 2428/988/703 2431/991/703 2429/989/703
f 2432/988/704 2433/989/704 2434/990/704
f 2432/988/704 2435/991/704 2433/989/704
f 2436/988/702 2437/989/702 2438/990/702
f 2436/988/702 2439/991/702 2437/989/702
f 2440/988/427 2441/989/427 2442/990/427
f 2440/988/427 2443/991/427 2441/989/427
f 2444/988/703 2445/989/703 2446/990/703
f 2444/988/703 2447/991/703 2445/989/703
f 2448/988/704 2449/989/704 2450/990/704
f 2448/988/704 2451/991/704 2449/989/704
f 2452/988/702 2453/989/702 2454/990/702
f 2452/988/702 2455/991/702 2453/989/702
f 2456/988/427 2457/989/427 2458/990/427
f 2456/988/427 2459/991/427 2457/989/427
f 2460/988/703 2461/989/703 2462/990/703
f 2460/988/703 2463/991/703 2461/989/703
f 2464/988/704 2465/989/704 2466/990/704
f 2464/988/704 2467/991/704 2465/989/704
f 2468/988/702 2469/989/702 2470/990/702
f 2468/988/702 2471/991/702 2469/989/702
f 2472/988/427 2473/989/427 2474/990/427
f 2472/988/427 2475/991/427 2473/989/427
f 2476/988/703 2477/989/703 2478/990/703
f 2476/988/703 2479/991/703 2477/989/703
f 2480/988/704 2481/989/704 2482/990/704
f 2480/988/704 2483/991/704 2481/989/704
f 2484/988/702 2485/989/702 2486/990/702
f 2484/988/702 2487/991/702 2485/989/702
f 2488/988/427 2489/989/427 2490/990/427
f 2488/988/427 2491/991/427 2489/989/427
f 2492/988/703 2493/989/703 2494/990/703
f 2492/988/703 2495/991/703 2493/989/703
f 2496/988/704 2497/989/704 2498/990/704
f 2496/988/704 2499/991/704 2497/989/704
f 2500/988/702 2501/989/702 2502/990/702
f 2500/988/702 2503/991/702 2501/989/702
f 2504/988/427 2505/989/427 2506/990/427
f 2504/988/427 2507/991/427 2505/989/427
f 2508/988/703 2509/989/703 2510/990/703
f 2508/988/703 2511/991/703 2509/989/703
f 2512/988/704 2513/989/704 2514/990/704
f 2512/988/704 2515/991/704 2513/989/704
f 2516/988/702 2517/989/702 2518/990/702
f 2516/988/702 2519/991/702 2517/989/702
f 2520/988/427 2521/989/427 2522/990/427
f 2520/988/427 2523/991/427 2521/989/427
f 2524/988/703 2525/989/703 2526/990/703
f 2524/988/703 2527/991/703 2525/989/703
f 2528/988/704 2529/989/704 2530/990/704
f 2528/988/704 2531/991/704 2529/989/704
f 2532/988/702 2533/989/702 2534/990/702
f 2532/988/702 2535/991/702 2533/989/702
f 2536/988/427 2537/989/427 2538/990/427
f 2536/988/427 2539/991/427 2537/989/427
f 2540/988/703 2541/989/703 2542/990/703
f 2540/988/703 2543/991/703 2541/989/703
f 2544/988/704 2545/989/704 2546/990/704
f 2544/988/704 2547/991/704 2545/989/704
f 2548/988/702 2549/989/702 2550/990/702
f 2548/988/702 2551/991/702 2549/989/702
f 2552/988/427 2553/989/427 2554/990/427
f 2552/988/427 2555/991/427 2553/989/427
f 2556/988/703 2557/989/703 2558/990/703
f 2556/988/703 2559/991/703 2557/989/703
f 2560/988/704 2561/989/704 2562/990/704
f 2560/988/704 2563/991/704 2561/989/704
f 2564/988/702 2565/989/702 2566/990/702
f 2564/988/702 2567/991/702 2565/989/702
f 2568/988/427 2569/989/427 2570/990/427
f 2568/988/427 2571/991/427 2569/989/427
f 2572/988/703 2573/989/703 2574/990/703
f 2572/988/703 2575/991/703 2573/989/703
f 2576/988/704 2577/989/704 2578/990/704
f 2576/988/704 2579/991/704 2577/989/704
f 2580/988/702 2581/989/702 2582/990/702
f 2580/988/702 2583/991/702 2581/989/702
f 2584/988/427 2585/989/427 2586/990/427
f 2584/988/427 2587/991/427 2585/989/427
f 2588/988/703 2589/989/703 2590/990/703
f 2588/988/703 2591/991/703 2589/989/703
f 2592/988/704 2593/989/704 2594/990/704
f 2592/988/704 2595/991/704 2593/989/704
f 2596/988/702 2597/989/702 2598/990/702
f 2596/988/702 2599/991/702 2597/989/702
f 2600/988/427 2601/989/427 2602/990/427
f 2600/988/427 2603/991/427 2601/989/427
f 2604/988/703 2605/989/703 2606/990/703
f 2604/988/703 2607/991/703 2605/989/703
f 2608/988/704 2609/989/704 2610/990/704
f 2608/988/704 2611/991/704 2609/989/704
f 2612/988/702 2613/989/702 2614/990/702
f 2612/988/702 2615/991/702 2613/989/702
f 2616/988/427 2617/989/427 2618/990/427
f 2616/988/427 2619/991/427 2617/989/427
f 2620/988/703 2621/989/703 2622/990/703
f 2620/988/703 2623/991/703 2621/989/703
f 2624/988/704 2625/989/704 2626/990/704
f 2624/988/704 2627/991/704 2625/989/704
f 2628/988/702 2629/989/702 2630/990/702
f 2628/988/702 2631/991/702 2629/989/702
f 2632/988/427 2633/989/427 2634/990/427
f 2632/988/427 2635/991/427 2633/989/427
f 2636/988/703 2637/989/703 2638/990/703
f 2636/988/703 2639/991/703 2637/989/703
f 2640/988/704 2641/989/704 2642/990/704
f 2640/988/704 2643/991/704 2641/989/704
f 2644/988/702 2645/989/702 2646/990/702
f 2644/988/702 2647/991/702 2645/989/702
f 2648/988/427 2649/989/427 2650/990/427
f 2648/988/427 2651/991/427 2649/989/427
f 2652/988/703 2653/989/703 2654/990/703
f 2652/988/703 2655/991/703 2653/989/703
f 2656/988/704 2657/989/704 2658/990/704
f 2656/988/704 2659/991/704 2657/989/704
f 2660/988/702 2661/989/702 2662/990/702
f 2660/988/702 2663/991/702 2661/989/702
f 2664/988/427 2665/989/427 2666/990/427
f 2664/988/427 2667/991/427 2665/989/427
f 2668/988/703 2669/989/703 2670/990/703
f 2668/988/703 2671/991/703 2669/989/703
f 2672/988/704 2673/989/704 2674/990/704
f 2672/988/704 2675/991/704 2673/989/704
f 2676/988/702 2677/989/702 2678/990/702
f 2676/988/702 2679/991/702 2677/989/702
f 2680/988/427 2681/989/427 2682/990/427
f 2680/988/427 2683/991/427 2681/989/427
f 2684/988/703 2685/989/703 2686/990/703
f 2684/988/703 2687/991/703 2685/989/703
f 2688/988/704 2689/989/704 2690/990/704
f 2688/988/704 2691/991/704 2689/989/704
f 2692/988/702 2693/989/702 2694/990/702
f 2692/988/702 2695/991/702 2693/989/702
f 2696/988/427 2697/989/427 2698/990/427
f 2696/988/427 2699/991/427 2697/989/427
f 2700/988/703 2701/989/703 2702/990/703
f 2700/988/703 2703/991/703 2701/989/703
f 2704/988/704 2705/989/704 2706/990/704
f 2704/988/704 2707/991/704 2705/989/704
f 2708/988/702 2709/989/702 2710/990/702
f 2708/988/702 2711/991/702 2709/989/702
f 2712/988/427 2713/989/427 2714/990/427
f 2712/988/427 2715/991/427 2713/989/427
f 2716/988/703 2717/989/703 2718/990/703
f 2716/988/703 2719/991/703 2717/989/703
f 2720/988/704 2721/989/704 2722/990/704
f 2720/988/704 2723/991/704 2721/989/704
f 2724/988/702 2725/989/702 2726/990/702
f 2724/988/702 2727/991/702 2725/989/702
f 2728/988/427 2729/989/427 2730/990/427
f 2728/988/427 2731/991/427 2729/989/427
f 2732/988/703 2733/989/703 2734/990/703
f 2732/988/703 2735/991/703 2733/989/703
f 2736/988/704 2737/989/704 2738/990/704
f 2736/988/704 2739/991/704 2737/989/704
f 2740/988/702 2741/989/702 2742/990/702
f 2740/988/702 2743/991/702 2741/989/702
f 2744/988/427 2745/989/427 2746/990/427
f 2744/988/427 2747/991/427 2745/989/427
f 2748/988/703 2749/989/703 2750/990/703
f 2748/988/703 2751/991/703 2749/989/703
f 2752/988/704 2753/989/704 2754/990/704
f 2752/988/704 2755/991/704 2753/989/704
f 2756/988/702 2757/989/702 2758/990/702
f 2756/988/702 2759/991/702 2757/989/702
f 2760/988/427 2761/989/427 2762/990/427
f 2760/988/427 2763/991/427 2761/989/427
f 2764/988/703 2765/989/703 2766/990/703
f 2764/988/703 2767/991/703 2765/989/703
f 2768/988/704 2769/989/704 2770/990/704
f 2768/988/704 2771/991/704 2769/989/704
f 2772/988/702 2773/989/702 2774/990/702
f 2772/988/702 2775/991/702 2773/989/702
f 2776/988/427 2777/989/427 2778/990/427
f 2776/988/427 2779/991/427 2777/989/427
f 2780/988/703 2781/989/703 2782/990/703
f 2780/988/703 2783/991/703 2781/989/703
f 2784/988/704 2785/989/704 2786/990/704
f 2784/988/704 2787/991/704 2785/989/704
f 2788/988/702 2789/989/702 2790/990/702
f 2788/988/702 2791/991/702 2789/989/702
f 2792/988/427 2793/989/427 2794/990/427
f 2792/988/427 2795/991/427 2793/989/427
f 2796/988/703 2797/989/703 2798/990/703
f 2796/988/703 2799/991/703 2797/989/703
f 2800/988/704 2801/989/704 2802/990/704
f 2800/988/704 2803/991/704 2801/989/704
f 2804/988/702 2805/989/702 2806/990/702
f 2804/988/702 2807/991/702 2805/989/702
f 2808/988/427 2809/989/427 2810/990/427
f 2808/988/427 2811/991/427 2809/989/427
f 2812/988/703 2813/989/703 2814/990/703
f 2812/988/703 2815/991/703 2813/989/703
f 2816/988/704 2817/989/704 2818/990/704
f 2816/988/704 2819/991/704 2817/989/704
f 2820/988/702 2821/989/702 2822/990/702
f 2820/988/702 2823/991/702 2821/989/702
f 2824/988/427 2825/989/427 2826/990/427
f 2824/988/427 2827/991/427 2825/989/427
f 2828/988/703 2829/989/703 2830/990/703
f 2828/988/703 2831/991/703 2829/989/703
f 2832/988/704 2833/989/704 2834/990/704
f 2832/988/704 2835/991/704 2833/989/704
f 2836/988/702 2837/989/702 2838/990/702
f 2836/988/702 2839/991/702 2837/989/702
f 2840/988/427 2841/989/427 2842/990/427
f 2840/988/427 2843/991/427 2841/989/427
f 2844/988/703 2845/989/703 2846/990/703
f 2844/988/703 2847/991/703 2845/989/703
f 2848/988/704 2849/989/704 2850/990/704
f 2848/988/704 2851/991/704 2849/989/704
f 2852/988/702 2853/989/702 2854/990/702
f 2852/988/702 2855/991/702 2853/989/702
f 2856/988/427 2857/989/427 2858/990/427
f 2856/988/427 2859/991/427 2857/989/427
f 2860/988/703 2861/989/703 2862/990/703
f 2860/988/703 2863/991/703 2861/989/703
f 2864/988/704 2865/989/704 2866/990/704
f 2864/988/704 2867/991/704 2865/989/704
f 2868/988/702 2869/989/702 2870/990/702
f 2868/988/702 2871/991/702 2869/989/702
f 2872/988/427 2873/989/427 2874/990/427
f 2872/988/427 2875/991/427 2873/989/427
f 2876/988/703 2877/989/703 2878/990/703
f 2876/988/703 2879/991/703 2877/989/703
f 2880/988/704 2881/989/704 2882/990/704
f 2880/988/704 2883/991/704 2881/989/704
f 2884/540/705 2885/992/705 2886/538/705
f 2884/540/705 2887/993/705 2885/992/705
f 2888/993/706 2889/994/706 2890/992/706
f 2888/993/706 2891/995/706 2889/994/706
f 2892/544/707 2893/996/707 2894/547/707
f 2892/544/707 2895/997/707 2893/996/707
f 2896/997/708 2897/998/708 2898/996/708
f 2896/997/708 2899/999/708 2897/998/708
f 2900/528/709 2901/998/709 2902/999/709
f 2900/528/709 2903/492/709 2901/998/709
f 2904/830/680 2905/831/680 2906/831/680
f 2904/830/680 2907/830/680 2905/831/680
f 2908/832/205 2909/831/205 2910/830/205
f 2908/832/205 2911/833/205 2909/831/205
f 2912/772/710 2913/1000/710 2914/771/710
f 2912/772/710 2915/1001/710 2913/1000/710
f 2916/1002/711 2917/1003/711 2918/1004/711
f 2916/1002/711 2919/1005/711 2917/1003/711
f 2920/1005/204 2921/1006/204 2922/1003/204
f 2920/1005/204 2923/1007/204 2921/1006/204
f 2924/1008/427 2925/1000/427 2926/1009/427
f 2924/1008/427 2927/771/427 2925/1000/427
f 2928/1008/712 2929/771/712 2930/1008/712
f 2928/1008/712 2931/771/712 2929/771/712
f 2932/1010/3 2933/1011/3 2934/1012/3
f 2932/1010/3 2935/1013/3 2933/1011/3
f 2936/1001/713 2937/771/713 2938/1000/713
f 2936/1001/713 2939/772/713 2937/771/713
f 2940/1005/714 2941/1004/714 2942/1003/714
f 2940/1005/714 2943/1002/714 2941/1004/714
f 2944/1007/205 2945/1003/205 2946/1006/205
f 2944/1007/205 2947/1005/205 2945/1003/205
f 2948/771/427 2949/1009/427 2950/1000/427
f 2948/771/427 2951/1008/427 2949/1009/427
f 2952/771/712 2953/1008/712 2954/771/712
f 2952/771/712 2955/1008/712 2953/1008/712
f 2956/1010/3 2957/1011/3 2958/1012/3
f 2956/1010/3 2959/1013/3 2957/1011/3
f 2960/919/715 2961/914/715 2962/917/715
f 2960/919/715 2963/1014/715 2961/914/715
f 2963/1014/715 2964/912/715 2961/914/715
f 2963/1014/715 2965/910/715 2964/912/715
f 2966/1015/716 2967/1016/716 2968/1017/716
f 2966/1015/716 2968/1017/716 2969/1018/716
f 2970/1019/716 2966/1015/716 2969/1018/716
f 2970/1019/716 2969/1018/716 2971/1020/716
f 2972/1015/205 2973/1021/205 2974/1016/205
f 2972/1015/205 2975/1022/205 2973/1021/205
f 2976/1023/205 2975/1022/205 2972/1015/205
f 2976/1023/205 2972/1015/205 2977/1019/205
f 2978/1022/204 2979/1016/204 2980/1021/204
f 2978/1022/204 2981/1015/204 2979/1016/204
f 2978/1022/204 2982/1019/204 2981/1015/204
f 2978/1022/204 2983/1023/204 2982/1019/204
f 2984/773/205 2985/1024/205 2986/879/205
f 2984/773/205 2987/1024/205 2985/1024/205
f 2988/1024/204 2989/879/204 2990/1024/204
f 2988/1024/204 2991/773/204 2989/879/204
f 2992/1025/204 2993/776/204 2994/779/204
f 2992/1025/204 2994/779/204 2995/1026/204
f 2992/1025/204 2995/1026/204 2996/1027/204
f 2992/1025/204 2996/1027/204 2997/1028/204
f 2997/1028/204 2996/1027/204 2998/1029/204
f 2999/1030/6 3000/1031/6 3001/1032/6
f 2999/1030/6 3002/1033/6 3000/1031/6
f 2999/1030/6 3003/1034/6 3002/1033/6
f 3004/813/717 3005/774/640 3006/773/718
f 3004/813/717 3006/773/718 3007/813/719
f 3008/879/3 3007/813/719 3006/773/718
f 3008/879/3 2034/880/3 3007/813/719
f 3009/1034/6 3010/1030/6 3011/1033/6
f 3011/1033/6 3010/1030/6 3012/1032/6
f 3011/1033/6 3012/1032/6 3013/1031/6
f 3014/1035/6 3015/828/6 3016/829/6
f 3014/1035/6 3017/1035/6 3015/828/6
f 3018/1025/720 3019/777/720 3020/776/720
f 3018/1025/720 3021/1036/720 3019/777/720
f 3022/1026/721 3023/779/721 3024/1037/722
f 3022/1026/721 3025/779/723 3023/779/721
f 3026/1038/724 3027/1039/725 3028/1040/726
f 3026/1038/724 3028/1040/726 3029/1041/727
f 3029/1041/727 3030/1013/728 3026/1038/724
f 3029/1041/727 3031/1042/729 3030/1013/728
f 3031/1042/729 3032/1013/730 3030/1013/728
f 3031/1042/729 3033/1043/731 3032/1013/730
f 3033/1043/731 3034/1044/732 3032/1013/730
f 3033/1043/731 3035/1043/733 3034/1044/732
f 3035/1043/733 3036/1044/734 3034/1044/732
f 3035/1043/733 3037/1045/734 3036/1044/734
f 3038/829/735 3039/828/735 3040/829/735
f 3038/829/735 3041/828/735 3039/828/735
f 3042/829/736 3043/1035/6 3044/1035/6
f 3042/829/736 3045/828/736 3043/1035/6
f 3046/828/737 3045/828/736 3042/829/736
f 3046/828/737 3042/829/736 3047/829/737
f 3048/1026/205 3049/779/205 3050/776/205
f 3048/1026/205 3050/776/205 3051/1025/205
f 3051/1025/205 3052/1027/205 3048/1026/205
f 3052/1027/205 3053/1046/738 3048/1026/205
f 3052/1027/205 3054/782/739 3053/1046/738
f 3053/1046/738 3054/782/739 3055/1047/740
f 3055/1047/740 3054/782/739 3056/1048/741
f 3056/1048/741 3054/782/739 3057/1049/742
f 3057/1049/742 3054/782/739 3058/1050/743
f 3051/1025/205 3059/1028/205 3052/1027/205
f 3052/1027/205 3059/1028/205 3060/1029/205
f 3058/1050/743 3054/782/739 3061/1051/744
f 3061/1051/744 3054/782/739 3062/1052/744
f 3062/1052/744 3054/782/739 3063/1053/743
f 3063/1053/743 3054/782/739 3064/1054/739
f 3064/1054/739 3054/782/739 3065/1055/738
f 3065/1055/738 3054/782/739 3066/1056/745
f 3066/1056/745 3054/782/739 3067/783/745
f 3067/783/745 3054/782/739 3068/784/746
f 3069/1036/747 3070/776/747 3071/777/747
f 3069/1036/747 3072/1025/747 3070/776/747
f 3073/1038/748 3074/1039/3 3075/1040/3
f 3073/1038/748 3075/1040/3 3076/1041/749
f 3076/1041/749 3077/1013/728 3073/1038/748
f 3076/1041/749 3078/1042/729 3077/1013/728
f 3078/1042/729 3079/1013/730 3077/1013/728
f 3078/1042/729 3080/1043/731 3079/1013/730
f 3080/1043/731 3081/1044/732 3079/1013/730
f 3080/1043/731 3082/1043/733 3081/1044/732
f 3082/1043/733 3083/1044/734 3081/1044/732
f 3082/1043/733 3084/1045/734 3083/1044/734
f 3085/1037/750 3086/779/750 3087/1026/751
f 3085/1037/750 3088/779/752 3086/779/750
f 3089/779/753 3090/778/753 3091/776/754
f 3089/779/753 3092/780/755 3090/778/753
f 3093/604/756 3094/1057/756 3095/606/756
f 3093/604/756 3096/1058/756 3094/1057/756
f 3097/781/757 3098/781/757 3099/831/758
f 3097/781/757 3099/831/758 3100/831/759
f 3100/831/759 3099/831/758 3101/1059/760
f 3100/831/759 3101/1059/760 3102/1059/760
f 3103/781/761 3104/1060/761 3105/833/450
f 3103/781/761 3105/833/450 3106/831/762
f 3106/831/762 3105/833/450 3107/1061/763
f 3106/831/762 3107/1061/763 3108/1059/763
f 3109/598/764 3110/1062/764 3111/599/765
f 3109/598/764 3112/1063/766 3110/1062/764
f 3113/831/767 3114/1059/767 3115/1059/768
f 3113/831/767 3116/831/769 3114/1059/767
f 3117/831/770 3118/1061/770 3119/1059/770
f 3117/831/770 3120/833/770 3118/1061/770
f 3121/636/771 3122/1064/771 3123/638/772
f 3121/636/771 3124/1065/773 3122/1064/771
f 3125/1059/774 3126/831/774 3127/831/775
f 3125/1059/774 3128/1059/776 3126/831/774
f 3129/1059/777 3130/833/777 3131/831/777
f 3129/1059/777 3132/1061/777 3130/833/777
f 3133/1066/778 3134/1066/779 3135/1066/779
f 3133/1066/778 3135/1066/779 3136/1066/780
f 3137/1066/781 3133/1066/778 3136/1066/780
f 3137/1066/781 3136/1066/780 3138/1066/782
f 3139/1067/783 3137/1066/781 3138/1066/782
f 3139/1067/783 3138/1066/782 3140/1067/784
f 3141/1067/785 3139/1067/783 3140/1067/784
f 3141/1067/785 3140/1067/784 3142/1067/786
f 3143/1068/787 3141/1067/785 3142/1067/786
f 3143/1068/787 3142/1067/786 3144/1068/788
f 3145/1069/789 3143/1068/787 3144/1068/788
f 3145/1069/789 3144/1068/788 3146/1069/789
f 3147/1070/205 3145/1069/789 3146/1069/789
f 3147/1070/205 3148/1070/205 3145/1069/789
f 3149/1071/205 3148/1070/205 3147/1070/205
f 3149/1071/205 3150/1071/205 3148/1070/205
f 3151/1072/790 3150/1071/205 3149/1071/205
f 3151/1072/790 3152/1072/790 3150/1071/205
f 3151/1072/790 3153/1072/791 3152/1072/790
f 3151/1072/790 3154/1072/791 3153/1072/791
f 3155/642/792 3156/1073/792 3157/644/793
f 3155/642/792 3158/1074/794 3156/1073/792
f 3159/1059/795 3160/831/795 3161/831/796
f 3159/1059/795 3162/1059/797 3160/831/795
f 3163/1059/798 3164/833/798 3165/831/798
f 3163/1059/798 3166/1061/798 3164/833/798
f 3167/620/799 3168/1075/799 3169/622/800
f 3167/620/799 3170/1076/801 3168/1075/799
f 3171/831/802 3172/1059/802 3173/1059/803
f 3171/831/802 3174/831/804 3172/1059/802
f 3175/831/805 3176/1061/805 3177/1059/805
f 3175/831/805 3178/833/805 3176/1061/805
f 3179/606/806 3180/1077/806 3181/608/806
f 3179/606/806 3182/1057/806 3180/1077/806
f 3183/1078/807 3184/1079/808 3185/1078/809
f 3183/1078/807 3186/1078/810 3184/1079/808
f 3187/1078/811 3186/1078/810 3183/1078/807
f 3187/1078/811 3183/1078/807 3188/1078/812
f 3189/1080/813 3187/1078/811 3188/1078/812
f 3189/1080/813 3188/1078/812 3190/1080/814
f 3191/1081/815 3189/1080/813 3190/1080/814
f 3191/1081/815 3190/1080/814 3192/1081/816
f 3193/1082/817 3191/1081/815 3192/1081/816
f 3193/1082/817 3192/1081/816 3194/1082/818
f 3195/1083/819 3193/1082/817 3194/1082/818
f 3195/1083/819 3194/1082/818 3196/1083/820
f 3197/1083/821 3195/1083/819 3196/1083/820
f 3197/1083/821 3196/1083/820 3198/1083/822
f 3199/906/823 3197/1083/821 3198/1083/822
f 3199/906/823 3198/1083/822 3200/906/824
f 3201/906/825 3199/906/823 3200/906/824
f 3201/906/825 3200/906/824 3202/906/826
f 3203/973/827 3201/906/825 3202/906/826
f 3203/973/827 3202/906/826 3204/842/828
f 3205/973/829 3203/973/827 3204/842/828
f 3205/973/829 3204/842/828 3206/973/830
f 3207/1084/830 3205/973/829 3206/973/830
f 3207/1084/830 3206/973/830 3208/1084/829
f 3209/1085/831 3207/1084/830 3208/1084/829
f 3209/1085/831 3208/1084/829 3210/1085/832
f 3211/1086/833 3209/1085/831 3210/1085/832
f 3211/1086/833 3210/1085/832 3212/1086/834
f 3213/1087/835 3211/1086/833 3212/1086/834
f 3213/1087/835 3212/1086/834 3214/1087/836
f 3215/1088/837 3213/1087/835 3214/1087/836
f 3215/1088/837 3214/1087/836 3216/1088/838
f 3217/1089/839 3215/1088/837 3216/1088/838
f 3217/1089/839 3216/1088/838 3218/1089/840
f 3219/1090/841 3217/1089/839 3218/1089/840
f 3219/1090/841 3218/1089/840 3220/1090/842
f 3221/1091/843 3219/1090/841 3220/1090/842
f 3221/1091/843 3220/1090/842 3222/1091/844
f 3223/1092/845 3221/1091/843 3222/1091/844
f 3223/1092/845 3222/1091/844 3224/1092/846
f 3225/781/847 3223/1092/845 3224/1092/846
f 3225/781/847 3224/1092/846 3226/781/848
f 3227/1093/849 3225/781/847 3226/781/848
f 3227/1093/849 3226/781/848 3228/1093/850
f 3229/1094/851 3227/1093/849 3228/1093/850
f 3229/1094/851 3228/1093/850 3230/1094/852
f 3231/1095/853 3229/1094/851 3230/1094/852
f 3231/1095/853 3230/1094/852 3232/1095/854
f 3233/815/855 3231/1095/853 3232/1095/854
f 3233/815/855 3232/1095/854 3234/815/856
f 3235/817/857 3233/815/855 3234/815/856
f 3235/817/857 3234/815/856 3236/817/858
f 3237/1096/859 3235/817/857 3236/817/858
f 3237/1096/859 3236/817/858 3238/1096/860
f 3239/1097/861 3237/1096/859 3238/1096/860
f 3239/1097/861 3238/1096/860 3240/1097/862
f 3241/1044/863 3239/1097/861 3240/1097/862
f 3241/1044/863 3240/1097/862 3242/1098/864
f 3243/781/865 3244/833/865 3245/831/865
f 3243/781/865 3246/1060/865 3244/833/865
f 3247/781/866 3248/831/866 3249/781/867
f 3247/781/866 3250/831/868 3248/831/866
f 3251/1099/427 3252/1099/427 3253/1078/427
f 3251/1099/427 3254/1099/427 3252/1099/427
f 3254/1099/427 3255/1024/427 3252/1099/427
f 3254/1099/427 3256/1100/427 3255/1024/427
f 3256/1100/427 3257/1024/427 3255/1024/427
f 3256/1100/427 3258/1024/427 3257/1024/427
f 3258/1024/427 3259/1101/427 3257/1024/427
f 3258/1024/427 3260/1101/427 3259/1101/427
f 3259/1101/427 3260/1101/427 3261/1102/427
f 3259/1101/427 3261/1102/427 3262/1102/427
f 3261/1102/427 3263/1103/427 3262/1102/427
f 3261/1102/427 3264/1103/427 3263/1103/427
f 3264/1103/427 3265/1103/427 3263/1103/427
f 3264/1103/427 3266/1103/427 3265/1103/427
f 3265/1103/427 3266/1103/427 3267/1104/427
f 3265/1103/427 3267/1104/427 3268/1104/427
f 3268/1104/427 3267/1104/427 3269/842/427
f 3268/1104/427 3269/842/427 3270/842/427
f 3271/973/427 3270/842/427 3269/842/427
f 3271/973/427 3269/842/427 3272/1105/427
f 3272/1105/427 3273/1084/427 3271/973/427
f 3272/1105/427 3274/1084/427 3273/1084/427
f 3274/1084/427 3275/1085/427 3273/1084/427
f 3274/1084/427 3276/1106/427 3275/1085/427
f 3276/1106/427 3277/1107/427 3275/1085/427
f 3276/1106/427 3278/1107/427 3277/1107/427
f 3278/1107/427 3279/1108/427 3277/1107/427
f 3278/1107/427 3280/1108/427 3279/1108/427
f 3280/1108/427 3281/1109/427 3279/1108/427
f 3280/1108/427 3282/1109/427 3281/1109/427
f 3281/1109/427 3282/1109/427 3283/1110/427
f 3281/1109/427 3283/1110/427 3284/1110/427
f 3283/1110/427 3285/1111/427 3284/1110/427
f 3283/1110/427 3286/1111/427 3285/1111/427
f 3286/1111/427 3287/1112/427 3285/1111/427
f 3286/1111/427 3288/1112/427 3287/1112/427
f 3288/1112/427 3289/1113/427 3287/1112/427
f 3288/1112/427 3290/1113/427 3289/1113/427
f 3290/1113/427 3291/1114/427 3289/1113/427
f 3290/1113/427 3292/1114/427 3291/1114/427
f 3292/1114/427 3293/1115/427 3291/1114/427
f 3292/1114/427 3294/1115/427 3293/1115/427
f 3294/1115/427 3295/1116/427 3293/1115/427
f 3294/1115/427 3296/1116/427 3295/1116/427
f 3296/1116/427 3297/1117/427 3295/1116/427
f 3296/1116/427 3298/1117/427 3297/1117/427
f 3297/1117/427 3298/1117/427 3299/1118/427
f 3297/1117/427 3299/1118/427 3300/1118/427
f 3299/1118/427 3301/1119/427 3300/1118/427
f 3299/1118/427 3302/1119/427 3301/1119/427
f 3302/1119/427 3303/1120/427 3301/1119/427
f 3302/1119/427 3304/1120/427 3303/1120/427
f 3303/1120/427 3304/1120/427 3305/813/427
f 3303/1120/427 3305/813/427 3306/813/427
f 3305/813/427 3307/880/427 3306/813/427
f 3305/813/427 3308/880/427 3307/880/427
f 3308/880/427 3309/1044/427 3307/880/427
f 3308/880/427 3310/1121/427 3309/1044/427
f 3311/1122/869 3312/592/869 3313/591/870
f 3311/1122/869 3314/1123/871 3312/592/869
f 3315/1040/872 3316/1040/873 3317/1040/874
f 3315/1040/872 3317/1040/874 3318/1040/875
f 3315/1040/872 3318/1040/875 3319/835/876
f 3315/1040/872 3319/835/876 3320/835/877
f 3320/835/877 3319/835/876 3321/1124/877
f 3320/835/877 3321/1124/877 3322/1124/878
f 3322/1124/878 3321/1124/877 3323/1125/878
f 3322/1124/878 3323/1125/878 3324/1125/879
f 3325/1126/880 3326/1033/880 3327/1127/880
f 3325/1126/880 3328/1031/880 3326/1033/880
f 3329/778/881 3330/779/881 3331/776/881
f 3329/778/881 3332/780/881 3330/779/881
f 3333/1126/882 3334/1033/882 3335/1031/883
f 3333/1126/882 3336/1127/884 3334/1033/882
f 3337/1127/427 3338/1034/427 3339/1033/427
f 3337/1127/427 3340/1128/427 3338/1034/427
f 3341/829/885 3342/828/885 3343/829/886
f 3341/829/885 3344/828/887 3342/828/885
f 3345/1037/888 3346/1046/888 3347/1026/889
f 3345/1037/888 3348/1129/890 3346/1046/888
f 3349/1129/891 3350/1047/891 3351/1046/891
f 3349/1129/891 3352/1130/891 3350/1047/891
f 3353/1130/892 3354/1048/892 3355/1047/892
f 3353/1130/892 3356/1131/892 3354/1048/892
f 3357/1131/893 3358/1049/893 3359/1048/893
f 3357/1131/893 3360/1132/893 3358/1049/893
f 3361/1049/894 3362/1133/894 3363/1050/894
f 3361/1049/894 3364/1132/894 3362/1133/894
f 3365/1133/895 3366/1051/895 3367/1050/895
f 3365/1133/895 3368/1134/895 3366/1051/895
f 3369/1134/896 3370/1052/896 3371/1051/896
f 3369/1134/896 3372/1135/896 3370/1052/896
f 3373/1135/897 3374/1053/897 3375/1052/897
f 3373/1135/897 3376/1136/897 3374/1053/897
f 3377/1136/898 3378/1054/898 3379/1053/898
f 3377/1136/898 3380/1137/898 3378/1054/898
f 3381/1137/899 3382/1055/899 3383/1054/899
f 3381/1137/899 3384/1138/899 3382/1055/899
f 3385/1055/900 3386/1139/900 3387/1056/900
f 3385/1055/900 3388/1138/900 3386/1139/900
f 3389/1139/901 3390/783/901 3391/1056/901
f 3389/1139/901 3392/1140/901 3390/783/901
f 3393/1140/902 3394/784/902 3395/783/903
f 3393/1140/902 3396/784/904 3394/784/902
f 3397/822/905 3398/819/905 3399/822/905
f 3397/822/905 3400/819/905 3398/819/905
f 3401/823/906 3402/822/906 3403/823/906
f 3401/823/906 3404/822/906 3402/822/906
f 3405/823/907 3406/821/907 3407/823/907
f 3405/823/907 3408/821/907 3406/821/907
f 3409/821/908 3410/821/908 3411/821/908
f 3409/821/908 3412/821/908 3410/821/908
f 3413/821/909 3414/821/909 3415/821/909
f 3413/821/909 3416/821/909 3414/821/909
f 3417/820/910 3418/821/910 3419/820/910
f 3417/820/910 3420/821/910 3418/821/910
f 3421/820/911 3422/820/911 3423/820/911
f 3421/820/911 3424/820/911 3422/820/911
f 3425/813/912 3426/820/912 3427/813/912
f 3425/813/912 3428/820/912 3426/820/912
f 3429/813/913 3430/813/913 3431/813/913
f 3429/813/913 3432/813/913 3430/813/913
f 3433/818/914 3434/813/914 3435/813/914
f 3433/818/914 3436/813/914 3434/813/914
f 3437/818/915 3438/813/915 3439/817/915
f 3437/818/915 3440/818/915 3438/813/915
f 3441/817/916 3442/817/916 3443/817/916
f 3441/817/916 3444/818/916 3442/817/916
f 3445/815/917 3446/817/917 3447/815/917
f 3445/815/917 3448/817/917 3446/817/917
f 3449/781/918 3450/815/918 3451/781/918
f 3449/781/918 3452/815/918 3450/815/918
f 3453/828/712 3454/829/712 3455/828/712
f 3453/828/712 3456/829/712 3454/829/712
f 3457/783/919 3458/784/919 3459/1140/919
f 3457/783/919 3460/784/919 3458/784/919
f 3461/1056/920 3462/1140/920 3463/1139/920
f 3461/1056/920 3464/783/920 3462/1140/920
f 3465/1055/921 3466/1139/921 3467/1138/921
f 3465/1055/921 3468/1056/921 3466/1139/921
f 3469/1054/922 3470/1138/922 3471/1137/922
f 3469/1054/922 3472/1055/922 3470/1138/922
f 3473/1053/923 3474/1137/923 3475/1136/923
f 3473/1053/923 3476/1054/923 3474/1137/923
f 3477/1052/924 3478/1136/924 3479/1135/924
f 3477/1052/924 3480/1053/924 3478/1136/924
f 3481/1051/925 3482/1135/925 3483/1134/925
f 3481/1051/925 3484/1052/925 3482/1135/925
f 3485/1050/926 3486/1134/926 3487/1133/926
f 3485/1050/926 3488/1051/926 3486/1134/926
f 3489/1049/927 3490/1133/927 3491/1132/927
f 3489/1049/927 3492/1050/927 3490/1133/927
f 3493/1048/928 3494/1132/928 3495/1131/928
f 3493/1048/928 3496/1049/928 3494/1132/928
f 3497/1047/929 3498/1131/929 3499/1130/929
f 3497/1047/929 3500/1048/929 3498/1131/929
f 3501/1046/930 3502/1130/930 3503/1129/930
f 3501/1046/930 3504/1047/930 3502/1130/930
f 3505/1026/931 3506/1129/931 3507/1037/931
f 3505/1026/931 3508/1046/931 3506/1129/931
f 3509/1141/932 3510/1035/3 3511/1142/3
f 3509/1141/932 3511/1142/3 3512/1143/933
f 3513/1141/934 3509/1141/932 3512/1143/933
f 3513/1141/934 3512/1143/933 3514/1143/935
f 3515/1141/936 3513/1141/934 3514/1143/935
f 3515/1141/936 3514/1143/935 3516/1143/937
f 3517/1144/734 3515/1141/936 3516/1143/937
f 3517/1144/734 3516/1143/937 3518/1145/938
f 3519/1144/939 3517/1144/734 3518/1145/938
f 3519/1144/939 3518/1145/938 3520/1145/940
f 3521/815/941 3519/1144/939 3520/1145/940
f 3521/815/941 3520/1145/940 3522/817/942
f 3523/815/943 3521/815/941 3522/817/942
f 3523/815/943 3522/817/942 3524/817/944
f 3525/1146/945 3523/815/943 3524/817/944
f 3525/1146/945 3524/817/944 3526/818/946
f 3527/1119/947 3525/1146/945 3526/818/946
f 3527/1119/947 3526/818/946 3528/1120/947
f 3529/1147/427 3530/1147/427 3531/827/427
f 3529/1147/427 3531/827/427 3532/827/427
f 3532/827/427 3531/827/427 3533/826/427
f 3532/827/427 3533/826/427 3534/826/427
f 3534/826/427 3533/826/427 3535/828/427
f 3534/826/427 3535/828/427 3536/828/427
f 3536/828/427 3535/828/427 3537/829/427
f 3536/828/427 3537/829/427 3538/829/427
f 3539/1083/680 3540/781/680 3541/781/680
f 3539/1083/680 3542/1148/680 3540/781/680
f 3543/1149/948 3544/831/948 3545/1149/949
f 3543/1149/948 3546/831/950 3544/831/948
f 3547/1059/951 3548/831/951 3549/1059/952
f 3547/1059/951 3550/831/953 3548/831/951
f 3551/1150/954 3552/831/954 3553/1150/954
f 3551/1150/954 3554/831/954 3552/831/954
f 3555/1059/955 3556/831/955 3557/1059/956
f 3555/1059/955 3558/831/957 3556/831/955
f 3559/1059/958 3560/831/958 3561/1059/958
f 3559/1059/958 3562/831/958 3560/831/958
f 3563/1059/959 3564/831/959 3565/1059/959
f 3563/1059/959 3566/831/959 3564/831/959
f 3567/1059/960 3568/831/960 3569/1059/960
f 3567/1059/960 3570/831/960 3568/831/960
f 3571/1059/961 3572/831/961 3573/1059/961
f 3571/1059/961 3574/831/961 3572/831/961
f 3575/831/962 3576/1059/962 3577/831/962
f 3575/831/962 3578/1059/962 3576/1059/962
f 3579/831/963 3580/1059/963 3581/831/964
f 3579/831/963 3582/1059/965 3580/1059/963
f 3583/831/966 3584/1059/966 3585/831/967
f 3583/831/966 3586/1059/968 3584/1059/966
f 3587/831/969 3588/1150/969 3589/831/969
f 3587/831/969 3590/1150/969 3588/1150/969
f 3591/831/970 3592/1059/970 3593/831/971
f 3591/831/970 3594/1059/972 3592/1059/970
f 3595/831/973 3596/1059/973 3597/831/974
f 3595/831/973 3598/1059/975 3596/1059/973
f 3599/831/976 3600/1059/976 3601/831/976
f 3599/831/976 3602/1059/976 3600/1059/976
f 3603/831/977 3604/1059/977 3605/831/978
f 3603/831/977 3606/1059/979 3604/1059/977
f 3607/1059/980 3608/831/980 3609/1059/981
f 3607/1059/980 3610/831/982 3608/831/980
f 3611/831/983 3612/1150/983 3613/831/984
f 3611/831/983 3614/1150/985 3612/1150/983
f 3615/831/986 3616/1059/986 3617/831/987
f 3615/831/986 3618/1059/988 3616/1059/986
f 3619/831/989 3620/1059/989 3621/831/990
f 3619/831/989 3622/1059/991 3620/1059/989
f 3623/831/992 3624/1150/992 3625/831/993
f 3623/831/992 3626/1150/994 3624/1150/992
f 3627/831/973 3628/1150/973 3629/831/995
f 3627/831/973 3630/1150/996 3628/1150/973
f 3631/814/997 3632/781/997 3633/781/715
f 3631/814/997 3634/814/674 3632/781/997
f 3635/1127/427 3636/1034/427 3637/1128/427
f 3635/1127/427 3638/1033/427 3636/1034/427
f 3639/821/998 3640/821/998 3641/821/998
f 3639/821/998 3642/821/998 3640/821/998
f 3643/782/999 3644/1047/1000 3645/1048/1001
f 3646/1046/1002 3644/1047/1000 3643/782/999
f 3647/1026/1003 3646/1046/1002 3643/782/999
f 3647/1026/1003 3643/782/999 3648/1027/1004
f 3649/1095/947 3650/1120/947 3651/818/1005
f 3649/1095/947 3651/818/1005 3652/1095/1005
f 3651/818/1005 3653/815/944 3652/1095/1005
f 3651/818/1005 3654/817/943 3653/815/944
f 3654/817/943 3655/815/942 3653/815/944
f 3654/817/943 3656/817/941 3655/815/942
f 3656/817/941 3657/1144/940 3655/815/942
f 3656/817/941 3658/1145/939 3657/1144/940
f 3658/1145/939 3659/1144/938 3657/1144/940
f 3658/1145/939 3660/1145/734 3659/1144/938
f 3660/1145/734 3661/1141/688 3659/1144/938
f 3660/1145/734 3662/1143/688 3661/1141/688
f 3661/1141/688 3662/1143/688 3663/1143/1006
f 3661/1141/688 3663/1143/1006 3664/1141/1006
f 3663/1143/1006 3665/1141/933 3664/1141/1006
f 3663/1143/1006 3666/1143/932 3665/1141/933
f 3666/1143/932 3667/1035/3 3665/1141/933
f 3666/1143/932 3668/1142/3 3667/1035/3
f 3669/817/1007 3670/817/1007 3671/817/1007
f 3669/817/1007 3672/817/1007 3670/817/1007
f 3673/818/1008 3674/813/1008 3675/818/1008
f 3673/818/1008 3676/813/1008 3674/813/1008
f 3677/1040/1009 3678/1040/1009 3679/1040/1010
f 3677/1040/1009 3680/1040/1011 3678/1040/1009
f 3681/835/1012 3682/1040/1012 3683/1040/1013
f 3681/835/1012 3684/835/677 3682/1040/1012
f 3685/608/1014 3686/1151/1014 3687/610/1015
f 3685/608/1014 3688/1077/1016 3686/1151/1014
f 3689/831/1017 3690/1061/1017 3691/1059/1017
f 3689/831/1017 3692/833/1017 3690/1061/1017
f 3693/1072/1018 3694/1072/1018 3695/1072/1018
f 3693/1072/1018 3696/1072/1018 3694/1072/1018
f 3697/1071/204 3698/1072/204 3699/1072/204
f 3697/1071/204 3700/1071/204 3698/1072/204
f 3701/907/1019 3700/1071/204 3697/1071/204
f 3701/907/1019 3702/907/1020 3700/1071/204
f 3703/871/1021 3702/907/1020 3701/907/1019
f 3703/871/1021 3704/907/1021 3702/907/1020
f 3705/869/1022 3704/907/1021 3703/871/1021
f 3705/869/1022 3703/871/1021 3706/869/1023
f 3707/869/1024 3705/869/1022 3706/869/1023
f 3707/869/1024 3706/869/1023 3708/869/1025
f 3709/869/1026 3707/869/1024 3708/869/1025
f 3709/869/1026 3708/869/1025 3710/869/1027
f 3711/1152/1028 3709/869/1026 3710/869/1027
f 3711/1152/1028 3710/869/1027 3712/1152/1029
f 3713/1152/1030 3711/1152/1028 3712/1152/1029
f 3713/1152/1030 3712/1152/1029 3714/1152/1031
f 3715/1153/1032 3713/1152/1030 3714/1152/1031
f 3715/1153/1032 3714/1152/1031 3716/1153/1033
f 3717/1153/1034 3715/1153/1032 3716/1153/1033
f 3717/1153/1034 3716/1153/1033 3718/1153/762
f 3719/886/1035 3717/1153/1034 3718/1153/762
f 3719/886/1035 3718/1153/762 3720/863/1036
f 3721/886/1037 3719/886/1035 3720/863/1036
f 3721/886/1037 3720/863/1036 3722/863/1038
f 3723/1069/1039 3721/886/1037 3722/863/1038
f 3723/1069/1039 3722/863/1038 3724/1069/1040
f 3725/1068/1040 3723/1069/1039 3724/1069/1040
f 3725/1068/1040 3724/1069/1040 3726/1068/1039
f 3727/1067/1041 3725/1068/1040 3726/1068/1039
f 3727/1067/1041 3726/1068/1039 3728/1067/1042
f 3729/1067/1043 3727/1067/1041 3728/1067/1042
f 3729/1067/1043 3728/1067/1042 3730/1067/1044
f 3731/1066/1032 3729/1067/1043 3730/1067/1044
f 3731/1066/1032 3730/1067/1044 3732/1066/1045
f 3733/1066/1046 3731/1066/1032 3732/1066/1045
f 3733/1066/1046 3732/1066/1045 3734/1066/1047
f 3735/1066/1048 3733/1066/1046 3734/1066/1047
f 3735/1066/1048 3734/1066/1047 3736/1066/1048
f 3737/1070/1049 3738/907/1050 3739/1070/1049
f 3737/1070/1049 3740/907/1051 3738/907/1050
f 3740/907/1051 3741/869/1052 3738/907/1050
f 3740/907/1051 3742/869/1053 3741/869/1052
f 3742/869/1053 3743/869/1054 3741/869/1052
f 3742/869/1053 3744/869/1054 3743/869/1054
f 3745/907/1055 3746/1070/1056 3747/1070/1056
f 3745/907/1055 3747/1070/1056 3748/907/1057
f 3749/869/1058 3745/907/1055 3748/907/1057
f 3749/869/1058 3748/907/1057 3750/869/1059
f 3751/869/1060 3749/869/1058 3750/869/1059
f 3751/869/1060 3750/869/1059 3752/869/1060
f 1661/783/647 3643/782/999 3753/1056/1061
f 3753/1056/1061 3643/782/999 3754/1055/647
f 3754/1055/647 3643/782/999 3755/1054/1062
f 3755/1054/1062 1660/782/646 3756/1053/646
f 3756/1053/646 1660/782/646 3757/1052/1063
f 3757/1052/1063 1660/782/646 3758/1051/1063
f 3758/1051/1063 1660/782/646 3759/1050/1064
f 3759/1050/1064 1660/782/646 3760/1049/1065
f 3760/1049/1065 1660/782/646 3645/1048/1001
f 3761/815/1066 3762/781/1066 3763/815/1066
f 3761/815/1066 3764/781/1066 3762/781/1066
f 3765/822/1066 3766/819/1066 3767/822/1066
f 3765/822/1066 3768/819/1066 3766/819/1066
f 3769/823/1067 3770/822/1067 3771/823/1067
f 3769/823/1067 3772/822/1067 3770/822/1067
f 3773/821/1068 3774/823/1068 3775/821/1068
f 3773/821/1068 3776/823/1068 3774/823/1068
f 3777/821/1069 3778/821/1069 3779/821/1069
f 3777/821/1069 3780/821/1069 3778/821/1069
f 3781/820/1070 3782/821/1070 3783/820/1070
f 3781/820/1070 3784/821/1070 3782/821/1070
f 3785/820/1071 3786/820/1071 3787/820/1071
f 3785/820/1071 3788/820/1071 3786/820/1071
f 3789/813/1072 3790/820/1072 3791/813/1072
f 3789/813/1072 3792/820/1072 3790/820/1072
f 3793/813/1073 3794/813/1073 3795/813/1073
f 3793/813/1073 3796/813/1073 3794/813/1073
f 3797/817/1074 3798/818/1074 3799/817/1074
f 3797/817/1074 3800/818/1074 3798/818/1074
f 3801/815/1075 3802/817/1075 3803/815/1075
f 3801/815/1075 3804/817/1075 3802/817/1075
f 3805/1154/1076 3806/408/1076 3807/646/1077
f 3805/1154/1076 3808/839/1078 3806/408/1076
f 3809/1073/1079 3810/646/1079 3811/644/1080
f 3809/1073/1079 3812/1154/1081 3810/646/1079
f 3813/1155/1082 3814/642/1082 3815/640/1082
f 3813/1155/1082 3816/1074/1082 3814/642/1082
f 3817/1064/1083 3818/640/1083 3819/638/1084
f 3817/1064/1083 3820/1155/1085 3818/640/1083
f 3821/1156/1086 3822/636/1086 3823/634/1086
f 3821/1156/1086 3824/1065/1086 3822/636/1086
f 3825/1157/1087 3826/634/1087 3827/632/1087
f 3825/1157/1087 3828/1156/1087 3826/634/1087
f 3829/1158/1088 3830/632/1088 3831/630/1088
f 3829/1158/1088 3832/1157/1088 3830/632/1088
f 3833/1159/1089 3834/630/1089 3835/628/1089
f 3833/1159/1089 3836/1158/1089 3834/630/1089
f 3837/1160/1090 3838/628/1090 3839/626/1090
f 3837/1160/1090 3840/1159/1090 3838/628/1090
f 3841/1161/1091 3842/626/1091 3843/624/1092
f 3841/1161/1091 3844/1160/1093 3842/626/1091
f 3845/1075/1094 3846/624/1094 3847/622/1095
f 3845/1075/1094 3848/1161/1096 3846/624/1094
f 3849/1162/1097 3850/620/1097 3851/618/1097
f 3849/1162/1097 3852/1076/1097 3850/620/1097
f 3853/1163/1098 3854/618/1098 3855/616/1099
f 3853/1163/1098 3856/1162/1100 3854/618/1098
f 3857/1164/1101 3858/616/1101 3859/614/1102
f 3857/1164/1101 3860/1163/1103 3858/616/1101
f 3861/1165/1104 3862/614/1104 3863/612/1104
f 3861/1165/1104 3864/1164/1104 3862/614/1104
f 3865/1151/1105 3866/612/1105 3867/610/1106
f 3865/1151/1105 3868/1165/1107 3866/612/1105
f 3869/1166/1108 3870/604/1108 3871/602/1109
f 3869/1166/1108 3872/1058/1110 3870/604/1108
f 3873/1062/1111 3874/602/1111 3875/599/1112
f 3873/1062/1111 3876/1166/1113 3874/602/1111
f 3877/1167/1114 3878/598/1114 3879/596/1115
f 3877/1167/1114 3880/1063/1116 3878/598/1114
f 3881/1168/1117 3882/596/1117 3883/594/1118
f 3881/1168/1117 3884/1167/1119 3882/596/1117
f 3885/1123/1120 3886/594/1120 3887/592/1121
f 3885/1123/1120 3888/1168/1122 3886/594/1120
f 3889/825/1123 3890/687/1123 3891/1169/1124
f 3889/825/1123 3892/685/671 3890/687/1123
f 3893/831/1125 3894/1061/1125 3895/1059/1125
f 3893/831/1125 3896/833/1125 3894/1061/1125
f 3897/833/1126 3898/1059/1126 3899/831/1126
f 3897/833/1126 3900/1061/1126 3898/1059/1126
f 3901/831/1127 3902/1170/1127 3903/1150/1127
f 3901/831/1127 3904/833/1127 3902/1170/1127
f 3905/833/1128 3906/1150/1128 3907/831/1128
f 3905/833/1128 3908/1170/1128 3906/1150/1128
f 3909/831/1129 3910/1061/1129 3911/1059/1129
f 3909/831/1129 3912/833/1129 3910/1061/1129
f 3913/833/1130 3914/1150/1130 3915/831/1130
f 3913/833/1130 3916/1170/1130 3914/1150/1130
f 3917/831/1131 3918/1061/1131 3919/1059/1131
f 3917/831/1131 3920/833/1131 3918/1061/1131
f 3921/831/1132 3922/1061/1132 3923/1059/1132
f 3921/831/1132 3924/833/1132 3922/1061/1132
f 3925/833/1133 3926/1059/1133 3927/831/1133
f 3925/833/1133 3928/1061/1133 3926/1059/1133
f 3929/831/1134 3930/1061/1134 3931/1059/1134
f 3929/831/1134 3932/833/1134 3930/1061/1134
f 3933/833/1135 3934/1150/1135 3935/831/1135
f 3933/833/1135 3936/1170/1135 3934/1150/1135
f 3937/831/1136 3938/1061/1136 3939/1059/1136
f 3937/831/1136 3940/833/1136 3938/1061/1136
f 3941/1061/1060 3942/831/1060 3943/1059/1060
f 3941/1061/1060 3944/833/1060 3942/831/1060
f 3945/1061/1137 3946/831/1137 3947/1059/1137
f 3945/1061/1137 3948/833/1137 3946/831/1137
f 3949/1061/1054 3950/831/1054 3951/1059/1054
f 3949/1061/1054 3952/833/1054 3950/831/1054
f 3953/1059/1138 3954/833/1138 3955/831/1138
f 3953/1059/1138 3956/1061/1138 3954/833/1138
f 3957/1170/1139 3958/831/1139 3959/1150/1139
f 3957/1170/1139 3960/833/1139 3958/831/1139
f 3961/1149/1140 3962/833/1140 3963/831/1140
f 3961/1149/1140 3964/390/1140 3962/833/1140
f 3965/1061/1141 3966/831/1141 3967/1059/1141
f 3965/1061/1141 3968/833/1141 3966/831/1141
f 3969/1061/1049 3970/831/1049 3971/1059/1049
f 3969/1061/1049 3972/833/1049 3970/831/1049
f 3973/833/1056 3974/1059/1056 3975/831/1056
f 3973/833/1056 3976/1061/1056 3974/1059/1056
f 3977/1171/205 3978/781/205 3979/1148/205
f 3977/1171/205 3980/1060/205 3978/781/205
f 3981/1172/1142 3982/787/1142 3983/789/1142
f 3981/1172/1142 3984/1173/1142 3982/787/1142
f 3985/787/1143 3986/1172/1143 3987/789/1143
f 3985/787/1143 3988/1173/1143 3986/1172/1143
f 3989/1173/1144 3990/789/1144 3991/787/1144
f 3989/1173/1144 3992/1172/1144 3990/789/1144
f 3993/790/1145 3994/787/1145 3995/789/1145
f 3993/790/1145 3996/786/1145 3994/787/1145
f 3997/788/1146 3998/789/1146 3999/787/1146
f 3997/788/1146 4000/791/1146 3998/789/1146
f 4001/786/1147 4002/789/1147 4003/787/1147
f 4001/786/1147 4004/790/1147 4002/789/1147
f 4005/791/1148 4006/787/1148 4007/789/1148
f 4005/791/1148 4008/788/1148 4006/787/1148
f 4009/1172/1149 4010/787/1149 4011/789/1149
f 4009/1172/1149 4012/1173/1149 4010/787/1149
f 4013/1174/1150 4014/788/1150 4015/786/1150
f 4013/1174/1150 4016/1175/1150 4014/788/1150
f 4017/1176/1151 4018/788/1151 4019/1175/1151
f 4017/1176/1151 4020/791/1151 4018/788/1151
f 4021/786/1152 4022/1175/1152 4023/1174/1152
f 4021/786/1152 4024/788/1152 4022/1175/1152
f 4025/791/1153 4026/1175/1153 4027/788/1153
f 4025/791/1153 4028/1176/1153 4026/1175/1153
f 4029/790/1154 4030/1176/1154 4031/791/1154
f 4029/790/1154 4032/1177/1154 4030/1176/1154
f 4033/1174/1155 4034/790/1155 4035/786/1155
f 4033/1174/1155 4036/1177/1155 4034/790/1155
f 4037/1177/1156 4038/791/1156 4039/1176/1156
f 4037/1177/1156 4040/790/1156 4038/791/1156
f 4041/786/1157 4042/1177/1157 4043/1174/1157
f 4041/786/1157 4044/790/1157 4042/1177/1157
f 4045/1172/1142 4046/787/1142 4047/789/1142
f 4045/1172/1142 4048/1173/1142 4046/787/1142
f 4049/787/1143 4050/1172/1143 4051/789/1143
f 4049/787/1143 4052/1173/1143 4050/1172/1143
f 4053/1173/1144 4054/789/1144 4055/787/1144
f 4053/1173/1144 4056/1172/1144 4054/789/1144
f 4057/790/1145 4058/787/1145 4059/789/1145
f 4057/790/1145 4060/786/1145 4058/787/1145
f 4061/788/1146 4062/789/1146 4063/787/1146
f 4061/788/1146 4064/791/1146 4062/789/1146
f 4065/786/1147 4066/789/1147 4067/787/1147
f 4065/786/1147 4068/790/1147 4066/789/1147
f 4069/791/1148 4070/787/1148 4071/789/1148
f 4069/791/1148 4072/788/1148 4070/787/1148
f 4073/1172/1149 4074/787/1149 4075/789/1149
f 4073/1172/1149 4076/1173/1149 4074/787/1149
f 4077/1174/1150 4078/788/1150 4079/786/1150
f 4077/1174/1150 4080/1175/1150 4078/788/1150
f 4081/1176/1151 4082/788/1151 4083/1175/1151
f 4081/1176/1151 4084/791/1151 4082/788/1151
f 4085/786/1152 4086/1175/1152 4087/1174/1152
f 4085/786/1152 4088/788/1152 4086/1175/1152
f 4089/791/1153 4090/1175/1153 4091/788/1153
f 4089/791/1153 4092/1176/1153 4090/1175/1153
f 4093/790/1154 4094/1176/1154 4095/791/1154
f 4093/790/1154 4096/1177/1154 4094/1176/1154
f 4097/1174/1155 4098/790/1155 4099/786/1155
f 4097/1174/1155 4100/1177/1155 4098/790/1155
f 4101/1177/1156 4102/791/1156 4103/1176/1156
f 4101/1177/1156 4104/790/1156 4102/791/1156
f 4105/786/1157 4106/1177/1157 4107/1174/1157
f 4105/786/1157 4108/790/1157 4106/1177/1157
f 4109/1172/1142 4110/787/1142 4111/789/1142
f 4109/1172/1142 4112/1173/1142 4110/787/1142
f 4113/787/1143 4114/1172/1143 4115/789/1143
f 4113/787/1143 4116/1173/1143 4114/1172/1143
f 4117/1173/1144 4118/789/1144 4119/787/1144
f 4117/1173/1144 4120/1172/1144 4118/789/1144
f 4121/790/1145 4122/787/1145 4123/789/1145
f 4121/790/1145 4124/786/1145 4122/787/1145
f 4125/788/1146 4126/789/1146 4127/787/1146
f 4125/788/1146 4128/791/1146 4126/789/1146
f 4129/786/1147 4130/789/1147 4131/787/1147
f 4129/786/1147 4132/790/1147 4130/789/1147
f 4133/791/1148 4134/787/1148 4135/789/1148
f 4133/791/1148 4136/788/1148 4134/787/1148
f 4137/1172/1149 4138/787/1149 4139/789/1149
f 4137/1172/1149 4140/1173/1149 4138/787/1149
f 4141/1174/1150 4142/788/1150 4143/786/1150
f 4141/1174/1150 4144/1175/1150 4142/788/1150
f 4145/1176/1151 4146/788/1151 4147/1175/1151
f 4145/1176/1151 4148/791/1151 4146/788/1151
f 4149/786/1152 4150/1175/1152 4151/1174/1152
f 4149/786/1152 4152/788/1152 4150/1175/1152
f 4153/791/1153 4154/1175/1153 4155/788/1153
f 4153/791/1153 4156/1176/1153 4154/1175/1153
f 4157/790/1154 4158/1176/1154 4159/791/1154
f 4157/790/1154 4160/1177/1154 4158/1176/1154
f 4161/1174/1155 4162/790/1155 4163/786/1155
f 4161/1174/1155 4164/1177/1155 4162/790/1155
f 4165/1177/1156 4166/791/1156 4167/1176/1156
f 4165/1177/1156 4168/790/1156 4166/791/1156
f 4169/786/1157 4170/1177/1157 4171/1174/1157
f 4169/786/1157 4172/790/1157 4170/1177/1157
f 4173/1172/1142 4174/787/1142 4175/789/1142
f 4173/1172/1142 4176/1173/1142 4174/787/1142
f 4177/787/1143 4178/1172/1143 4179/789/1143
f 4177/787/1143 4180/1173/1143 4178/1172/1143
f 4181/1173/1144 4182/789/1144 4183/787/1144
f 4181/1173/1144 4184/1172/1144 4182/789/1144
f 4185/790/1145 4186/787/1145 4187/789/1145
f 4185/790/1145 4188/786/1145 4186/787/1145
f 4189/788/1146 4190/789/1146 4191/787/1146
f 4189/788/1146 4192/791/1146 4190/789/1146
f 4193/786/1147 4194/789/1147 4195/787/1147
f 4193/786/1147 4196/790/1147 4194/789/1147
f 4197/791/1148 4198/787/1148 4199/789/1148
f 4197/791/1148 4200/788/1148 4198/787/1148
f 4201/1172/1149 4202/787/1149 4203/789/1149
f 4201/1172/1149 4204/1173/1149 4202/787/1149
f 4205/1174/1150 4206/788/1150 4207/786/1150
f 4205/1174/1150 4208/1175/1150 4206/788/1150
f 4209/1176/1151 4210/788/1151 4211/1175/1151
f 4209/1176/1151 4212/791/1151 4210/788/1151
f 4213/786/1152 4214/1175/1152 4215/1174/1152
f 4213/786/1152 4216/788/1152 4214/1175/1152
f 4217/791/1153 4218/1175/1153 4219/788/1153
f 4217/791/1153 4220/1176/1153 4218/1175/1153
f 4221/790/1154 4222/1176/1154 4223/791/1154
f 4221/790/1154 4224/1177/1154 4222/1176/1154
f 4225/1174/1155 4226/790/1155 4227/786/1155
f 4225/1174/1155 4228/1177/1155 4226/790/1155
f 4229/1177/1156 4230/791/1156 4231/1176/1156
f 4229/1177/1156 4232/790/1156 4230/791/1156
f 4233/786/1157 4234/1177/1157 4235/1174/1157
f 4233/786/1157 4236/790/1157 4234/1177/1157
f 4237/1178/204 4238/1179/204 4239/1180/204
f 4237/1178/204 4240/1181/204 4238/1179/204
f 4241/1181/205 4242/1180/205 4243/1179/205
f 4241/1181/205 4244/1178/205 4242/1180/205
f 4245/891/204 4246/890/204 4247/893/204
f 4245/891/204 4248/892/204 4246/890/204
f 4249/892/205 4250/893/205 4251/890/205
f 4249/892/205 4252/891/205 4250/893/205
f 4253/794/1158 4254/1182/1158 4255/1183/1158
f 4253/794/1158 4256/793/1158 4254/1182/1158
f 4257/794/1159 4258/1182/1159 4259/793/1160
f 4257/794/1159 4260/1183/1158 4258/1182/1159
f 4261/1182/3 4262/1184/3 4263/793/3
f 4261/1182/3 4264/1185/3 4262/1184/3
f 4261/1182/3 4265/1184/3 4264/1185/3
f 4261/1182/3 4266/793/3 4265/1184/3
f 4267/1186/1161 4268/1187/1161 4269/1188/1162
f 4267/1186/1161 4270/1189/1163 4268/1187/1161
f 4271/1190/3 4272/1191/3 4273/1192/3
f 4271/1190/3 4274/1185/3 4272/1191/3
f 4275/1190/3 4272/1191/3 4274/1185/3
f 4275/1190/3 4276/1192/3 4272/1191/3
f 4277/1192/427 4278/1193/427 4279/1194/427
f 4277/1192/427 4280/1191/427 4278/1193/427
f 4281/1192/427 4278/1193/427 4280/1191/427
f 4281/1192/427 4282/1194/427 4278/1193/427
f 4283/1194/3 4284/1195/3 4285/1196/3
f 4283/1194/3 4286/1193/3 4284/1195/3
f 4287/1194/3 4284/1195/3 4286/1193/3
f 4287/1194/3 4288/1196/3 4284/1195/3
f 4289/1197/6 4290/1198/6 4291/1199/6
f 4289/1197/6 4292/1200/6 4290/1198/6
f 4289/1197/6 4293/1198/6 4292/1200/6
f 4289/1197/6 4294/1199/6 4293/1198/6
f 4295/1201/6 4296/1202/6 4297/1203/6
f 4295/1201/6 4298/1204/6 4296/1202/6
f 4299/1184/6 4300/1182/6 4301/793/6
f 4299/1184/6 4302/1185/6 4300/1182/6
f 4303/1184/6 4300/1182/6 4302/1185/6
f 4303/1184/6 4304/793/6 4300/1182/6
f 4305/1205/427 4306/1206/427 4307/1207/427
f 4305/1205/427 4308/1208/427 4306/1206/427
f 4305/1205/427 4309/1206/427 4308/1208/427
f 4305/1205/427 4310/1207/427 4309/1206/427
f 4311/1209/684 4312/1210/684 4313/1211/684
f 4311/1209/684 4314/1212/684 4312/1210/684
f 4315/1213/684 4314/1212/684 4311/1209/684
f 4315/1213/684 4316/1214/684 4314/1212/684
f 4315/1213/684 4317/1212/684 4316/1214/684
f 4315/1213/684 4318/1209/684 4317/1212/684
f 4318/1209/684 4319/1210/684 4317/1212/684
f 4318/1209/684 4320/1211/684 4319/1210/684
f 4321/1215/427 4322/1187/427 4323/1209/427
f 4321/1215/427 4323/1209/427 4324/1211/427
f 4325/1216/427 4321/1215/427 4324/1211/427
f 4325/1216/427 4324/1211/427 4326/1210/427
f 4327/1217/427 4325/1216/427 4326/1210/427
f 4327/1217/427 4326/1210/427 4328/1212/427
f 4329/1214/427 4327/1217/427 4328/1212/427
f 4329/1214/427 4330/1218/427 4327/1217/427
f 4329/1214/427 4331/1217/427 4330/1218/427
f 4329/1214/427 4332/1212/427 4331/1217/427
f 4331/1217/427 4332/1212/427 4333/1210/427
f 4331/1217/427 4333/1210/427 4334/1216/427
f 4334/1216/427 4333/1210/427 4335/1211/427
f 4334/1216/427 4335/1211/427 4336/1215/427
f 4336/1215/427 4335/1211/427 4337/1209/427
f 4336/1215/427 4337/1209/427 4338/1187/427
f 4339/1198/1164 4340/1219/1164 4341/1199/1164
f 4339/1198/1164 4342/1220/1164 4340/1219/1164
f 4343/1221/1165 4344/1196/1165 4345/1222/1165
f 4343/1221/1165 4346/1194/1165 4344/1196/1165
f 4347/1223/204 4348/1224/204 4349/1225/204
f 4347/1223/204 4350/1226/204 4348/1224/204
f 4351/1183/1166 4352/794/1166 4353/793/1166
f 4351/1183/1166 4353/793/1166 4354/1182/1166
f 4351/1183/1166 4354/1182/1166 4355/793/1166
f 4351/1183/1166 4355/793/1166 4356/794/1166
f 4357/1227/1167 4358/1228/1167 4359/1229/1167
f 4357/1227/1167 4360/1230/1167 4358/1228/1167
f 4361/1231/1168 4362/793/1168 4363/792/1168
f 4361/1231/1168 4364/1184/1168 4362/793/1168
f 4365/1232/204 4366/1230/204 4367/1227/204
f 4365/1232/204 4368/1233/204 4366/1230/204
f 4369/1184/1169 4370/792/1169 4371/793/1169
f 4369/1184/1169 4372/1231/1169 4370/792/1169
f 4373/1187/427 4374/1234/427 4375/1188/427
f 4373/1187/427 4376/1215/427 4374/1234/427
f 4376/1215/427 4377/1235/427 4374/1234/427
f 4376/1215/427 4378/1216/427 4377/1235/427
f 4378/1216/427 4379/1236/427 4377/1235/427
f 4378/1216/427 4380/1217/427 4379/1236/427
f 4380/1217/427 4381/1237/427 4379/1236/427
f 4380/1217/427 4382/1218/427 4381/1237/427
f 4383/1217/427 4381/1237/427 4382/1218/427
f 4383/1217/427 4384/1236/427 4381/1237/427
f 4385/1216/427 4384/1236/427 4383/1217/427
f 4385/1216/427 4386/1235/427 4384/1236/427
f 4387/1215/427 4386/1235/427 4385/1216/427
f 4387/1215/427 4388/1234/427 4386/1235/427
f 4389/1203/1032 4390/1238/1032 4391/1201/1032
f 4389/1203/1032 4392/1239/1032 4390/1238/1032
f 4393/1240/204 4394/1241/204 4395/1242/204
f 4393/1240/204 4396/1243/204 4394/1241/204
f 4397/1192/1170 4398/1244/1170 4399/1190/1170
f 4397/1192/1170 4400/1245/1170 4398/1244/1170
f 4401/1186/1163 4402/1187/1163 4403/1189/1163
f 4401/1186/1163 4404/1188/1163 4402/1187/1163
f 4405/1246/6 4406/1247/6 4407/1248/6
f 4405/1246/6 4408/1249/6 4406/1247/6
f 4409/1198/1171 4410/1219/1171 4411/1220/1171
f 4409/1198/1171 4412/1199/1171 4410/1219/1171
f 4413/1221/1172 4414/1196/1172 4415/1194/1172
f 4413/1221/1172 4416/1222/1172 4414/1196/1172
f 4417/1250/205 4418/1251/205 4419/1252/205
f 4417/1250/205 4420/1253/205 4418/1251/205
f 4421/1227/1173 4422/1228/1173 4423/1230/1173
f 4421/1227/1173 4424/1229/1173 4422/1228/1173
f 4425/1231/1174 4426/793/1174 4427/1184/1174
f 4425/1231/1174 4428/792/1174 4426/793/1174
f 4429/1232/205 4430/1230/205 4431/1233/205
f 4429/1232/205 4432/1227/205 4430/1230/205
f 4433/1184/485 4434/792/485 4435/1231/485
f 4433/1184/485 4436/793/485 4434/792/485
f 4437/1187/1175 4438/1234/1175 4439/1215/427
f 4437/1187/1175 4440/1188/1176 4438/1234/1175
f 4441/1249/1177 4442/1254/1177 4443/1255/1177
f 4441/1249/1177 4444/1246/1177 4442/1254/1177
f 4445/1240/205 4446/1241/205 4447/1243/205
f 4445/1240/205 4448/1242/205 4446/1241/205
f 4449/1192/1178 4450/1244/1178 4451/1245/1178
f 4449/1192/1178 4452/1190/1178 4450/1244/1178
f 4453/1256/1179 4454/798/1179 4455/795/1179
f 4453/1256/1179 4456/1257/1179 4454/798/1179
f 4457/1257/1180 4458/795/1180 4459/798/1180
f 4457/1257/1180 4460/1256/1180 4458/795/1180
f 4461/799/1181 4462/795/1181 4463/797/1181
f 4461/799/1181 4464/798/1181 4462/795/1181
f 4465/796/1182 4466/798/1182 4467/800/1182
f 4465/796/1182 4468/795/1182 4466/798/1182
f 4469/797/1183 4470/798/1183 4471/799/1183
f 4469/797/1183 4472/795/1183 4470/798/1183
f 4473/800/1184 4474/795/1184 4475/796/1184
f 4473/800/1184 4476/798/1184 4474/795/1184
f 4477/1256/1185 4478/798/1185 4479/795/1185
f 4477/1256/1185 4480/1257/1185 4478/798/1185
f 4481/798/1186 4482/1256/1186 4483/795/1186
f 4481/798/1186 4484/1257/1186 4482/1256/1186
f 4485/1258/1187 4486/797/1187 4487/1259/1187
f 4485/1258/1187 4488/796/1187 4486/797/1187
f 4489/1259/1188 4490/799/1188 4491/797/1188
f 4489/1259/1188 4492/1260/1188 4490/799/1188
f 4493/796/1189 4494/1259/1189 4495/797/1189
f 4493/796/1189 4496/1258/1189 4494/1259/1189
f 4497/797/1190 4498/1260/1190 4499/1259/1190
f 4497/797/1190 4500/799/1190 4498/1260/1190
f 4501/800/1191 4502/1260/1191 4503/1261/1191
f 4501/800/1191 4504/799/1191 4502/1260/1191
f 4505/1258/1192 4506/800/1192 4507/1261/1192
f 4505/1258/1192 4508/796/1192 4506/800/1192
f 4509/1261/1193 4510/799/1193 4511/800/1193
f 4509/1261/1193 4512/1260/1193 4510/799/1193
f 4513/796/1194 4514/1261/1194 4515/800/1194
f 4513/796/1194 4516/1258/1194 4514/1261/1194
f 4517/1256/1179 4518/798/1179 4519/795/1179
f 4517/1256/1179 4520/1257/1179 4518/798/1179
f 4521/1257/1180 4522/795/1180 4523/798/1180
f 4521/1257/1180 4524/1256/1180 4522/795/1180
f 4525/799/1181 4526/795/1181 4527/797/1181
f 4525/799/1181 4528/798/1181 4526/795/1181
f 4529/796/1182 4530/798/1182 4531/800/1182
f 4529/796/1182 4532/795/1182 4530/798/1182
f 4533/797/1183 4534/798/1183 4535/799/1183
f 4533/797/1183 4536/795/1183 4534/798/1183
f 4537/800/1184 4538/795/1184 4539/796/1184
f 4537/800/1184 4540/798/1184 4538/795/1184
f 4541/1256/1185 4542/798/1185 4543/795/1185
f 4541/1256/1185 4544/1257/1185 4542/798/1185
f 4545/798/1186 4546/1256/1186 4547/795/1186
f 4545/798/1186 4548/1257/1186 4546/1256/1186
f 4549/1258/1187 4550/797/1187 4551/1259/1187
f 4549/1258/1187 4552/796/1187 4550/797/1187
f 4553/1259/1188 4554/799/1188 4555/797/1188
f 4553/1259/1188 4556/1260/1188 4554/799/1188
f 4557/796/1189 4558/1259/1189 4559/797/1189
f 4557/796/1189 4560/1258/1189 4558/1259/1189
f 4561/797/1190 4562/1260/1190 4563/1259/1190
f 4561/797/1190 4564/799/1190 4562/1260/1190
f 4565/800/1191 4566/1260/1191 4567/1261/1191
f 4565/800/1191 4568/799/1191 4566/1260/1191
f 4569/1258/1192 4570/800/1192 4571/1261/1192
f 4569/1258/1192 4572/796/1192 4570/800/1192
f 4573/1261/1193 4574/799/1193 4575/800/1193
f 4573/1261/1193 4576/1260/1193 4574/799/1193
f 4577/796/1194 4578/1261/1194 4579/800/1194
f 4577/796/1194 4580/1258/1194 4578/1261/1194
f 4581/1262/205 4582/1263/205 4583/1264/205
f 4581/1262/205 4584/1265/205 4582/1263/205
f 4581/1262/205 4585/1266/205 4584/1265/205
f 4581/1262/205 4586/1267/205 4585/1266/205
f 4581/1262/205 4587/1268/205 4586/1267/205
f 4588/1269/205 4587/1268/205 4581/1262/205
f 4588/1269/205 4581/1262/205 4589/1270/205
f 4588/1269/205 4589/1270/205 4590/1262/205
f 4588/1269/205 4590/1262/205 4591/1268/205
f 4590/1262/205 4592/1267/205 4591/1268/205
f 4590/1262/205 4593/1266/205 4592/1267/205
f 4590/1262/205 4594/1265/205 4593/1266/205
f 4590/1262/205 4595/1263/205 4594/1265/205
f 4590/1262/205 4596/1264/205 4595/1263/205
f 4597/1262/204 4598/1263/204 4599/1264/204
f 4597/1262/204 4600/1265/204 4598/1263/204
f 4597/1262/204 4601/1266/204 4600/1265/204
f 4597/1262/204 4602/1267/204 4601/1266/204
f 4597/1262/204 4603/1268/204 4602/1267/204
f 4604/1269/204 4603/1268/204 4597/1262/204
f 4604/1269/204 4597/1262/204 4605/1270/204
f 4604/1269/204 4605/1270/204 4606/1262/204
f 4604/1269/204 4606/1262/204 4607/1268/204
f 4607/1268/204 4606/1262/204 4608/1267/204
f 4608/1267/204 4606/1262/204 4609/1266/204
f 4609/1266/204 4606/1262/204 4610/1265/204
f 4610/1265/204 4606/1262/204 4611/1264/204
f 4610/1265/204 4611/1264/204 4612/1263/204
f 4613/1271/1195 4614/1272/1195 4615/1273/1196
f 4613/1271/1195 4615/1273/1196 4616/1274/1197
f 4616/1274/1197 4615/1273/1196 4617/1275/1198
f 4616/1274/1197 4617/1275/1198 4618/1276/1199
f 4618/1276/1199 4617/1275/1198 4619/1277/1200
f 4618/1276/1199 4619/1277/1200 4620/1278/1201
f 4620/1278/1201 4619/1277/1200 4621/1279/1202
f 4620/1278/1201 4621/1279/1202 4622/1280/1202
f 4623/1280/3 4624/1281/3 4625/1282/3
f 4623/1280/3 4626/1279/3 4624/1281/3
f 4627/1283/684 4628/1272/684 4629/1271/684
f 4627/1283/684 4630/1284/684 4628/1272/684
f 4627/1283/684 4631/1272/684 4630/1284/684
f 4627/1283/684 4632/1271/684 4631/1272/684
f 4633/1271/1203 4634/1273/1204 4635/1272/1203
f 4633/1271/1203 4636/1274/1205 4634/1273/1204
f 4636/1274/1205 4637/1275/1206 4634/1273/1204
f 4636/1274/1205 4638/1276/1207 4637/1275/1206
f 4638/1276/1207 4639/1277/1208 4637/1275/1206
f 4638/1276/1207 4640/1278/1209 4639/1277/1208
f 4640/1278/1209 4641/1279/1210 4639/1277/1208
f 4640/1278/1209 4642/1280/1210 4641/1279/1210
f 4643/1280/6 4644/1281/6 4645/1279/6
f 4643/1280/6 4646/1282/6 4644/1281/6
f 4647/1285/684 4648/1286/684 4649/1287/684
f 4647/1285/684 4650/1288/684 4648/1286/684
f 4651/1289/1211 4652/804/1211 4653/801/1211
f 4651/1289/1211 4654/1290/1211 4652/804/1211
f 4655/1290/1212 4656/801/1212 4657/804/1212
f 4655/1290/1212 4658/1289/1212 4656/801/1212
f 4659/806/1213 4660/801/1213 4661/803/1213
f 4659/806/1213 4662/804/1213 4660/801/1213
f 4663/810/1214 4664/809/1214 4665/807/1214
f 4663/810/1214 4666/812/1214 4664/809/1214
f 4667/802/1215 4668/804/1215 4669/805/1215
f 4667/802/1215 4670/801/1215 4668/804/1215
f 4671/807/1216 4672/812/1216 4673/810/1216
f 4671/807/1216 4674/809/1216 4672/812/1216
f 4675/803/1217 4676/804/1217 4677/806/1217
f 4675/803/1217 4678/801/1217 4676/804/1217
f 4679/807/1218 4680/811/1218 4681/810/1218
f 4679/807/1218 4682/808/1218 4680/811/1218
f 4683/805/1219 4684/801/1219 4685/802/1219
f 4683/805/1219 4686/804/1219 4684/801/1219
f 4687/810/1220 4688/808/1220 4689/807/1220
f 4687/810/1220 4690/811/1220 4688/808/1220
f 4691/1289/1221 4692/804/1221 4693/801/1221
f 4691/1289/1221 4694/1290/1221 4692/804/1221
f 4695/804/1222 4696/1289/1222 4697/801/1222
f 4695/804/1222 4698/1290/1222 4696/1289/1222
f 4699/808/1223 4700/803/1223 4701/809/1223
f 4699/808/1223 4702/802/1223 4700/803/1223
f 4703/809/1224 4704/806/1224 4705/803/1224
f 4703/809/1224 4706/812/1224 4704/806/1224
f 4707/802/1225 4708/809/1225 4709/803/1225
f 4707/802/1225 4710/808/1225 4708/809/1225
f 4711/803/1226 4712/812/1226 4713/809/1226
f 4711/803/1226 4714/806/1226 4712/812/1226
f 4715/805/1227 4716/812/1227 4717/811/1227
f 4715/805/1227 4718/806/1227 4716/812/1227
f 4719/808/1228 4720/805/1228 4721/811/1228
f 4719/808/1228 4722/802/1228 4720/805/1228
f 4723/811/1229 4724/806/1229 4725/805/1229
f 4723/811/1229 4726/812/1229 4724/806/1229
f 4727/802/1230 4728/811/1230 4729/805/1230
f 4727/802/1230 4730/808/1230 4728/811/1230
f 4731/1262/205 4732/1263/205 4733/1264/205
f 4731/1262/205 4734/1265/205 4732/1263/205
f 4731/1262/205 4735/1266/205 4734/1265/205
f 4731/1262/205 4736/1267/205 4735/1266/205
f 4731/1262/205 4737/1268/205 4736/1267/205
f 4738/1269/205 4737/1268/205 4731/1262/205
f 4738/1269/205 4731/1262/205 4739/1270/205
f 4738/1269/205 4739/1270/205 4740/1262/205
f 4738/1269/205 4740/1262/205 4741/1268/205
f 4740/1262/205 4742/1267/205 4741/1268/205
f 4740/1262/205 4743/1266/205 4742/1267/205
f 4740/1262/205 4744/1265/205 4743/1266/205
f 4740/1262/205 4745/1263/205 4744/1265/205
f 4740/1262/205 4746/1264/205 4745/1263/205
f 4747/1262/204 4748/1263/204 4749/1264/204
f 4747/1262/204 4750/1265/204 4748/1263/204
f 4747/1262/204 4751/1266/204 4750/1265/204
f 4747/1262/204 4752/1267/204 4751/1266/204
f 4747/1262/204 4753/1268/204 4752/1267/204
f 4754/1269/204 4753/1268/204 4747/1262/204
f 4754/1269/204 4747/1262/204 4755/1270/204
f 4754/1269/204 4755/1270/204 4756/1262/204
f 4754/1269/204 4756/1262/204 4757/1268/204
f 4757/1268/204 4756/1262/204 4758/1267/204
f 4758/1267/204 4756/1262/204 4759/1266/204
f 4759/1266/204 4756/1262/204 4760/1265/204
f 4760/1265/204 4756/1262/204 4761/1264/204
f 4760/1265/204 4761/1264/204 4762/1263/204
f 4763/1271/1195 4764/1272/1195 4765/1273/1196
f 4763/1271/1195 4765/1273/1196 4766/1274/1197
f 4766/1274/1197 4765/1273/1196 4767/1275/1198
f 4766/1274/1197 4767/1275/1198 4768/1276/1199
f 4768/1276/1199 4767/1275/1198 4769/1277/1200
f 4768/1276/1199 4769/1277/1200 4770/1278/1201
f 4770/1278/1201 4769/1277/1200 4771/1279/1202
f 4770/1278/1201 4771/1279/1202 4772/1280/1202
f 4773/1280/3 4774/1281/3 4775/1282/3
f 4773/1280/3 4776/1279/3 4774/1281/3
f 4777/1283/684 4778/1272/684 4779/1271/684
f 4777/1283/684 4780/1284/684 4778/1272/684
f 4777/1283/684 4781/1272/684 4780/1284/684
f 4777/1283/684 4782/1271/684 4781/1272/684
f 4783/1271/1203 4784/1273/1204 4785/1272/1203
f 4783/1271/1203 4786/1274/1205 4784/1273/1204
f 4786/1274/1205 4787/1275/1206 4784/1273/1204
f 4786/1274/1205 4788/1276/1207 4787/1275/1206
f 4788/1276/1207 4789/1277/1208 4787/1275/1206
f 4788/1276/1207 4790/1278/1209 4789/1277/1208
f 4790/1278/1209 4791/1279/1210 4789/1277/1208
f 4790/1278/1209 4792/1280/1210 4791/1279/1210
f 4793/1280/6 4794/1281/6 4795/1279/6
f 4793/1280/6 4796/1282/6 4794/1281/6
f 4797/1285/684 4798/1286/684 4799/1287/684
f 4797/1285/684 4800/1288/684 4798/1286/684
f 4801/1289/1211 4802/804/1211 4803/801/1211
f 4801/1289/1211 4804/1290/1211 4802/804/1211
f 4805/1290/1212 4806/801/1212 4807/804/1212
f 4805/1290/1212 4808/1289/1212 4806/801/1212
f 4809/806/1213 4810/801/1213 4811/803/1213
f 4809/806/1213 4812/804/1213 4810/801/1213
f 4813/810/1214 4814/809/1214 4815/807/1214
f 4813/810/1214 4816/812/1214 4814/809/1214
f 4817/802/1215 4818/804/1215 4819/805/1215
f 4817/802/1215 4820/801/1215 4818/804/1215
f 4821/807/1216 4822/812/1216 4823/810/1216
f 4821/807/1216 4824/809/1216 4822/812/1216
f 4825/803/1217 4826/804/1217 4827/806/1217
f 4825/803/1217 4828/801/1217 4826/804/1217
f 4829/807/1218 4830/811/1218 4831/810/1218
f 4829/807/1218 4832/808/1218 4830/811/1218
f 4833/805/1219 4834/801/1219 4835/802/1219
f 4833/805/1219 4836/804/1219 4834/801/1219
f 4837/810/1220 4838/808/1220 4839/807/1220
f 4837/810/1220 4840/811/1220 4838/808/1220
f 4841/1289/1221 4842/804/1221 4843/801/1221
f 4841/1289/1221 4844/1290/1221 4842/804/1221
f 4845/804/1222 4846/1289/1222 4847/801/1222
f 4845/804/1222 4848/1290/1222 4846/1289/1222
f 4849/808/1223 4850/803/1223 4851/809/1223
f 4849/808/1223 4852/802/1223 4850/803/1223
f 4853/809/1224 4854/806/1224 4855/803/1224
f 4853/809/1224 4856/812/1224 4854/806/1224
f 4857/802/1225 4858/809/1225 4859/803/1225
f 4857/802/1225 4860/808/1225 4858/809/1225
f 4861/803/1226 4862/812/1226 4863/809/1226
f 4861/803/1226 4864/806/1226 4862/812/1226
f 4865/805/1227 4866/812/1227 4867/811/1227
f 4865/805/1227 4868/806/1227 4866/812/1227
f 4869/808/1228 4870/805/1228 4871/811/1228
f 4869/808/1228 4872/802/1228 4870/805/1228
f 4873/811/1229 4874/806/1229 4875/805/1229
f 4873/811/1229 4876/812/1229 4874/806/1229
f 4877/802/1230 4878/811/1230 4879/805/1230
f 4877/802/1230 4880/808/1230 4878/811/1230
f 4881/1262/205 4882/1263/205 4883/1264/205
f 4881/1262/205 4884/1265/205 4882/1263/205
f 4881/1262/205 4885/1266/205 4884/1265/205
f 4881/1262/205 4886/1267/205 4885/1266/205
f 4881/1262/205 4887/1268/205 4886/1267/205
f 4888/1269/205 4887/1268/205 4881/1262/205
f 4888/1269/205 4881/1262/205 4889/1270/205
f 4888/1269/205 4889/1270/205 4890/1262/205
f 4888/1269/205 4890/1262/205 4891/1268/205
f 4890/1262/205 4892/1267/205 4891/1268/205
f 4890/1262/205 4893/1266/205 4892/1267/205
f 4890/1262/205 4894/1265/205 4893/1266/205
f 4890/1262/205 4895/1263/205 4894/1265/205
f 4890/1262/205 4896/1264/205 4895/1263/205
f 4897/1262/204 4898/1263/204 4899/1264/204
f 4897/1262/204 4900/1265/204 4898/1263/204
f 4897/1262/204 4901/1266/204 4900/1265/204
f 4897/1262/204 4902/1267/204 4901/1266/204
f 4897/1262/204 4903/1268/204 4902/1267/204
f 4904/1269/204 4903/1268/204 4897/1262/204
f 4904/1269/204 4897/1262/204 4905/1270/204
f 4904/1269/204 4905/1270/204 4906/1262/204
f 4904/1269/204 4906/1262/204 4907/1268/204
f 4907/1268/204 4906/1262/204 4908/1267/204
f 4908/1267/204 4906/1262/204 4909/1266/204
f 4909/1266/204 4906/1262/204 4910/1265/204
f 4910/1265/204 4906/1262/204 4911/1264/204
f 4910/1265/204 4911/1264/204 4912/1263/204
f 4913/1271/1195 4914/1272/1195 4915/1273/1196
f 4913/1271/1195 4915/1273/1196 4916/1274/1197
f 4916/1274/1197 4915/1273/1196 4917/1275/1198
f 4916/1274/1197 4917/1275/1198 4918/1276/1199
f 4918/1276/1199 4917/1275/1198 4919/1277/1200
f 4918/1276/1199 4919/1277/1200 4920/1278/1201
f 4920/1278/1201 4919/1277/1200 4921/1279/1202
f 4920/1278/1201 4921/1279/1202 4922/1280/1202
f 4923/1280/3 4924/1281/3 4925/1282/3
f 4923/1280/3 4926/1279/3 4924/1281/3
f 4927/1283/684 4928/1272/684 4929/1271/684
f 4927/1283/684 4930/1284/684 4928/1272/684
f 4927/1283/684 4931/1272/684 4930/1284/684
f 4927/1283/684 4932/1271/684 4931/1272/684
f 4933/1271/1203 4934/1273/1204 4935/1272/1203
f 4933/1271/1203 4936/1274/1205 4934/1273/1204
f 4936/1274/1205 4937/1275/1206 4934/1273/1204
f 4936/1274/1205 4938/1276/1207 4937/1275/1206
f 4938/1276/1207 4939/1277/1208 4937/1275/1206
f 4938/1276/1207 4940/1278/1209 4939/1277/1208
f 4940/1278/1209 4941/1279/1210 4939/1277/1208
f 4940/1278/1209 4942/1280/1210 4941/1279/1210
f 4943/1280/6 4944/1281/6 4945/1279/6
f 4943/1280/6 4946/1282/6 4944/1281/6
f 4947/1285/684 4948/1286/684 4949/1287/684
f 4947/1285/684 4950/1288/684 4948/1286/684
f 4951/1289/1211 4952/804/1211 4953/801/1211
f 4951/1289/1211 4954/1290/1211 4952/804/1211
f 4955/1290/1212 4956/801/1212 4957/804/1212
f 4955/1290/1212 4958/1289/1212 4956/801/1212
f 4959/806/1213 4960/801/1213 4961/803/1213
f 4959/806/1213 4962/804/1213 4960/801/1213
f 4963/810/1214 4964/809/1214 4965/807/1214
f 4963/810/1214 4966/812/1214 4964/809/1214
f 4967/802/1215 4968/804/1215 4969/805/1215
f 4967/802/1215 4970/801/1215 4968/804/1215
f 4971/807/1216 4972/812/1216 4973/810/1216
f 4971/807/1216 4974/809/1216 4972/812/1216
f 4975/803/1217 4976/804/1217 4977/806/1217
f 4975/803/1217 4978/801/1217 4976/804/1217
f 4979/807/1218 4980/811/1218 4981/810/1218
f 4979/807/1218 4982/808/1218 4980/811/1218
f 4983/805/1219 4984/801/1219 4985/802/1219
f 4983/805/1219 4986/804/1219 4984/801/1219
f 4987/810/1220 4988/808/1220 4989/807/1220
f 4987/810/1220 4990/811/1220 4988/808/1220
f 4991/1289/1221 4992/804/1221 4993/801/1221
f 4991/1289/1221 4994/1290/1221 4992/804/1221
f 4995/804/1222 4996/1289/1222 4997/801/1222
f 4995/804/1222 4998/1290/1222 4996/1289/1222
f 4999/808/1223 5000/803/1223 5001/809/1223
f 4999/808/1223 5002/802/1223 5000/803/1223
f 5003/809/1224 5004/806/1224 5005/803/1224
f 5003/809/1224 5006/812/1224 5004/806/1224
f 5007/802/1225 5008/809/1225 5009/803/1225
f 5007/802/1225 5010/808/1225 5008/809/1225
f 5011/803/1226 5012/812/1226 5013/809/1226
f 5011/803/1226 5014/806/1226 5012/812/1226
f 5015/805/1227 5016/812/1227 5017/811/1227
f 5015/805/1227 5018/806/1227 5016/812/1227
f 5019/808/1228 5020/805/1228 5021/811/1228
f 5019/808/1228 5022/802/1228 5020/805/1228
f 5023/811/1229 5024/806/1229 5025/805/1229
f 5023/811/1229 5026/812/1229 5024/806/1229
f 5027/802/1230 5028/811/1230 5029/805/1230
f 5027/802/1230 5030/808/1230 5028/811/1230
# 2636 triangles in group

# 3294 triangles total

